track_id,song_id,artist_id,artist_name,song_title,release,release_year,duration,artist_familiarity,artist_hotttnesss,genre,top_tags,n_words,nnz_words,l2_norm,is_test,dot,centered_dot,convariance,correlation,cosine,song_comparison
TRLDRZN128F4288F63,SOBLSVV12A8C13E4F8,ARLUAK21187B9B785A,Ziggy Marley And The Melody Makers,We Propose,Conscious Party,0,274.46812,0.750479817142,0.538491127504,reggae,reggae; marijuana; Reg-i-die,297,97,58.180753,0,183.0,1599.53625,1.9994203125,0.7556136174359628,0.7615225934998479,All The Things You Are
TROCPYO128F92F9ADC,SOVVPIM12AF72A33E8,AR6097P1187B998E3E,Modern Life Is War,Destination: Death or Better Days,My Love My Way,2006,148.29669,0.647506672332,0.480729481961,metal,metalcore; addicting; fury music,204,112,28.301943,0,94.0,757.6562499999995,0.9470703124999994,0.7460117137577735,0.7553223196459475,All The Things You Are
TRYTJTL128F92D1345,SOWNBCM12A8C141160,ARWDDHA1187FB3A745,EDGUY,Superheroes,Fucking With Fire - Live,2005,242.54649,0.722369986631,0.526279066458,metal,Power metal; metal; heavy metal; edguy; melodic metal,191,75,39.268308,0,130.0,1039.3100000000013,1.2991375000000016,0.728089012943391,0.7351586215416517,All The Things You Are
TRQXHBL128F42A56FE,SOEUTXD12A58A80CFF,ARS23GQ1187FB4F71A,Ledisi,Best Friend,Lost And Found,2007,280.55465,0.746619436962,0.535121107496,r&b/soul,soul; Neo-Soul; Neo Soul; ledisi; chillout,443,120,79.246451,0,644.0,195.8300000000009,0.24478750000000113,0.06843334314985564,0.7943434662685717,Vultures
TRLTTDC128E079380E,SOCTYHG12A679D7E2B,ARE0WH81187B9A7BA3,Rufus Wainwright,Baby,Rufus Wainwright,1998,313.12934,0.754130066262,0.64041969134,folk,singer-songwriter; afternoon; cloudy; beauty; rufus,245,84,43.255058,0,369.0,60.20624999999992,0.0752578124999999,0.03844785583284048,0.7617154133645951,Vultures
TRKTFAD12903CB80A0,SORPORK12AB0189A61,ARHG1ZS1187B98C026,Matt Wertz,5:19,Everything In Between,2006,187.61098,0.726971578772,0.51588963414,folk,Matt Wertz; acoustic; singer-songwriter; indie; easy listening,212,73,36.769553,0,227.0,102.00250000000013,0.12750312500000016,0.07661824691310849,0.7590551094865758,Vultures
TREUANG12903CF5E8E,SOSJTRL12AB0184AE6,ARNQ7691187B9AD25F,Crotchduster,Let Me Into Starfish Land,Big Fat Box Of Shit,2004,201.1424,0.503697124459,0.442230055384,metal,Progressive metal; funny; hardcore; electronic; alternative,237,118,32.031235,0,252.0,82.41999999999999,0.10302499999999998,0.07132932078250138,0.6858887362562146,Out Of My Mind
TRMQQZA128F42790CA,SORPULK12AF72A56F2,ARWENA51187B9A6A3E,Charlotte Church,Carrickfergus,Enchantment,2001,267.80689,0.626299518718,0.460656140686,classical,Charlotte Church; classical crossover; Ballad; female vocalist; irish,140,51,26.41969,0,124.0,32.42999999999996,0.04053749999999995,0.03370716409183854,0.6554202436037174,Out Of My Mind
TRMFSTL128F427B6C1,SOIXQXH12A8C135FC8,ARMOHN71187FB3959F,Atreyu,This Flesh A Tomb (Instrumental Version),The Curse [Instrumental],0,241.13587,0.821844255124,0.592439485528,metal,metalcore; metal; rock; punk; hardcore,242,101,33.361655,0,246.0,100.62375000000011,0.12577968750000015,0.08410687311425874,0.6449489675776975,Out Of My Mind
TRECZIB12903CB8033,SOPSLKZ12AB0188C5E,ARGQP7Y11C8A415940,Asaf Avidan & the Mojos,Over You Blues,The Reckoning,2008,177.13587,0.591320524633,0.511316096322,blues,blues; Israel; Blueeees,45,29,8.831761,0,59.0,5.022499999999985,0.006278124999999981,0.01564632535090593,0.7128946015046504,Hump Bounce
TRRUGNQ128F426346D,SOIKLAA12A8C132525,ARIVNY21187B98C78A,Great White,Mista Bone,Latest & Greatest,1989,307.69587,0.624358736151,0.422997172184,rock,hard rock; hair metal; rock; metal; heavy metal,244,83,38.013156,0,127.0,92.34875000000011,0.11543593750000014,0.06710711451855308,0.5935868758095516,Hump Bounce
TRPEOZC128F4291E51,SOBSFRI12A8C139FEF,ART70HI1187B9A37BC,Elmore James,Sunnyland,Shake Your Moneymaker: The Best of the Fire Sessions,1960,139.54567,0.619366855459,0.43482343141,blues,blues; slide guitar; thegoodstuff; Guitar Karlsruhe; Blues-Rockclub,144,66,20.808652,0,149.0,15.0512500000001,0.018814062500000128,0.020175187239618367,0.5649175908349747,Hump Bounce
TRFIUTM128F426343C,SOZHDGH12A8C131C60,ART09111187FB5BF48,Ty Herndon,Pray For Me,Steam,1999,203.91138,0.654644974646,0.450775217814,country,Favorite; country favorite,581,236,64.443774,0,464.0,345.1987499999993,0.4314984374999991,0.15073643174014423,0.6762498411742022,Intro - The Sermon
TRDIXOH128F42ACFCE,SOHLMHN12A8C13BAC3,AR065TW1187FB4C3A5,Tricky,Aftermath,True Chillout (3CD set),1994,301.5571,0.801385061105,0.52648310313,electronic,trip-hop; chillout; electronic; trip hop; downtempo,287,91,42.355637,0,195.0,273.51999999999936,0.3418999999999992,0.17975571581009192,0.6756758338408273,Intro - The Sermon
TRNJMKH128F426749E,SORVBEQ12A8C133D6B,ARJ8MZP1187B9AF422,Beverley Craven,Promise Me,Beverly Craven,1990,219.34975,0.582181762656,0.371316711892,pop,female vocalists; pop; 90s; Love; Ballad,260,76,50.950957,0,399.0,134.88249999999945,0.16860312499999933,0.07306012256772647,0.6733178829923441,Intro - The Sermon
TRMHNHU128F14B108A,SOCJMAD12A6D4FD11B,ARSF0K11187B9AF319,James Taylor,Steamroller (LP Version),Sweet Baby James,0,317.962,0.826513628554,0.628228387313,blues,blues; folk rock,134,60,21.023796,0,137.0,61.957500000000245,0.0774468750000003,0.08144238460687407,0.9933630215849821,Call On Me
TRSCACN12903CBA2C9,SOENGRJ12AB018DBE0,AR10R6Q1187B999F3D,Midnite,Bushman,Unpolished,0,368.79628,0.589939239486,0.477576368441,reggae,reggae; roots reggae; roots; 2giveme5; soulful,488,149,82.28001,0,357.0,172.83999999999972,0.21604999999999966,0.05778711889172122,0.7685745898674464,Call On Me
TRHSDRF128F9309C33,SOHXFKE12A58A7F761,ARDLRLV1187B99ABE4,Mc Chris,hoodie ninja,mc chris is dead,2008,179.51302,0.738366505452,0.542901788316,hip hop,nerdcore; Tag; Teenage angst; ninja; hip hop,481,160,76.065761,0,330.0,334.2025,0.417753125,0.12101346135151485,0.7646494765257995,Call On Me
TRCHZXW128E079288A,SOMEJDK12D0219BB71,ARTH9041187FB43E1F,Eminem,8 Mile,8 Mile,2002,359.3922,0.886183647684,0.852677055416,hip hop,rap; Hip-Hop; Eminem; Soundtrack; hip hop,1141,328,132.992481,0,768.0,507.52375000000114,0.6344046875000015,0.10709045199029754,0.7692650512154464,Oceans and Streams
TRVUTUU12903CD46E5,SOEEAKI12AB018F292,ART70HI1187B9A37BC,Elmore James,Dust My Blues,Memphis Blues,1960,163.47383,0.619366855459,0.43482343141,blues,blues; blues rock; guitar; Classic Blues; Slide Blues,151,54,28.757608,0,158.0,9.10625000000001,0.011382812500000013,0.008731887264939956,0.7521971340418321,Oceans and Streams
TRJXWSW12903CC98F4,SOMHOXK12AB018CB0D,ARXS6PG1187FB4195A,Plan B,Stay Too Long,The Defamation of Strickland Banks,0,224.78322,0.717883781235,0.522825501948,r&b/soul,RB; british; soul; hip hop; Hip-Hop,472,178,61.310684,0,285.0,324.1537500000004,0.4051921875000005,0.14761135216696708,0.7458103248831531,Oceans and Streams
TREKKYO12903CB0F4A,SOQFKAW12AB01870FE,ARRU9GR1187FB43F56,Blind Willie McTell,Rollin' Mama Blues,Experience Blues,1932,183.48363,0.591428551964,0.385344913733,blues,blues; mississippi; Classic Blues; rude blues; dirty old blues,196,76,30.199338,0,367.0,45.782499999999864,0.05722812499999983,0.04202599258926384,0.7113398878137864,10 A.M. Automatic
TRZBPGN128F92EDF7E,SOCWRGP12AF72A124D,ARWA2J51187FB36F21,HELLYEAH,Nausea,HELLYEAH,2007,299.7024,0.749765218206,0.474081186948,metal,Southern metal; groove metal; metal; Nu Metal; heavy metal,390,116,58.429445,0,632.0,300.0925000000011,0.3751156250000014,0.14260496452259444,0.7046365602687347,10 A.M. Automatic
TRUESUP12903CE04D7,SORFPAI12AB018A951,AR392MV1187FB3C3FE,Connie Francis,Lipstick On Your Collar,Lipstick On Your Collar,1986,138.34404,0.61669819236,0.456080519824,pop,oldies; 50s; female vocalists; pop; 1959,159,77,24.677925,0,220.0,69.35875000000004,0.08669843750000006,0.07752412317131444,0.6995243079185106,10 A.M. Automatic
TRKLJAG128F42B31CF,SOTGRDJ12A8C13FE2A,ARB8DSE1187FB3CFC4,Mario Vazquez,Everytime I...,Mario Vazquez,2006,241.71057,0.723005147335,0.395148687525,r&b/soul,mario vazquez; Everytime I; soul; rnb; r&b,511,114,125.658267,0,731.0,212.68750000000057,0.26585937500000073,0.046399764746819804,0.7653395006317478,Aeroplane Blues
TRMMAIV128F92E7F55,SOBBPMK12AB01837C1,ARHR5BC1187B9AC348,Eagles Of Death Metal,Already Died,Peace Love Death Metal,2004,180.21832,0.761986351169,0.497197396052,rock,rock; Stoner Rock; Garage Rock; alternative rock; Eagles of Death Metal,166,82,27.45906,0,172.0,143.45250000000001,0.179315625,0.1444977474726964,0.7605467654502839,Aeroplane Blues
TRVVBPB128F4250C72,SOJCRPR12A8C135F02,AR940HF1187B99CB72,Classified,Freezin In The Cold,Hitch Hikin' Music,2006,272.06485,0.625813213015,0.461771925906,hip hop,Canadian; hiphop; rap; toronto; Hip-Hop,684,229,88.4138,0,492.0,386.40874999999943,0.4830109374999993,0.12190791513064848,0.7597860159947206,Aeroplane Blues
TRNGIXM128F148D3E6,SODMEDH12A6D4F8B1E,ARK9IDJ1187FB4365F,Jesse Johnson,I Want My Girl,Ultimate Collection: Jesse Johnson,1984,290.0371,0.531554135646,0.352168588026,r&b/soul,soul; funk; 1985; Smooth Soul; rock,298,83,51.38093,0,280.0,42.630000000000024,0.05328750000000003,0.022943294523570693,0.7358411173733655,All Hands Against His Own
TRPVEXL128F42732C5,SOPZZAV12A58A7A3A5,ARBMB4I1187B98B108,OTT,Be My Girl,This One's For You,0,249.49506,0.607746456419,0.382749521001,electronic,electronica; Electronica/Dance; Harding and Curnow,214,61,50.83306,0,231.0,181.27750000000017,0.22659687500000023,0.09794502580080429,0.6751375721634584,All Hands Against His Own
TRALZXZ128F92E26EF,SOXZUMI12A58A77D7F,AR76DOS1187FB5AE78,The Jeff Healey Band,My Little Girl,LIVE AT MONTREUX,1988,223.92118,0.716854351769,0.414236247722,blues,blues rock; blues; rock; littlegirl; JeffHealey,218,73,37.403208,0,223.0,143.09624999999994,0.17887031249999993,0.10608450027866177,0.6748369848356612,All Hands Against His Own
TRVXRVC128F4291344,SOPDVCP12A8C13B085,AR93D4D1187FB3ACAD,J.J. Cale,No Time,Travel-Log,1989,192.86159,0.675771369617,0.435468898816,blues,blues; hopuke42; Bluetune; neu bei mir; pivudo45,182,68,40.112342,0,110.0,172.90874999999946,0.21613593749999932,0.11835678172187797,0.6326975462709615,Black Door
TRFTBQP128F424F264,SOQORYF12A8C1363E8,ARI3P8A1187B9B4AE3,Dangerous Toys,Hard Luck Champions,Pissed,1994,218.3571,0.607524149447,0.444158180232,metal,80s hair metal,202,99,23.086793,0,74.0,123.68874999999998,0.1546109375,0.14920741893638856,0.5141425195171222,Black Door
TRVPQXR128F9333711,SOKZHWY12AB017E7A5,ARKZPHN1187B9B76CF,Yerba Buena,No No No,Island Life,2005,263.47057,0.600155042562,0.369612437467,latin,latin; cuba; emusic,271,99,63.237647,0,177.0,293.37124999999935,0.36671406249999916,0.12718137805378055,0.509479817807788,Black Door
TRABPNQ12903CF544B,SODEDUK12AC468DFD8,ARLN9GU1187B9A1E5C,Vonda Shepard,Sweet Inspiration,The Best of Ally McBeal: The Songs of Vonda Shepard,1999,191.58159,0.620052043687,0.422832680955,pop,pop; Ally McBeal; upbeat; happy; r&b,193,74,29.017236,0,194.0,66.6175000000001,0.08327187500000013,0.0635581210337279,0.9053302639551851,Busted
TRPZVBC128F14884AC,SOCURQT12A58A7D391,AR5OH2Z1187B9A46A9,Iggy Pop,Sixteen,Lust For Life,1977,145.34485,0.789018488522,0.573554543514,punk,punk; classic rock; rock; 70s; proto-punk,133,65,22.494444,0,174.0,26.012500000000014,0.03251562500000002,0.031926571549131165,0.5832006489029997,Busted
TRXFGLZ128F425ECAB,SOIPUDT12A6D4F6997,AR7UYEE1187FB3E336,Gerry Rafferty,The Royal Mile,Baker Street,1980,230.53016,0.627732026867,0.416077813489,folk,folk; rock; Love; singer-songwriter; sunny,254,89,36.207734,0,186.0,157.04124999999996,0.19630156249999994,0.12032953686808665,0.5326639912187662,Busted
TRTZDKK128F1476562,SOPLKHJ12A6D4F8B5C,AR0N9UT1187FB3CB18,Elin Sigvardsson,If I,Elin Ruth,2003,252.31628,0.51414380014,0.370573100809,reggae,chill; Nytt; svenskafavoriter; derniere cigarette; Elin Ruth Sigvardsson,187,78,34.568772,0,212.0,80.0187500000002,0.10002343750000024,0.06386121042696218,0.6576678877476084,Give Your Heart Away
TRLLKPH128F145F675,SOOGTWE12A6D4F8130,AR0CANF1187B9AF35F,Dilated Peoples,Annihilation,The Platform,2000,238.47138,0.804838888827,0.457841156094,hip hop,rap; hip hop; hiphop; turntablism; underground,488,203,50.7937,0,307.0,354.83999999999963,0.44354999999999956,0.19593932246318851,0.597080280930728,Give Your Heart Away
TRCIWUC128F42BC230,SOKXUOR12CF5F87195,ARN7POH1187B9B301E,Jessica Simpson,If You Were Mine,A Public Affair,2006,197.43302,0.776885721907,0.58608620676,pop,pop; dance-pop; loves it; avril lavigne; Jessica Simpson,318,86,53.953684,0,399.0,118.77875000000029,0.14847343750000036,0.06099995281626912,0.5910849698824664,Give Your Heart Away
TRIECCR128F4270669,SONOTYJ12A8C13A530,ARQ4EZO1187FB4AD83,Audio Bullys,Gimme That Punk,Gimme That Punk,2008,365.87057,0.69631779553,0.490512754311,electronic,electro; beat; House; yay and hooray and yippee and huzzah; where are my headphones,410,51,124.903963,0,912.0,202.08624999999995,0.2526078124999999,0.04413414855498199,0.5309578843197855,Grown So Ugly
TRDWWFQ12903CDB482,SOMCNLL12AB018C122,AR6EVY61187B9AEEF7,Spiral Architect,Fountainhead,A Sceptic's Universe,1999,390.60853,0.580494905526,0.348472606914,metal,Progressive metal; Technical Metal; jazz metal; technical progressive metal; metal,140,93,15.394804,0,87.0,158.08374999999992,0.1976046874999999,0.2864318600920181,0.5135711352714942,Grown So Ugly
TRFSNFG128F148666F,SOSKMWR12A6D4F7A44,AR040JZ1187FB399A9,Sparks,Bon Voyage,Propaganda,1974,293.35465,0.65051584315,0.454671388657,electronic,new wave; electronic; glam rock; under-rated; Sparks Best,269,82,34.68429,0,192.0,278.60125000000045,0.34825156250000056,0.2218226440602329,0.4788677245980417,Grown So Ugly
TRGRDKC128F92E6EED,SOSEACQ12AAF3B45B7,AR83WCV1187FB3717C,Nuclear Assault,Sin,Alive Again,1986,216.99873,0.61072511752,0.39438474764,metal,thrash metal; thrash; metal; crossover; hardcore,254,109,43.920383,0,414.0,121.56874999999967,0.1519609374999996,0.07631447679991929,0.5431775477044608,Hard Row
TRNRKIF128F4256882,SODRENV12AF72A2396,ARANOZN1187B9B373E,Descendents,Van,All,1987,207.64689,0.727230315463,0.476559378978,punk,punk; 80s american punk; teenage favourites; Reminds me of my Friend Jessi; this guys more punk than me,141,77,22.315914,0,50.0,76.48499999999954,0.09560624999999943,0.09459531158216711,0.4531023129980086,Hard Row
TRVQVOK128F423C8B6,SOFZNJD12A8AE477DE,ARFJZRY1187FB3C85E,Bette Midler,Friends/Oh My My (LIve),Live At Last,0,255.26812,0.685244285268,0.52881351314,folk,funny; feelgood; Bette1; good movin music; annymix,505,132,82.2253,0,454.0,206.75875000000065,0.2584484375000008,0.06961767819021315,0.44673344334268283,Hard Row
TRXZSPJ128F148AF0F,SOWIWBJ12A6D4F89E2,ARPEUYM1187FB4A97A,Slim Harpo,Wonderin' And Worryin',The Excello Singles Anthology,1993,129.67138,0.551565175468,0.371302546517,blues,blues; Boston Legal; Blues Harmonica Greats; Blues-Jazz singers,111,56,18.303005,0,179.0,10.918749999999998,0.013648437499999997,0.016445254045011275,0.7416220599612905,I Got Mine
TROSAQJ128F92D308C,SOVNMOR12A8C142419,ARMPCW71187B9B85C1,Charlie Wilson,What You Do To Me,Uncle Charlie,2008,205.322,0.697759493501,0.63251296416,r&b/soul,smooth groove; rnb; rhythm and blues; sage; slowjamz,436,105,82.352899,0,818.0,163.08249999999975,0.2038531249999997,0.05468693609343544,0.7416138106741521,I Got Mine
TRPZAPZ128F9341D3E,SOUFNEL12D021B2AEB,ARLMXEA1187B9A7D04,R. Kelly,Don't You Say No,TP-2.com,2000,246.93506,0.811506286892,0.796033968652,r&b/soul,rnb; Love; chillout; quiet storm; english lyrics,535,130,115.99569,0,995.0,215.00124999999989,0.2687515624999999,0.050976910681990936,0.7351800746803205,I Got Mine
TRGTQRM128F9330911,SOBDZQV12AB017FCA6,ARYDYH11187B9B3818,Day Of Fire,Love,Cut And Move,2006,169.45587,0.656177672133,0.479438121363,rock,christian rock; rock; metal; post-grunge; male vocals,359,126,52.962251,0,555.0,301.5262500000007,0.3769078125000009,0.15826377831833388,0.6613145658338502,If You See Me
TRSTJFQ128F428DA21,SOKVESS12A81C20D36,ARG8DXO1187B9AF743,Less Than Jake,I Think I Love You,Goodbye Blue And White,1997,124.682,0.843322339035,0.554564301721,reggae,ska; punk; covers; ska punk; cover,340,106,66.075714,0,549.0,190.23499999999984,0.2377937499999998,0.07937495040132146,0.6511462857393593,If You See Me
TRVFPAQ12903CBB680,SONDASY12A8C13EB6D,ARMCIEC1187FB3E98A,Rachael Yamagata,Even So,Happenstance (Deluxe Version),2004,258.24608,0.760287145156,0.520462950926,folk,female vocalists; piano; singer-songwriter; indie; Rachael Yamagata,242,83,41.073106,0,423.0,260.73375,0.3259171875,0.17571433474150694,0.6456903326541662,If You See Me
TRLTTDC128E079380E,SOCTYHG12A679D7E2B,ARE0WH81187B9A7BA3,Rufus Wainwright,Baby,Rufus Wainwright,1998,313.12934,0.754130066262,0.64041969134,folk,singer-songwriter; afternoon; cloudy; beauty; rufus,245,84,43.255058,0,369.0,60.20624999999992,0.0752578124999999,0.03844785583284048,0.76890844239407,Lies
TRNGIXM128F148D3E6,SODMEDH12A6D4F8B1E,ARK9IDJ1187FB4365F,Jesse Johnson,I Want My Girl,Ultimate Collection: Jesse Johnson,1984,290.0371,0.531554135646,0.352168588026,r&b/soul,soul; funk; 1985; Smooth Soul; rock,298,83,51.38093,0,280.0,42.630000000000024,0.05328750000000003,0.022943294523570693,0.751374362588316,Lies
TRGXGMH128F92F5B48,SOIOCHH12AF72A4E08,AROQSCE1187B99F0FC,John Denver,El Paso,The Harbor Lights Concert,2002,352.15628,0.792063891824,0.527654565966,rock,classic rock; country; folk; singer-songwriter; oldies,457,196,49.799598,0,243.0,212.25750000000028,0.2653218750000004,0.11956598613965862,0.7333579455293774,Lies
TRQPIBI128F92D5164,SOWOUAI12AAA8C6710,AROISRS11F43A69F49,BB King,Be Careful With A Fool,Everyday I Have The Blues,0,171.07546,0.641126734432,0.467666633846,blues,blues,160,67,23.021729,0,206.0,39.92499999999986,0.049906249999999826,0.0482880861461676,0.8077447218325867,Next Girl
TRDRHRG128F428BBDB,SOLXQHT12A8C13BE14,ARN9Q881187FB3D951,The Dells,I Miss You,Standing Ovation - The Very Best Of The Dells,1997,261.45914,0.591696068822,0.387333145782,r&b/soul,soul; rnb; smooth; Old School soul; oldie,293,107,59.059292,0,517.0,71.15749999999971,0.08894687499999965,0.033186793543869775,0.7033612164475346,Next Girl
TRRDSTH12903CF37F7,SOBXMXV12AC468A74F,ARL99WU1187B98FB1F,Skip James,Devil Got My Woman,Devil Got My Woman,1931,314.43546,0.623698243161,0.421795209615,blues,blues; delta blues; Classic Blues; acoustic; country blues,236,83,36.783148,0,343.0,38.09624999999993,0.04762031249999991,0.02873822689535476,0.6778183400638436,Next Girl
TRGLNKG128F9307689,SOFVLYU12AB017F502,ARTH9041187FB43E1F,Eminem,My Darling,Relapse [Deluxe],2009,320.49587,0.871010615313,0.879236744738,hip hop,rap; detroit; Hip-Hop; Horrorcore; MOONH8SUN,1055,293,140.089257,0,1342.0,526.13875,0.6576734375,0.10487690141652044,0.673588773683963,No Fun
TREIANS128F147AD97,SOLJYMK12A6D4F73B0,ARO7DTP1187B9A1D2B,The Puppini Sisters,I Will Survive,Betcha Bottom Dollar,2006,241.00526,0.687549908847,0.627258614097,jazz,cover; jazz; female vocalists; swing; covers,466,139,69.065187,0,521.0,184.61000000000033,0.2307625000000004,0.07432536280782005,0.6491926107961369,No Fun
TRBUMXW128F14770C1,SOZSKCD12A6D4F71E1,ARNC9BD1187B9B7C73,Visage,Whispers,Ultravox!/ Visage/ Soft Cell,1988,337.89342,0.441420921398,0.394761197806,electronic,80s; new wave; electronic; new romantic; pop,160,68,29.342802,0,231.0,73.79875000000003,0.09224843750000003,0.0695212093831457,0.6406500788024163,No Fun
TRFEVDF128F4214874,SOPCKMV12A6D4FBA7B,ARIK43K1187B9AE54C,Lionel Richie,She's Amazing,Just For You,2004,274.80771,0.776675855685,0.553071991462,r&b/soul,80s; soul; pop; motown,228,73,43.954522,0,55.0,59.365000000000094,0.07420625000000011,0.03708337229625776,0.49707836489738805,Stack Shot Billy
TRQYKGQ128F42325EE,SOGWMYZ12A8AE4813D,ARMDWND1187B9AEBE2,Black Uhuru,Puff She Puff,Live 84,1981,325.3024,0.706817022285,0.462733261249,reggae,reggae; roots reggae; rootsreggae; 2giveme5; folk of the 20th century,195,78,31.432467,0,82.0,44.760000000000105,0.05595000000000013,0.039130531806912776,0.4672247187783522,Stack Shot Billy
TREEGKN128F1461867,SOMDSNN12A6D4F6422,ARC5E541187FB52F8F,DAN SEALS,Addicted,Certified Hits,1988,254.48444,0.584243108109,0.369997654071,country,country; dan seals; Anns; neglect; in relationship,464,155,59.497899,0,186.0,112.80749999999985,0.1410093749999998,0.05296975401192401,0.4671649123986135,Stack Shot Billy
TRGEMSN128E07944A8,SOKCEXR12A6701C3EB,ARAZCWP129462A97F1,Bob Marley & The Wailers,Reggae On Broadway,Man To Man,0,193.09669,0.780264380801,0.570106511951,reggae,reggae; the mother of the lion; sebreggae,302,52,67.052218,0,294.0,141.18999999999951,0.17648749999999938,0.05769264822534646,0.5875158903243791,Ten Cent Pistol
TRFNJUV128F92F0BF0,SOOQGXK12AB0182A40,ART9KTA1187B9A3956,Sneaker Pimps,Spin Spin Sugar,Spin Spin Sugar,1996,260.91057,0.715241071138,0.476514449388,electronic,trip-hop; electronic; electronica; chillout; trip hop,143,33,24.899799,0,193.0,44.154999999999994,0.05519374999999999,0.048568083896995344,0.5382555247660394,Ten Cent Pistol
TRDXKLE128F148CBBD,SOXEDEO12A6D4F89CE,ARSQDUN1187B98D7D7,EPMD,Hold Me Down,Out Of Business,1999,214.9873,0.698291623658,0.453850265331,hip hop,Hip-Hop; True Hip Hop; rap; hip hop; Hip Flip hop Flop,636,229,80.230917,0,664.0,321.83625000000006,0.40229531250000006,0.11159533286495825,0.5287539415464907,Ten Cent Pistol
TRBJXUN128F4299CB0,SOMVJKD12AF72A20FD,ARTV14V1187FB3A61D,Chris Murray,The Penny Song,Raw,0,239.82975,0.596123507012,0.396376637689,reggae,ska; acoustic; traditional ska,348,158,39.54744,0,386.0,220.3224999999997,0.27540312499999964,0.15640152431522908,0.6265542922401043,The Flame
TRBYCNR128F145ABBE,SOHUMCJ12A6D4F7551,ARUNKLR1187B9B5DFC,Steve Winwood,And I Go,Talking Back To The Night,1982,253.3873,0.65502029591,0.563212914307,blues,77davez-all-tracks; blues rock; 1986; 1982; steve winwood,219,62,36.482873,0,277.0,88.8762499999998,0.11109531249999975,0.06740970604849454,0.5975437954391525,The Flame
TRBDCAH128EF362D31,SOSTXYN12A6D4F67D4,AR82DJK1187B991107,The Pharcyde,Passin' Me By,Bizarre Ride II,1993,303.46404,0.756063870843,0.491468881637,hip hop,hip hop; 90s; rap; classic; songs about the opposite sex,697,235,90.465463,0,644.0,258.33750000000026,0.3229218750000003,0.07965492277250799,0.5660162202370245,The Flame
TRGGKLB128F147C6E8,SOWLBBQ12A6D4F7DFC,ARW2AMZ1187FB381AC,Wilson Pickett,Everybody Needs Somebody To Love (LP Version),The Wicked Pickett,1967,139.85914,0.752718702256,0.526894287038,r&b/soul,soul; 60s; rhythm and blues; oldies; funk,234,62,51.273775,0,473.0,-4.596250000000065,-0.005745312500000082,-0.002459485553944692,0.9295102644644128,These Days
TRIOKOC128F4267572,SOIOLFS12D021989DD,ARTQ8QP1187FB3D220,Leonard Cohen,Chelsea Hotel #2,SO LONG_ MARIANNE,1974,183.87546,0.795232168499,0.591099659388,folk,folk; singer-songwriter; leonard cohen; melancholy; rock,257,106,42.296572,0,405.0,204.67875000000018,0.25584843750000025,0.13372674126113449,0.8431146149360579,These Days
TRANDPI128F425AF41,SOAAZWW12A8AE460E9,AR7OWGF1187FB44CB8,Alice Smith,Dream,For Lovers_ Dreamers & Me,2006,268.64281,0.667993539338,0.450285841217,r&b/soul,female vocalists; Neo Soul; soul; rnb; The L Word,255,107,37.762415,0,423.0,145.13499999999985,0.18141874999999982,0.10697826539401381,0.8374485748483089,These Days
TRUWTMI128F92E3892,SOEGFVI12A8C14221A,ARFNJLY1187FB3E735,Binary Star,Indy 500,Masters Of The Universe,1999,279.17016,0.633365676221,0.427067011815,hip hop,Hip-Hop; hip hop; underground rap; underground hip-hop; rap,977,225,105.891454,0,804.0,1158.7737499999998,1.4484671874999997,0.3067996441397256,0.7099666569054516,When The Lights Go Out
TRJGDRR128F92E08BC,SONRNMQ12AB0182224,ARM6QJL1187B9A83CF,The Cool Kids,Bassment Party,Mikey Rocks,2008,204.79955,0.790012432196,0.562765827702,hip hop,Hip-Hop; party; rap; fresh; hip hop,581,187,70.114193,0,592.0,541.6549999999994,0.6770687499999992,0.21662471440052097,0.6976282764385452,When The Lights Go Out
TRXWSOU128F42662B0,SOHYFRP12AF72A5859,ARS6YPA1187FB4D0DB,Above The Law,Flow On (Move Me No Mountain),Livin' Like Hustlers,1990,240.56118,0.60066026208,0.410275303548,hip hop,Mega booty bass; hip hop; West Coast Rap; 90s rap; kick ass hip2 the hop,646,247,58.463664,0,415.0,939.9300000000002,1.1749125000000002,0.45902537305908536,0.6967960531425821,When The Lights Go Out
TRWBWCV12903CF1327,SOIAYSB12AC9072AEF,ARROV6A1187B9913A7,Wild Strawberries,Heroine,Heroine,1997,248.08444,0.514366889352,0.356605502946,folk,Pop Folk; Mellow; Canadian; pop; party,169,89,28.861739,0,165.0,40.633749999999935,0.05079218749999992,0.03883503772468873,0.7982736725133042,Have Love Will Travel
TRLVIKC12903CF81B9,SOAWGBD12AB0185288,AR05G2V1187FB38994,Burden Of A Day,My Forfeit,oneonethousand,2009,238.62812,0.710024794306,0.530784255339,metal,hardcore; metalcore; screamo; post-hardcore; emocore,288,87,59.186147,0,329.0,211.11875000000003,0.2638984375,0.09805370917085154,0.7688858949939097,Have Love Will Travel
TRYATVG128F4271AA7,SOFKGVI12A8C135E52,ARMSL551187FB3F4B0,K's Choice,Everything For Free,Cocoon Crash,1998,225.95873,0.640757317218,0.451219236891,rock,rock; alternative rock; 90s; alternative; female vocalists,547,75,98.402236,0,572.0,605.1662499999993,0.7564578124999991,0.1700341457466686,0.7630246997036653,Have Love Will Travel
TRVSRTE12903CF3775,SOYXDQE12AB017DA6E,ARZXNFV1187B9BA2CD,Buddy Guy,Mary Had a Little Lamb,Vanguard Visionaries,1968,153.75628,0.66869553768,0.532848999475,blues,blues; Classic Blues; Fuck yes; summer 2009; music karlsruhe,72,49,9.0,0,32.0,31.42375000000008,0.0392796875000001,0.09675420250381654,0.8539864924534398,C.C. Rider
TRPLKOO12903CBA7CB,SOETVCH12AB0185859,AROHF331187FB52FD9,Lloyd Price,Stagger Lee,Rock 'n' Roll And Pop Hits_ The 50s_ Vol. 49,1958,140.06812,0.579393612652,0.419108149906,r&b/soul,oldies; 50s; soul; rhythm and blues; hits of 1959,175,91,20.024984,0,67.0,22.88625,0.0286078125,0.03178788141742476,0.5252197778149017,C.C. Rider
TRLOEBR128E078EE50,SOZNAKZ12A6701E9A9,ARA3I0J1187FB57869,Blink-182,Ben Wah Balls,Cheshire Cat,1994,235.72853,0.851351443053,0.582346373958,punk,punk rock; pop punk; punk; Blink 182; rock,252,132,25.534291,0,108.0,92.16750000000009,0.11520937500000011,0.10189946887690587,0.5175126059016825,C.C. Rider
TRLURQM128F1484267,SOIHBBD12A6D4F8EE9,ARPFHN61187FB575F6,Lupe Fiasco,Hurt Me Soul (Explicit Album Version),Lupe Fiasco's Food & Liquor,0,262.89587,0.902062926903,0.554633230574,hip hop,hip hop; soul; rap; Freakshit; looooooooooooooooooooooooove this song,508,229,57.043843,0,390.0,299.11499999999984,0.3738937499999998,0.1465367589859697,0.6664681902367555,I Got a Woman
TRZLNPM128F42B3BF5,SOMKTOZ12A8C13F7DC,ARZH3SW1187B98C96E,Onyx,Feel Me,Onyx/ Bacdafucup II,2002,332.5122,0.636582379001,0.421287262511,hip hop,Hip-Hop; hiphop; rap; hip hop; cool,601,246,57.532599,0,535.0,328.01750000000004,0.41002187500000004,0.16206600029290563,0.656911610446021,I Got a Woman
TRLSHDW128E078A58A,SOOOUXN12A6701F236,ARJ0D0S1187B9954C1,Jackie Greene,About Cell Block #9,Sweet Somewhere Bound,2005,224.73098,0.644165799408,0.386481258392,blues,blues; catchy; hardcore folksy; small town music; it is rural 1978 and i do not have to worry about postmodernism,232,121,30.561414,0,155.0,59.05750000000001,0.07382187500000001,0.05380858508177519,0.653763644614063,I Got a Woman
TRCKMDM128F148BEA7,SOQJHSO12AF72A219A,ARX14DU1187FB52D07,Musiq,Whereareyougoing,Soulstar,2003,268.38159,0.841570222562,0.454161113974,r&b/soul,Musiq; Neo-Soul; favorite song by artist; soul; rnb,255,112,37.56328,0,325.0,158.95374999999967,0.1986921874999996,0.11794132072541093,0.6488614834623432,The Sun's Gonna Shine Again
TRDZHMB128F14925BA,SONPQOX12A6D4FA834,ARNQFRF1187FB3AD23,Marissa Nadler,Famous Blue Raincoat,Song 3: Bird On The Water,2006,263.65342,0.671559240154,0.48092622004,folk,folk; female vocalists; cover; singer-songwriter; melancholic,283,139,37.175261,0,304.0,180.71749999999957,0.22589687499999947,0.13559126956251963,0.6466877468523436,The Sun's Gonna Shine Again
TRAQOZG128F4263EE2,SOQHTBN12A8C138B87,ARVZBE01187B9AC5D4,Level 42,To Be With You Again,Running In The Family / Staring At The Sun,1987,346.04363,0.649998791152,0.434426484425,pop,80s; Level 42; pop; funk; rock,376,116,65.046137,0,563.0,200.74624999999972,0.25093281249999966,0.08528097439060751,0.6383929125988127,The Sun's Gonna Shine Again
TRQHLXK128F92F263F,SOZQYVV12A8C1406A3,ARH8FT01187B9BA344,Nikka Costa,(Out Here) On My Own,I Grandi Successi: Solo numeri 1!,1998,212.40118,0.699042694343,0.454058688891,r&b/soul,slow; 80s; r&b; intimate; 1981,174,71,28.879058,0,202.0,164.1999999999995,0.20524999999999938,0.15766729496675672,0.6541502531360727,Losing Hand
TRDGXZG128F1474B32,SOBBQQA12A8A9D9558,AR14QNC1187FB4C7F7,Edwin Starr,Agent Double O Soul,Sparks Present Motown Made To Measure,2002,159.55546,0.628649552277,0.379240328387,r&b/soul,northern soul; motown; soul; pop; i feel good,175,92,25.0,0,185.0,36.2162500000001,0.045270312500000125,0.04022413563804829,0.6356187243864813,Losing Hand
TREKDZI128F146A972,SOLFMIZ12A6D4F8330,AR1WWVL1187B9B0306,UB40,Here I Am (Come And Take Me),The Very Best Of,1989,242.15465,0.757417813383,0.563941252024,reggae,reggae; 80s; UB40; pop; ska,271,94,43.451122,0,498.0,139.93749999999974,0.17492187499999967,0.08944693599409577,0.6341049452515192,Losing Hand
TRUEXJA12903CB418C,SOGARAR12AB0184E34,ARH95YN1187B9B2F0B,D.R.I.,You Say I'm Scum,Live,1989,143.56853,0.649485116849,0.447859099772,punk,title is a full sentence; punk; crossover; thrash metal; crossover thrash,120,63,20.396078,0,158.0,11.84750000000003,0.014809375000000038,0.01602855494677925,0.6905241252320868,Nobody But Me (Album Version)
TRYYRLU12903D082FF,SOKNZNC12AC4689423,ARBHBE91187B9A1F58,Jonny Lang,Breakin Me,Live at the Ryman,2009,474.64444,0.698969925264,0.486783024923,blues,blues; jonny lang; singer-songwriter; rock; guitar,229,111,32.526912,0,339.0,103.3324999999998,0.12916562499999976,0.08863786303046929,0.6697555143348303,Nobody But Me (Album Version)
TRWILVQ128F42644B3,SOTGRJA12B0B808EA9,ARBAN8S1187FB4D22F,Ben Folds Five,Don't Change Your Plans,The Unauthorized Biography Of Reinhold Messner,1999,310.56934,0.773821929578,0.48221177397,rock,piano; alternative; piano rock; Mellow; rock,289,121,44.418465,0,296.0,236.22874999999988,0.2952859374999999,0.1476435175169873,0.6677318010488136,Nobody But Me (Album Version)
TRAOTAR128E07846FE,SOWGPIX12AB017FD9B,ARROWYU1187B9AB4BB,Big Bad Voodoo Daddy,Big And Bad,This Beautiful Life,1999,255.84281,0.620995693213,0.521712405225,jazz,swing; jazz; Neo-swing; great; despicable me,248,102,49.608467,0,127.0,309.8437500000003,0.38730468750000036,0.17206766629481438,0.6676249820714272,A Sunday Kind of Love
TRGSGOW128EF3456D4,SOWPYQH12A67AD87ED,AR0DCAJ1187FB4D1A5,16 Horsepower,Coal Black Horses,16 Horsepower,1995,234.86649,0.613050119836,0.472708135833,country,americana; rock; Alt-country; gothic americana; apocalyptic,317,109,60.679486,0,163.0,139.37749999999983,0.17422187499999978,0.06332124725218659,0.6625862801352899,A Sunday Kind of Love
TRBRNTL128F9328C50,SOJRESH12A8C138246,ARAYCK21187B98EBFD,John Lee Hooker,House Rent Boogie,Blues Brother,1950,180.6624,0.777911299757,0.471373274121,blues,blues; Classic Blues; americana; blues guitar; john lee hooker,126,67,19.104973,0,92.0,41.08375,0.0513546875,0.059441745810565404,0.6357844547444345,A Sunday Kind of Love
TRHMLCK128F93085F2,SOQFPFX12AB017B8F9,ARCNYM11187FB3FEB1,Jeff Timmons,Can't You See,Whisper That Way,2004,238.602,0.577880792522,0.294843621803,pop,pop; rnb; male vocalists; american; english,307,72,66.468037,0,705.0,367.43249999999904,0.4592906249999988,0.15209145847836872,0.8840525921548211,I Just Want To Make Love To You
TRDJYOH128F429B2F8,SODPAOW12A8C13C53A,ARUEDYX1187B9942C1,Midtown,Knew It All Along (Acoustic),Punk Goes Acoustic,0,171.15383,0.683944143643,0.49234074338,folk,acoustic; Love it; good; loved; ruhig,226,71,38.807216,0,383.0,160.63999999999965,0.20079999999999956,0.11432594882595726,0.8442834894180115,I Just Want To Make Love To You
TRPBTSJ128F42A3168,SOCTMXF12A8C13BF5C,ARHLSMN1187B98D8D7,Harry Belafonte,Angelina,Harry Belafonte - I Miti Musica,1961,236.48608,0.667204447187,0.508376104749,latin,calypso; oldies; latin; names; jamaican,218,106,34.885527,0,353.0,100.29374999999978,0.12536718749999973,0.07958936001602886,0.8432608839413515,I Just Want To Make Love To You
TRXZNNF12903CA6F9B,SOWEIIN12AB018066C,ARO4WQR1187B9B9825,Kenny Rogers,Endless love,Les plus grands succès de la chansons américaine,1999,225.802,0.649874264468,0.6779575534,country,Mellow; country; singer-songwriter; beautiful; love songs,174,75,30.757113,0,294.0,61.19999999999983,0.07649999999999979,0.05504704017007248,0.7090147186016058,My Dearest Darling
TRJXBDJ128F4292591,SOKEMWN12A8C1391E4,ARRB3GQ1187FB52D14,Angie Stone,Snowflakes,Mahogany Soul,2001,229.77261,0.726636383856,0.473502744277,r&b/soul,soul; female vocalists; Neo-Soul; rnb; RB,353,136,50.229473,0,456.0,141.41624999999982,0.17677031249999978,0.07836194277362483,0.7016972764662263,My Dearest Darling
TRSAKRH128F4247F79,SOBHVJA12A8C134509,ARE9Y761187B98AEB6,Mint Condition,Breakin' My Heart (Pretty Brown Eyes),Live From The 9:30 Club,1991,371.77424,0.721990698991,0.408707110444,r&b/soul,rnb; slow jams; Mint Condition; 90s; soul,314,97,47.947888,0,409.0,177.4487500000002,0.22181093750000025,0.10267745544127545,0.6981418553632347,My Dearest Darling
TRGJPJL12903CE7211,SOPXGBR12AC9097E03,ARE2IB51187B98BD14,ERIC SARDINAS,Liar's Dice Blues,BLACK PEARLS,2003,388.67546,0.606788624177,0.395534372849,blues,blues; blues rock; rock; guitar; Awesome Guitar Jams,209,103,27.64055,0,310.0,107.30999999999963,0.13413749999999955,0.10809746225217957,0.6717070017351983,W.O.M.A.N.
TRAHBBS128F92CFBDC,SORFEJS12A8C140392,AR4RBOB1187B9AC209,Anastacia,I Can Feel You,I Can Feel You,0,210.20689,0.583808862216,0.323553746888,pop,pop; dance; anastacia; soul; rnb,327,73,70.441465,0,784.0,102.70750000000014,0.12838437500000016,0.04012480477623064,0.6538016614335082,W.O.M.A.N.
TRRFMYC128EF348C72,SOFPUCR12A6D4F7F34,AR4GAFY1187B9B639D,B.B. King,You Done Lost Your Good Thing Now,The Blues Anthology,1965,315.53261,0.708735400038,0.542289933434,blues,blues; over 5 minutes long; Ballad; blues rock; classic,268,67,52.019227,0,715.0,37.93750000000002,0.04742187500000003,0.020124356620942373,0.6525713468230736,W.O.M.A.N.
TRNQCSM128F930C97C,SOSGNDE12AB017CE92,ARD0E2Q1187B9B4BD6,Dominici,So Help Me God,O3 A Trilogy - Part 3,2008,263.6273,0.579243861744,0.344297196131,electronic,Progressive; ambient; Progressive rock; Progressive metal; Dream Theater,175,71,31.22499,0,263.0,70.90875000000015,0.08863593750000019,0.0627517825202656,0.7037336621543556,Alberta
TRQJUIV128F1482500,SOZURSF12A6D4F91EF,ARJLAQ91187FB3F841,Holly Brook,Cellar Door (Album Version),Like Blood Like Honey,2006,328.25424,0.677376047035,0.448422643046,folk,Like Blood Like Honey; acoustic; female vocalist; indie pop; good,227,87,31.112698,0,284.0,99.47500000000022,0.12434375000000028,0.08882038200934066,0.7011556457751495,Alberta
TRFGRSH128F42965DE,SODNMAH12A8C13C287,ARVP1TO1187B9A4A7A,Luther Vandross,Here And Now,Live Radio City Music Hall 2003,1989,460.95628,0.744096792889,0.522665045269,r&b/soul,love songs; soul; luther vandross; rnb; Here and Now,291,78,55.081757,0,393.0,189.15749999999963,0.23644687499999953,0.09477540421742685,0.6793469358901126,Alberta
TRYCTMU128F4283E91,SOHGWZE12A8C13802A,AROISRS11F43A69F49,B.B. King,How Blue Can You Get,How Blue Can You Get,1964,263.65342,0.641126734432,0.467666633846,blues,blues; jazz; bb king; guitar; male vocalists,165,60,28.653098,0,206.0,268.2162499999995,0.3352703124999994,0.2586052648654285,0.8627612946604267,Before You Accuse Me (Take A Look At Yourself)
TRKLAOB12903C9A1CD,SOGTQWN12AB018837A,ARWQUD91187B9ACF59,Kevin Devine,Fever Moon,Brother's Blood,2009,202.39628,0.742073878888,0.447432326819,folk,singer-songwriter; lalalala loOoOoooOove; rock; folk; acoustic,205,115,29.427878,0,256.0,161.83750000000052,0.20229687500000065,0.15276661942189437,0.7290743798779153,Before You Accuse Me (Take A Look At Yourself)
TRNHSZN128F930FF03,SOQOIDA12AF72A1430,ARMV0L61187B9B4964,Clawfinger,Revenge,A Whole Lot Of Nothing,2001,242.75546,0.661176989938,0.46190246429,metal,metal; rap; industrial; crossover; industrial metal,522,171,87.441409,0,799.0,300.7424999999995,0.3759281249999994,0.0951429419717602,0.7204351017062862,Before You Accuse Me (Take A Look At Yourself)
TRJOXWB128F92D8498,SONWYUI12A6D4FCF99,ARAAXVE1187FB46ACF,The Inchtabokatables,Underdrive,Ultimate Live,1992,466.59873,0.509536569683,0.382089523801,rock,indie; folk rock,290,72,54.571055,0,476.0,169.52000000000038,0.21190000000000048,0.08565866754995297,0.7709534868392306,Early In The Morning
TRCTLQY128F92F1539,SOTGISK12D02193153,ARVK1GC1187FB58452,Next,I Still Love You,Platinum & Gold Collection,0,254.77179,0.692429970086,0.543021553721,r&b/soul,rnb; next; soul; pop; r&b,501,102,102.878569,0,830.0,394.60000000000036,0.49325000000000047,0.10574953393380689,0.7602366939755062,Early In The Morning
TRVVIWJ128F42697BA,SOGVLHO12A8AE48809,AR2XI6G1187B9AE7DA,Fat Joe,Preacher On A Sunday Morning,The Elephant In The Room,2008,208.66567,0.822908534132,0.572027853681,hip hop,fat joe; Hip-Hop; new york; gangsta; freeway - til the sun comes up,544,208,68.956508,0,688.0,154.39624999999998,0.1929953125,0.06255088958520676,0.7601495107737908,Early In The Morning
TRVVBPB128F4250C72,SOJCRPR12A8C135F02,AR940HF1187B99CB72,Classified,Freezin In The Cold,Hitch Hikin' Music,2006,272.06485,0.625813213015,0.461771925906,hip hop,Canadian; hiphop; rap; toronto; Hip-Hop,684,229,88.4138,0,492.0,386.40874999999943,0.4830109374999993,0.12190791513064848,0.7179334716554024,Floating Bridge
TRSWQYN128F92FAAB6,SOADPEC12AB017FF9B,ARGJ8UQ1187B996656,Ashley MacIsaac,I Don't Need This,Ashley MacIsaac,0,235.78077,0.548540754959,0.36203501712,electronic,Canadian; celtic; celtic new age; techno bagpipes; canuck folk rock,294,117,44.022721,0,283.0,207.41000000000003,0.2592625,0.13073689053832688,0.7154337638479383,Floating Bridge
TRQBHPO128F9307C8E,SORQGMA12AB0180763,ARH9HS41187FB5BC6F,New Found Glory,I'll Never Love Again,Not Without A Fight,2009,158.30159,0.891853779689,0.548228209192,punk,punk rock; Easycore,242,74,49.284886,0,312.0,121.56874999999955,0.15196093749999945,0.06781277946741254,0.7133289933509328,Floating Bridge
TRAZFOA128F146FDD1,SOEDYAU12A6D4F98A1,ARIWQ3Q1187FB3F6D6,Christy Moore,Mcilhatton,Ride On,1984,181.86404,0.612170300908,0.431038763521,folk,irish; celtic; bobby sands; singer-songwriter; alcohol,342,106,39.140772,0,225.0,270.60750000000064,0.3382593750000008,0.19204788242072213,0.6976574577026488,Kind Hearted Woman Blues (Album Version)
TRNTOIK128F42586F1,SOBUYOW12A58A7B4FF,ARKIQCZ1187B9A7C7C,Bauhaus,The Sanity Assassin,Crackle,0,253.59628,0.743706886863,0.479770144592,punk,post-punk; Gothic; goth; new wave; Gothic Rock,189,88,28.407745,0,116.0,20.523750000000028,0.025654687500000037,0.019904267029436536,0.6741775411849092,Kind Hearted Woman Blues (Album Version)
TRLCWTH128F92C7F82,SOYTFRL12A8C143157,ARJT1PO1187FB52E7D,Marques Houston,Cancel (Album Version),Marques Houston,0,238.8371,0.740455341569,0.492729093193,r&b/soul,rnb; slowjamz; Hip-Hop; nikki; soulpower,525,112,118.680243,0,979.0,70.63875000000023,0.08829843750000028,0.016368617189192622,0.6694403680230462,Kind Hearted Woman Blues (Album Version)
TRXWCZL128F933D91C,SOYEISR12AB0186FBF,ARHLYXD11F50C4B49E,Bruisers,Gates Of Hell,The Singles Collection,0,272.45669,0.457533300221,0.415353710595,punk,punk rock; Favorite; Pump-Up,238,103,31.44837,0,220.0,179.51374999999936,0.2243921874999992,0.15934429464977787,0.5958299273737983,That's All (Album Version)
TRKVZXR128F429035D,SOAUECZ12A8C13A883,ARI49UF1187B9B7438,Jay-Jay Johanson,I fantasize of you,Whiskey,1996,303.80363,0.645896263529,0.387365505099,electronic,trip-hop; love songs; electronic; chill out; Love,207,80,32.664966,0,284.0,103.12875000000011,0.12891093750000013,0.08739840512755248,0.5878182709370733,That's All (Album Version)
TRWUNDW128F147093F,SOFZLVC12A6D4F9068,ARNHMFD1187FB3B3F6,LL Cool J,I Can't Live Without My Radio,Radio,1985,331.88526,0.749217793049,0.544321914839,hip hop,Hip-Hop; rap; 80s; LL Cool J; hip hop,745,248,81.82909,0,487.0,195.20500000000024,0.2440062500000003,0.06659853527568231,0.5789022639098224,That's All (Album Version)
TRDYJKF12903CB38A4,SOFKMTX12A58A7A872,ARD5ZH01187FB3C0E5,Fats Domino,Please Don't Leave Me,Rock And Rollin' With Fats Domino,1956,170.39628,0.745575312839,0.491707370037,blues,rhythm and blues; oldies; 50s; Fats Domino; rockabilly,332,90,66.400301,0,480.0,98.0537500000002,0.12256718750000026,0.040725505029500196,0.5962494034141191,America (Revised Live Version)
TRTXZGM128F428B62B,SOFGKDT12A8C1399DD,ARAEX7Y1187FB42D36,Toni Braxton,Love Affair,Toni Braxton,1993,268.45995,0.7379725284,0.555968803752,r&b/soul,rnb; female vocalists; Smooth Jazz; soul; Mellow,266,100,40.274061,0,319.0,231.19000000000023,0.2889875000000003,0.1594404826317246,0.559392613993186,America (Revised Live Version)
TRTFNGC128F9343C22,SOLQWGF12AB017D317,ARXDS951187FB4016B,Frenzal Rhomb,I Love Fucking Up,Shut Your Mouth,2001,172.14649,0.614940035593,0.447245808939,punk,Punk-Rock; czad; title is a full sentence; frenzel rhonb,290,115,50.803543,0,398.0,58.84375000000036,0.07355468750000045,0.031889843110148516,0.543019995658884,America (Revised Live Version)
TRYRXYO128F92D1AC2,SOKJKPG12A8C144326,AR9YQN31187FB45B34,James Darren,I've Got You Under My Skin,This One's From The Heart,1999,193.67138,0.489280178632,0.343605382626,jazz,jazz; lounge; swing; James Darren,231,72,37.709415,0,267.0,161.75000000000057,0.2021875000000007,0.11874706430403191,0.7252271805075495,Broken Vow (Album Version)
TRKERVB128F145B6DB,SOYZPYW12A6D4F80AC,ARU1SKK1187B9B086A,Mel & Kim,System,F L M,1987,249.15546,0.573072747515,0.44086985138,pop,80s; pop; dance; SAW; female vocalist,282,66,47.665501,0,391.0,172.13500000000002,0.21516875000000002,0.09963724198858608,0.69832932572006,Broken Vow (Album Version)
TRXGXDF128F92E26FC,SOUJYOE12AB0186B79,AR76DOS1187FB5AE78,The Jeff Healey Band,I Can't Get My Hands On You,LIVE AT MONTREUX,1990,261.17179,0.716854351769,0.414236247722,blues,guitar; blues rock; classic rock; blues; bluesrock,283,111,40.099875,0,264.0,190.8824999999995,0.2386031249999994,0.1325995552761924,0.6616364189738697,Broken Vow (Album Version)
TRYRKQX128F42437BE,SOEOPAA12A6D4FB4E2,AR06M3F1187FB38BED,Mississippi Fred McDowell,Write Me A Few Lines,You Got To Move,1964,217.70404,0.603268921561,0.385305378334,blues,blues; delta blues; slide guitar; Slide; dirty old blues,149,70,20.396078,0,106.0,15.06750000000004,0.01883437500000005,0.020492733673707658,0.6434700723020346,Gira Con Me Questa Notte (Album Version)
TRJHWTF128F146E955,SOBVAUO12A6D4F75A7,AR5JPWN1187FB5B6DE,Amel Larrieux,Trouble (Album Version),Morning,2006,167.36608,0.687996785976,0.385201079073,r&b/soul,Neo-Soul; funky jazz; cool breeze; amel; brain2brain,165,104,18.920888,0,135.0,96.70499999999957,0.12088124999999947,0.14287152995949196,0.6212962840330389,Gira Con Me Questa Notte (Album Version)
TRNNTYK128F421EE39,SOFULAU12A6D4FCE05,ARRU9GR1187FB43F56,Blind Willie McTell,Searching The Dessrt For The Blues,Blind Willie McTell -Statesboro Blues - The Early Years 1927-1935,0,187.68934,0.59142365907,0.385344913733,blues,blues; piedmont blues; Old Blues; slgdmblues; good ole homely country folk playing banjo yodeling,294,130,33.808283,0,216.0,37.64625000000004,0.047057812500000046,0.031343560880833725,0.5811043477507518,Gira Con Me Questa Notte (Album Version)
TRVZCMZ128F92F15D2,SOPULLR12AAF3B2654,ARQT9SA1187B9AD3C7,Steely Dan,I Can't Function,Stone Piano,1987,240.5873,0.659552079428,0.505062403561,rock,classic rock; Miscellaneous; mr dad; tantotempotaste,271,108,42.497059,0,384.0,82.66249999999994,0.10332812499999992,0.05388962479231113,0.695612493857501,Hymne A L'Amour (Album Version)
TRYMSOG128F423850C,SONGIBA12A8AE47D2F,ARN03F71187FB4E3F4,Ayo,Down On My Knees,Joyful,2006,243.01669,0.52259018455,0.390641235878,r&b/soul,soul; female vocalists; Ayo; blues; reggae,335,60,71.965269,0,558.0,40.471249999999955,0.05058906249999994,0.015469490115093472,0.6754657750771562,Hymne A L'Amour (Album Version)
TRCVKCJ128F42837AC,SOIGOFP12A8C138F31,AROFZYA1187B9AC863,Lemar,Another Day,Another Day,2003,361.79546,0.644606789212,0.428514820477,r&b/soul,rnb; rhythm and blues; soul; Beautiful and Sad; Another day,211,101,29.966648,0,223.0,69.53000000000003,0.08691250000000003,0.06463565985297345,0.66945429855567,Hymne A L'Amour (Album Version)
TRWNUXN128F93095BF,SOJDRPK12AB017ECB9,ARBNR0E1187B98C879,Angela Bofill,I Try,Angel Of The Night,1979,337.99791,0.55245075521,0.369153861832,r&b/soul,quiet storm; soul; Mellow; classic soul; slow jams,214,68,42.696604,0,405.0,163.4587500000004,0.2043234375000005,0.10551815680471449,0.7598797357523845,It Came Upon A Midnight Clear (Album Version)
TRNHSZN128F930FF03,SOQOIDA12AF72A1430,ARMV0L61187B9B4964,Clawfinger,Revenge,A Whole Lot Of Nothing,2001,242.75546,0.661176989938,0.46190246429,metal,metal; rap; industrial; crossover; industrial metal,522,171,87.441409,0,799.0,300.7424999999995,0.3759281249999994,0.0951429419717602,0.7501197513615036,It Came Upon A Midnight Clear (Album Version)
TRFYGMB128F425A7A2,SOXDIRH12A8AE45FD5,ARBAW9R1187B98FB6B,Natasha Bedingfield,Stumble,Unwritten,2005,216.37179,0.900967633961,0.769674279295,pop,pop; Natasha Bedingfield; female vocalists; british pop; sweet,333,113,53.037722,0,580.0,163.19625000000033,0.20399531250000041,0.08524679752027038,0.7478288216991144,It Came Upon A Midnight Clear (Album Version)
TRGSGOW128EF3456D4,SOWPYQH12A67AD87ED,AR0DCAJ1187FB4D1A5,16 Horsepower,Coal Black Horses,16 Horsepower,1995,234.86649,0.613050119836,0.472708135833,country,americana; rock; Alt-country; gothic americana; apocalyptic,317,109,60.679486,0,163.0,139.37749999999983,0.17422187499999978,0.06332124725218659,0.7444276085286337,Let Me Fall (From Cirque du Soleil) (Album Version)
TRBDWRY128F427991E,SOQXGVE12CF5F86D20,ART3O5Z1187B9AB043,Stevie Ray Vaughan And Double Trouble,Tin Pan Alley (aka Roughest Place In Town),The Essential Stevie Ray Vaughan And Double Trouble,2005,551.91465,0.783037109548,0.544257505725,blues,blues; blues rock; guitar; stevie ray vaughan; Guitar Gods,180,82,24.698178,0,58.0,82.34250000000004,0.10292812500000005,0.09237520885257423,0.6357844547444345,Let Me Fall (From Cirque du Soleil) (Album Version)
TRPDLQI128F9335992,SOIMGOV12AB018685E,ARBEU5F1187B99C3FE,Cory Branan,Miss Ferguson,The Hell You Say,2002,241.29261,0.585525634169,0.378035961629,country,alt country; Southern Rock; singer songwriter; Favourites; feel good,447,165,49.869831,0,251.0,153.54874999999998,0.1919359375,0.08641355210729049,0.6098061605886385,Let Me Fall (From Cirque du Soleil) (Album Version)
TRZPEAR12903D03F39,SOWJIQB12A58A7CEE9,ARFB30B1187FB42AB9,Blues Traveler,Can'T Win True Love,!Bastardos!,2005,296.75057,0.782882968096,0.47363161033,rock,rock; classic rock; blues; blues rock,350,96,59.472683,0,428.0,238.6362500000005,0.29829531250000063,0.11112907263398679,0.6627387630924997,Mi Mancherai (Il Postino) (Revised Live Version)
TRGOMIJ128F4263AD6,SOVLGBC12A8C130EF9,ARW3LUX1187FB5C4C0,The Jacksons,The Hurt,Victory,1984,326.922,0.685072024415,0.521849850096,pop,80s; 80's; eighties; pop; 1980s,325,90,60.621778,0,535.0,93.52624999999978,0.11690781249999972,0.04266035097685349,0.6332321587144346,Mi Mancherai (Il Postino) (Revised Live Version)
TRBDKOV128F4290943,SOEYFZV12A8C13C4A7,ARO5T1P1187B9AC680,Lou Reed,Sally Can't Dance,Live - In Concert,1974,211.66975,0.810696983072,0.481975849154,rock,rock; classic rock; singer-songwriter; 70s; Lou Reed,384,108,69.130312,0,122.0,50.30625000000005,0.06288281250000007,0.020017460546791953,0.6202483116960024,Mi Mancherai (Il Postino) (Revised Live Version)
TRRTULP128F428A64A,SOULMMG12AF729FE48,AR061BH1187B98DF74,Guttermouth,1-2-3 Slam,Live At The House Of Blues,1996,306.36363,0.758734292382,0.47748545981,punk,punk; punk rock,256,121,31.256999,0,149.0,81.34875000000007,0.10168593750000009,0.072446487767957,0.7652119887605684,My Confession (Album Version)
TREBQOW128F92C4549,SOLIKYJ12A8C13F7DA,AR54RGR1187FB51D10,Common,Book Of Life,thisisme then: the best of common,1994,306.85995,0.865128983978,0.53481975015,hip hop,Hip-Hop; hip hop; hiphop; rap; Jazz Hop,569,226,78.663842,0,373.0,293.21500000000054,0.36651875000000067,0.10351864197737916,0.7630548318945799,My Confession (Album Version)
TRGNBRZ128F9300AF5,SOQQCPC12A8C140EF3,ART70HI1187B9A37BC,Elmore James,Dust My Broom,Very Best Of The Blues,1965,169.9522,0.619366855459,0.43482343141,blues,blues; Chicago Blues; Classic Blues; guitar; electric blues,224,68,39.673669,0,130.0,20.057499999999987,0.025071874999999983,0.013940540278468798,0.7608156571148816,My Confession (Album Version)
TRSRTOS128E0789C0C,SOLVQUL12A6701F8F6,AR3FYKL1187FB44945,Dierks Bentley,Gonna Get There Someday,Modern Day Drifter,2005,254.92853,0.873078297056,0.565078806242,country,country; american country; country music; dierks bentley; contemporary country,184,96,32.046841,0,161.0,65.07374999999992,0.0813421874999999,0.05620296186739227,0.7586407884937623,Oceano (Revised Live Version)
TRWCPJN128E079372C,SOEGBPA12AB01890FA,AR58JT11187B9AF4CC,Carpenters,I Need To Be In Love,A Kind Of Hush,1976,226.7424,0.641963523486,0.541055264726,pop,70s; female vocalists; carpenters; pop; easy listening,219,95,36.235342,0,219.0,150.87624999999977,0.18859531249999972,0.11524441614860745,0.7472158329404546,Oceano (Revised Live Version)
TRCHZXW128E079288A,SOMEJDK12D0219BB71,ARTH9041187FB43E1F,Eminem,8 Mile,8 Mile,2002,359.3922,0.886183647684,0.852677055416,hip hop,rap; Hip-Hop; Eminem; Soundtrack; hip hop,1141,328,132.992481,0,768.0,507.52375000000114,0.6344046875000015,0.10709045199029754,0.7410588949249458,Oceano (Revised Live Version)
TRILLIR128F429E5D7,SOGGIPC12A8C142CD5,AR6F6I21187FB5A3AA,Aesop Rock,Battery,Labor Days,2001,307.04281,0.83453858559,0.477310881067,hip hop,Hip-Hop; underground hip-hop; rap; hip hop; Definitive Jux,617,294,50.547008,0,283.0,326.31874999999974,0.40789843749999966,0.1830486933886519,0.6764228261533322,Remember When It Rained (Album Version)
TRQXNHC12903CD80BA,SOFKHCP12A8AE460AF,ARV4GYZ1187B9B8171,Violent Femmes,Add It Up,Permanent Record: The Very Best Of The Violent Femmes,1983,284.3424,0.699072894926,0.522720094203,rock,alternative; 80s; rock; punk; indie,479,145,60.74537,0,454.0,201.80749999999975,0.2522593749999997,0.0927098941327491,0.6716722165799964,Remember When It Rained (Album Version)
TRBVVTW128F92FE7D9,SOFHUOF12AB0183A78,AR4K2P91187B9B2B35,Sam Cooke,I'll Come Running Back To You,Spotlight On Sam Cooke,1957,131.34322,0.731466294822,0.568430226383,r&b/soul,soul; rhythm and blues; 50s; 1957; sam cooke,194,69,33.615473,0,196.0,79.83749999999992,0.0997968749999999,0.06564153507227401,0.6609255918104706,Remember When It Rained (Album Version)
TRKGIOL12903CE2A72,SOJJMLG12AB018A903,ARGNQJ51187B99D650,Jeff Healey,I Think I Love You Too Much,Songs From The Road,2009,336.61342,0.676523150999,0.473983255237,blues,blues rock,183,66,36.359318,0,338.0,54.78249999999985,0.0684781249999998,0.041515913707802936,0.9897636854146827,Remember When It Rained (Revised Live Version)
TRDRHRG128F428BBDB,SOLXQHT12A8C13BE14,ARN9Q881187FB3D951,The Dells,I Miss You,Standing Ovation - The Very Best Of The Dells,1997,261.45914,0.591696068822,0.387333145782,r&b/soul,soul; rnb; smooth; Old School soul; oldie,293,107,59.059292,0,517.0,71.15749999999971,0.08894687499999965,0.033186793543869775,0.8520681256144074,Remember When It Rained (Revised Live Version)
TRNZPAS128F148D3EB,SODLMGE12A6D4F8B22,ARK9IDJ1187FB4365F,Jesse Johnson,Love Struck,Ultimate Collection: Jesse Johnson,1988,321.2273,0.531554135646,0.352168588026,r&b/soul,soul; funk; pop; rock; Jesse Johnson  Love Struck,321,108,55.865911,0,642.0,125.33874999999973,0.15667343749999968,0.06185872180744481,0.8295630111700992,Remember When It Rained (Revised Live Version)
TRFSJRW128F4292A99,SONQGWI12A8C1399B3,ARNJ9LU1187B9A56A6,Il Divo,Mama,Il Divo,2004,198.00771,0.769757193856,0.579216383633,classical,Il Divo; Classical; vocal; pop; mitsingen und traurig sein,215,75,39.025633,0,325.0,159.87624999999986,0.19984531249999982,0.11310732658032667,0.7445651698755429,Smile
TREPSVG128F93451E2,SOLQCYW12AB0189CAD,ARF2SVO1187FB53E8F,Alison Krauss / Union Station,Looking In The Eyes Of Love,So Long So Wrong,1997,256.36526,0.665145483773,0.425326121849,country,Love; country; folk; country ballads female; female vocalists,184,88,31.717503,0,223.0,156.83750000000043,0.19604687500000054,0.1369454718081154,0.7365882538063301,Smile
TRCTLQY128F92F1539,SOTGISK12D02193153,ARVK1GC1187FB58452,Next,I Still Love You,Platinum & Gold Collection,0,254.77179,0.692429970086,0.543021553721,r&b/soul,rnb; next; soul; pop; r&b,501,102,102.878569,0,830.0,394.60000000000036,0.49325000000000047,0.10574953393380689,0.7348716849701125,Smile
TRKAIVZ128E07944DB,SOTTXJY12A6D4F9253,ARJ56D11187B9B3846,Parliament,Mr. Wiggles,Gold,1990,403.59138,0.692100159641,0.4264089551,r&b/soul,p-funk; funk; funky; soul; 70s,907,192,94.87887,0,388.0,723.3274999999991,0.9041593749999989,0.21351026955974473,0.6519162848218865,Solo Por Ti (Album Version)
TRTJEDT128F4221E2D,SOYAMBJ12A81C207B3,ARPBTRI1187FB52457,The Game,Rookie Card,West Coast Resurrection,0,144.8224,0.927985931015,0.599859524967,hip hop,West Coast Rap,333,158,36.193922,0,172.0,213.02499999999966,0.2662812499999996,0.1638770327530896,0.6422955865500212,Solo Por Ti (Album Version)
TRILLIR128F429E5D7,SOGGIPC12A8C142CD5,AR6F6I21187FB5A3AA,Aesop Rock,Battery,Labor Days,2001,307.04281,0.83453858559,0.477310881067,hip hop,Hip-Hop; underground hip-hop; rap; hip hop; Definitive Jux,617,294,50.547008,0,283.0,326.31874999999974,0.40789843749999966,0.1830486933886519,0.62661588708465,Solo Por Ti (Album Version)
TRKRDEY128F4274424,SOEWYGD12A8C133E4C,ARQCFI11187FB5AE43,George Jones,She Told Me So,THE GRAND TOUR/ALONE AGAIN,0,176.3522,0.730265183221,0.463673869444,country,country; george jones,151,71,22.847319,0,142.0,71.76000000000019,0.08970000000000024,0.0871352636600948,0.6814344043031224,Un Giorno Per Noi (Album Version)
TRBYQEL128F427E807,SOEFSBB12A8C1370CB,ARL99WU1187B98FB1F,Skip James,Cherry Ball Blues,Skip James Live Vol. 2  Bloomington 1968 Part 1,1964,247.2224,0.623698243161,0.421795209615,blues,blues; delta blues; guitar; cool; Guitar Gods,214,71,30.967725,0,283.0,25.018749999999912,0.03127343749999989,0.02236957460266986,0.6532178298906163,Un Giorno Per Noi (Album Version)
TRAPEZB128F92FEFBC,SONYVCT12AB0185210,ARNAOUF1187B9B2047,Gentleman,Empress,Journey To Jah,2002,245.9424,0.523868732145,0.464951064947,reggae,reggae; chillout; roots reggae; just LOVE; dancehall,372,123,45.694639,0,338.0,150.32249999999993,0.18790312499999992,0.09160115120097181,0.6490422759295584,Un Giorno Per Noi (Album Version)
TRVJCDB128F4263466,SONBWLV12A58A7C4D2,ARW3KW81187B9A8DB1,Kandi,I Wanna Know,Hey Kandi...,2000,219.19302,0.679296307984,0.54174343868,r&b/soul,rnb; pop; female vocalists; new; iight,591,118,137.499091,0,986.0,287.7549999999998,0.35969374999999976,0.057516747980997304,0.8441646524652541,Vincent (Starry_ Starry Night) (Album Version)
TRUQRFW128F145877E,SOAXGWN12A6D4F3FB5,AR3GYSX1187B98D2FF,Julia Fordham,Genius,Porcelain,1989,378.61832,0.565473032369,0.381956931027,electronic,DJMFmylovedmusic; pop; KuRt; the word genius; drjazzmrfunkmusic,214,65,50.705029,0,254.0,164.07374999999988,0.20509218749999986,0.08860947861454585,0.7291485984915439,Vincent (Starry_ Starry Night) (Album Version)
TRGXDVA128F9350A48,SOOBNGE12AB017F9B7,ARROZQH1187FB4D828,Psapp,I Want That,I Want That (Findo Gask's Donk'n Horns Mix),2008,305.44934,0.693539584893,0.427505139035,electronic,electronic; experimental; Driving; indietronica; electronica,359,84,98.473347,0,611.0,237.16374999999937,0.2964546874999992,0.06593087853953847,0.6922102848214412,Vincent (Starry_ Starry Night) (Album Version)
TRBDCAH128EF362D31,SOSTXYN12A6D4F67D4,AR82DJK1187B991107,The Pharcyde,Passin' Me By,Bizarre Ride II,1993,303.46404,0.756063870843,0.491468881637,hip hop,hip hop; 90s; rap; classic; songs about the opposite sex,697,235,90.465463,0,644.0,258.33750000000026,0.3229218750000003,0.07965492277250799,0.7363886974049579,When You Say You Love Me (Album Version)
TRDHGVS128F933D658,SOWWRQQ12AB0181B1D,AR4WX0Z1187B99FBB5,Buck-O-Nine,She's Fat,Songs In The Key Of Bree,1994,128.9922,0.619571948882,0.372781562731,reggae,ska,108,62,17.117243,0,116.0,38.5562499999998,0.04819531249999975,0.06246583637409401,0.699891623607608,When You Say You Love Me (Album Version)
TRLRKHZ128F425A881,SOLMLIY12A8AE46A28,AR6BJ1V1187B9AE3B7,Fleetwood Mac,I Held My Baby Last Night,Mr. Wonderful,1969,268.90404,0.747903749594,0.600454434857,blues,blues; Fleetwood Mac; christine mcvie; rock; Classic British Hard Rock,133,53,20.92845,0,192.0,84.17749999999998,0.10522187499999998,0.11177380803045889,0.6958733155330561,When You Say You Love Me (Album Version)
TRYDBSV128F426321D,SONZAAV12A81C2133E,AREJXK41187B9A4ACC,Raphaël,Chanson Pour Patrick Dewaere,Caravane,2005,227.05587,0.556869773299,0.386151631413,hip hop,french; raphael; nouvelle scene francaise,199,89,26.324893,0,20.0,-19.751249999999985,-0.02468906249999998,-0.020624705279211678,0.7990993349585369,You Raise Me Up (Album Version)
TRAUEBF128F14A3105,SOMAJYI12A6D4FB0C7,ARZ78VU1187FB4C54E,Zazie,Au Diable Nos Adieux,Ze Live,1996,296.6722,0.654630340987,0.479326151172,electronic,Zazie; french; electronic; francais; chanson francaise,219,73,28.513155,0,30.0,-30.00374999999999,-0.03750468749999999,-0.02897602129218443,0.7974671436822576,You Raise Me Up (Album Version)
TRTDFIX128F1469B50,SOMXOXE12A6D4F4C06,ARXTC531187FB4A7E0,Oxmo Puccino,Peur Noire,Opera Puccino,1998,177.68444,0.535839972437,0.43055098903,hip hop,french hip-hop; french; indie; rap; Hip-Hop,134,67,14.282857,0,0.0,-13.702499999999976,-0.01712812499999997,-0.0263610770807041,0.7547484292198939,You Raise Me Up (Album Version)
TRCJADX128F428D3E0,SOKPSGM12A8C1381DE,AR03BDP1187FB5B324,Britney Spears,Let Me Be,Britney,2001,171.10159,0.947327506635,0.631289507585,pop,pop; Britney Spears; female vocalists; dance; Let Me Be,460,81,89.420356,0,856.0,124.52249999999998,0.15565312499999998,0.03844847507636246,0.7586056874478501,Believe (Album Version)
TRRREHG128F9319163,SOLUZBT12AB017C505,AR7Y6JX1187FB4D9B3,Bad Brains,Don't Bother Me (Bad Brains),Generations 1: A Punk Look At Human Rights,0,161.25342,0.726298027446,0.555414575816,punk,punk; hardcore; reggae; punk rock; hardcore punk,166,62,33.985291,0,406.0,34.32624999999993,0.04290781249999991,0.027811003012207562,0.7556470180601956,Believe (Album Version)
TRMQQGH128F9301E4B,SONZTKX12A6D4FB006,ARIX1PC1187FB5608F,Mutya Buena,Not Your Baby,Real Girl,2007,208.53506,0.685487251348,0.423959313935,pop,pop; female vocalists; catchy; british babes; Energetic,402,104,61.171889,0,689.0,197.00500000000062,0.2462562500000008,0.08958000203823811,0.7474014215795778,Believe (Album Version)
TRLEYXQ128F934D7BF,SOHQMUU12A58A7C1E4,ARVTCS91187FB44DF6,Thievery Corporation,Vampires,Radio Retaliation Extras,2008,580.57098,0.778079975476,0.561861499693,electronic,trip-hop; lounge; chillout; electronic; political,266,67,45.912961,0,286.0,114.74999999999982,0.14343749999999977,0.06878371954829349,0.5087112160195739,Away In A Manger
TRNRFJU128F1468B8E,SOAOKRK12A6D4F7FC2,AR6BTUN1187FB3C5A1,Bahamadia,WordPlay,Kollage (Europe),1997,197.40689,0.578294411968,0.372842480422,hip hop,hip hop; Hip-Hop; female vocalists; clasSICKhiphop; 04-09,191,116,26.07681,0,106.0,49.485,0.06185625,0.05216525055060603,0.501658973505146,Away In A Manger
TRHDQZA12903CB0381,SOBCKUC12AB0188F8F,ARWLV931187B9B0F5A,Evergreen Terrace,Give 'Em the Sleeper,Sincerity Is an Easy Disguise In This Business,2005,90.27873,0.825192029267,0.529165902102,metal,hardcore; metalcore; punk; Evergreen Terrace,92,51,15.264338,0,107.0,108.33625000000005,0.13542031250000006,0.1963118242903664,0.5010462522670894,Away In A Manger
TRLVWXW128F4253365,SOIOJXG12A8C1354A3,AR94ZOI1187FB46BDA,Willie Dixon,I Just Want To Make Love To You,Ginger-Ale Afternoon,1989,262.84363,0.57953304364,0.4298344776,blues,blues; classic; Willie Dixon; solyaris; freedom,148,53,31.016125,0,248.0,5.705000000000007,0.007131250000000009,0.005052497605237612,0.8602212578815764,Cinema Paradiso (Se) (Album Version)
TRNZPAS128F148D3EB,SODLMGE12A6D4F8B22,ARK9IDJ1187FB4365F,Jesse Johnson,Love Struck,Ultimate Collection: Jesse Johnson,1988,321.2273,0.531554135646,0.352168588026,r&b/soul,soul; funk; pop; rock; Jesse Johnson  Love Struck,321,108,55.865911,0,642.0,125.33874999999973,0.15667343749999968,0.06185872180744481,0.8335277879280489,Cinema Paradiso (Se) (Album Version)
TRECXRG128F426AF2B,SODZKGV12A8C132451,ARRCBW21187B9B6183,Jon Secada,Want You_ Miss You_ Love You,Dance With Me Music From The Motion Picture,0,240.87465,0.656286161258,0.47604395532,latin,latin; easy listening; love songs; Soundtracks; male vocalists,156,59,35.48239,0,296.0,28.271249999999945,0.035339062499999935,0.021902681508854056,0.8014557433217919,Cinema Paradiso (Se) (Album Version)
TRRZSBO128F428BE44,SOGEKBX12A8C13ACE1,ARPDVPJ1187B9ADBE9,Usher,Nice & Slow,Live,1997,390.76526,0.856448923652,0.851233891127,r&b/soul,rnb; slow jams; 90s; hip hop; sexy,469,139,69.382995,0,791.0,284.30250000000046,0.3553781250000006,0.11409431314383146,0.7216761664108193,All Around Me
TRYDNTB128F9331278,SOCEMVQ12AB0181AD2,ARKVLYL1187B98DD50,Ginuwine,Only When ur Lonely,Ginuwine... The Bachelor,1996,349.75302,0.78626800889,0.496705942843,r&b/soul,rnb; soft lips; 90s; chillin; raga love songs,362,114,57.463032,0,694.0,136.20249999999996,0.17025312499999995,0.06593049483250452,0.6729131612436773,All Around Me
TRGTQCP128F932573A,SOXGDGO12D021B3D6B,ARWS1TU1187B9B2560,Hilary Duff,Play With Fire,Best Of Hilary Duff,2007,181.52444,0.803470043929,0.554576050061,pop,pop; hilary duff; dance; female vocalists; pop rock,404,134,63.06346,0,862.0,139.71375000000032,0.1746421875000004,0.06151752168601437,0.6727664976953927,All Around Me
TRIGERV128F1478764,SOCTCEF12A6D4F729F,ARRRWAI1187FB4070F,Con Funk Shun,Electric Lady,Definitive Collection,1985,234.78812,0.576539832864,0.38937334741,r&b/soul,funk; oldskool; 80dance; durock music,371,172,46.978719,0,307.0,188.4712499999999,0.2355890624999999,0.11212744332545327,0.6509936183447159,Black Opera
TRIVUXU128F145A60B,SOHAGIL12A6D4F5ED8,ARNH6Q11187FB40FDD,Jeru The Damaja,Me Or The Papes,Wrath Of The Math,1996,265.58649,0.664574886059,0.429944149975,hip hop,hip hop; Hip-Hop; rap; Jeru The Damaja; underground hip hop,718,233,77.498387,0,511.0,513.5350000000009,0.6419187500000011,0.1861005201697042,0.621011964768073,Black Opera
TRAQDFB128F4234E3B,SONBUCS12A81C20848,ARUCT3K1187FB4DED6,Example,Birthday Card,What We Made,2007,282.01751,0.723802272506,0.471996520259,hip hop,Hip-Hop; Lieblings-HipHop-Dingas,722,269,67.889616,0,363.0,306.6162499999991,0.38327031249999893,0.12654762082263699,0.6204042716302701,Black Opera
TREZQPD128F427D575,SOFEXUQ12D02198AA1,ARJGQDS1187B99DDEA,Billie Holiday,Lady Sings The Blues,Billie Holiday,1956,226.42893,0.795691914662,0.583066462312,jazz,jazz; blues; female vocalists; soul; billie holiday,188,62,26.305893,0,158.0,49.310000000000095,0.061637500000000116,0.052323950873588,0.5710256945897004,Baal's Hymn
TRZOOGX128F42AD931,SOVRUMX12D021B3E00,ARFSZXM1187FB5A941,Roy Orbison,California Blue,The Essential Roy Orbison,1989,236.12036,0.777305258908,0.53108840351,rock,oldies; rockabilly; rock; classic rock; blue songs,172,70,26.532998,0,153.0,72.98000000000012,0.09122500000000015,0.0762112420434424,0.5617494136160687,Baal's Hymn
TRNDLHW128F424EF6B,SOCKYPE12A8C1343B2,ARC1IHZ1187FB4E920,Jamie Cullum,Where Is Your Heart At?,Meet The Robinsons Original Soundtrack (French Version),0,143.5424,0.769562925568,0.535389455224,jazz,jazz; piano; singer-songwriter; Soundtrack; Disney,358,80,63.142696,0,570.0,243.2737500000005,0.3040921875000006,0.1065920320116924,0.5495562279051814,Baal's Hymn
TROKYHH128F9316FAB,SOBBTLV12AB0184410,ARDSMT71187FB52D10,Avant,Y.O.U.,Avant,2008,244.37506,0.850584461589,0.573337429721,blues,rhythum and blues tag; avant-YOU; male vocalists; makes me want to fall in love,249,87,43.65776,0,492.0,42.55249999999978,0.05319062499999973,0.026943484475970614,0.691046493342513,Adagio
TRGFXCY128F42A6AD7,SOONWSO12A8C13EB72,ARDSMT71187FB52D10,Avant,Hooked,Private Room,2003,239.12444,0.850584461589,0.573337429721,r&b/soul,rnb; r and b; slow jams; slowjamz; avant,732,161,111.870461,0,1360.0,283.7387499999988,0.35467343749999847,0.07016271682824977,0.6722019854463174,Adagio
TRZVWKY128F42886B9,SOCGRPT12A58A7A2EF,ARRB3GQ1187FB52D14,Angie Stone,Mad Issues,Mahogany Soul,2001,289.2273,0.726636383856,0.473502744277,r&b/soul,soul; Neo Soul; rnb; Neo-Soul; RB,482,130,59.824744,0,502.0,279.4612500000005,0.34932656250000066,0.13033858331847759,0.662712259408266,Adagio
TRDSBLQ128E0781BA2,SOOAMKG12A6310E045,AR2114P1187FB4049A,Spearhead,Tha Payroll (Stay Strong),Chocolate Supa Highway,0,310.49098,0.567575130212,0.361022741285,r&b/soul,soul; Hip-Hop; funk; hiphop; rap,400,164,41.388404,0,233.0,126.0537500000001,0.15756718750000012,0.08594869580738364,0.5726781494284408,Adeste Fideles
TRECGEG128F42994F8,SOAIEEJ12A8C1420CF,AR2UWUD1187B9B3B01,Nina Simone,Blues Prelude,Nina Simone: The Tomato Collection,0,278.41261,0.661601101289,0.545536177337,jazz,jazz; blues; drjazzmrfunkmusic; singer-songwriter; piano,249,101,37.094474,0,368.0,154.55249999999975,0.1931906249999997,0.11592276551337331,0.4699642871314965,Adeste Fideles
TRODLDU128F9352E30,SONZULS12AB0185ECA,AR37K6O1187B9AD049,Savoy Brown,Tell Mama,Letter From Vietnam Vol. 5,1971,320.73098,0.605947229905,0.384290228082,blues,blues rock; classic rock; 70s; blues; guitar blues,234,68,32.202484,0,128.0,80.93125000000019,0.10116406250000023,0.06996339166863787,0.467230288071582,Adeste Fideles
TRGTQCP128F932573A,SOXGDGO12D021B3D6B,ARWS1TU1187B9B2560,Hilary Duff,Play With Fire,Best Of Hilary Duff,2007,181.52444,0.803470043929,0.554576050061,pop,pop; hilary duff; dance; female vocalists; pop rock,404,134,63.06346,0,862.0,139.71375000000032,0.1746421875000004,0.06151752168601437,0.6895143629748155,All By Myself (Solo Otra Vez)
TRMVGKO128E078552F,SOJKGFW12A58A80A76,ARVKB9G1187B990C70,Keith Sweat,Give Me What I Want (LP Version),Keep It Comin',1991,317.54404,0.740028701828,0.481818352667,r&b/soul,rnb; slow dance; lovin; brain2brain; leapsandbounds CDCollection,406,89,81.33265,0,947.0,96.51625000000038,0.12064531250000048,0.03272617633696839,0.6811735411956751,All By Myself (Solo Otra Vez)
TRSGZUT128F1475901,SOBJVGA12A6D4FA312,AR4MV1H1187B9B802B,Econoline Crush,Tomorrow Starts Today,Brand New History,2001,218.122,0.501528451957,0.451500948538,metal,new vawe; alternative metal; post-grunge; industrial metal; Post Grunge,96,66,13.674794,0,133.0,40.391249999999935,0.05048906249999992,0.08223547598321886,0.6802997648627934,All By Myself (Solo Otra Vez)
TRQSZXW128F426226E,SOVTRXJ12A58A79856,ARK8T3F1187B99FB52,Tiger Army,Incorporeal,II: Power Of Moonlite,2001,160.15628,0.746374641806,0.462186970175,punk,psychobilly; punk; rockabilly; favorites; albums I own,203,111,24.899799,0,180.0,101.25500000000014,0.12656875000000017,0.11370578254909146,0.6353537559197161,Amazing Grace
TRSWQYN128F92FAAB6,SOADPEC12AB017FF9B,ARGJ8UQ1187B996656,Ashley MacIsaac,I Don't Need This,Ashley MacIsaac,0,235.78077,0.548540754959,0.36203501712,electronic,Canadian; celtic; celtic new age; techno bagpipes; canuck folk rock,294,117,44.022721,0,283.0,207.41000000000003,0.2592625,0.13073689053832688,0.6158711538315258,Amazing Grace
TRQAOWZ128F93000A4,SOFMCEB12AB0181D85,ARRSW6F1187FB52CF2,Clint Black,Killin' Time,Ultimate Clint Black,1989,167.99302,0.71086657236,0.445339165385,country,country; clint black; classic country; drinking; 90s,204,92,32.295511,0,186.0,87.0737499999998,0.10884218749999976,0.07460428098534633,0.6127539487639315,Amazing Grace
TRBLXKO128F1481994,SOGHLPM12A6D4F8009,AR1O4NH1187B98F0C9,Papa Roach,Alive,The Paramour Sessions,2006,202.1873,0.834247516456,0.613473977536,rock,rock; metal; hard rock; alternative; alternative metal,318,77,65.946948,0,226.0,83.55875000000013,0.10444843750000016,0.03484138093421148,0.6631711448178665,Angelina
TRJBEQI12903CDDCCE,SODEDLL12AB018D01C,AR82GTS1187FB5662F,Mary Black,Raven In The Storm,Circus,1996,228.23138,0.597113362831,0.376556981046,folk,folk rock; dark,211,99,38.379682,0,137.0,52.2712499999998,0.06533906249999975,0.037379722832840294,0.64960311336752,Angelina
TRQJNCU128F427B0F4,SOVISCV12A8C13A3DE,AR8K3HD1187B9B9CA9,Goldfrapp,Strict Machine (Live),Ride A White Horse - Live In London EP,0,369.73669,0.862749947386,0.540101990129,electronic,electronic; sexy electronica,200,40,59.228372,0,372.0,28.25500000000002,0.035318750000000024,0.013035037997209627,0.6425173725938154,Angelina
TRFUJVJ128F426F2A2,SOONCPO12AF72A1986,AR8W8P31187B9A4063,Lauryn Hill,Interlude 5,MTV Unplugged No. 2.0,2002,734.48444,0.697206464376,0.580125198887,r&b/soul,ms hill; the realness; The Truth; true; rnb,1903,409,215.044182,0,2233.0,1767.2399999999996,2.2090499999999995,0.23031875953229416,0.5791374444103866,Ave Maria
TRNFHLX12903CC5B12,SOPZHUT12AB0184E13,AR8XRHT1187FB56693,Autograph,The City,Stone Land,0,265.63873,0.579741075895,0.514656068652,hip hop,autograph nuevo,307,160,30.199338,0,214.0,225.82750000000019,0.28228437500000025,0.21203353712741732,0.5593384532826962,Ave Maria
TRQYGUV128F1462E01,SOTEFLI12A6D4F4771,AR048JZ1187B9AEB85,Yellowcard,Empty Apartment,Ocean Avenue,2003,216.73751,0.872933783073,0.627467258563,punk,punk rock; rock; alternative; pop punk; emo,253,105,39.140772,0,404.0,168.13499999999996,0.21016874999999996,0.11937015531210013,0.5442063908241926,Ave Maria
TRKRPKE128E07946D4,SONYXNK12A6D4F9CF2,AR6VHEC1187FB5AC0D,Thalia,Alguien Real (Baby_ I'm In Love),Thalia,0,237.06077,0.74627591197,0.577071859605,latin,latina; Alguien Real       Baby I am in love; pop; Love; latin,482,132,80.124902,0,853.0,136.94000000000008,0.1711750000000001,0.04734299634594105,0.8231125302828948,Caruso
TRRZSBO128F428BE44,SOGEKBX12A8C13ACE1,ARPDVPJ1187B9ADBE9,Usher,Nice & Slow,Live,1997,390.76526,0.856448923652,0.851233891127,r&b/soul,rnb; slow jams; 90s; hip hop; sexy,469,139,69.382995,0,791.0,284.30250000000046,0.3553781250000006,0.11409431314383146,0.8016240024738276,Caruso
TRMVGKO128E078552F,SOJKGFW12A58A80A76,ARVKB9G1187B990C70,Keith Sweat,Give Me What I Want (LP Version),Keep It Comin',1991,317.54404,0.740028701828,0.481818352667,r&b/soul,rnb; slow dance; lovin; brain2brain; leapsandbounds CDCollection,406,89,81.33265,0,947.0,96.51625000000038,0.12064531250000048,0.03272617633696839,0.8006699166156341,Caruso
TRDHQHB128F421FE15,SOLKHDS12A8159E9AA,ARV5PQO1187B9B929C,Naked Aggression,Plastic World,Naked Regression: Recordings 1991-1994,1996,174.91546,0.566044991728,0.39512659932,punk,punk; political; anarchist,282,77,49.355851,0,306.0,129.8274999999998,0.16228437499999973,0.07262887560120881,0.6692922727596603,Come Primavera
TRZSMVL128F4289D4C,SOYWPDR12A8C13CEF0,ARUG14R1187FB3E2E8,Ozma,The Ups And Downs,Rock And Roll Part Three,2001,171.28444,0.700249217839,0.439793317121,rock,indie; indie rock; backup vox; driving down pch; break-ups,265,84,45.891176,0,425.0,148.35499999999996,0.18544374999999996,0.08950367579363051,0.6557604034160445,Come Primavera
TRTPMBB128F42934F8,SOKRKJD12A8C13C4AC,AR2N24K1187B999361,Sage Francis,Keep Moving,Human The Death Dance,2007,276.06159,0.724706201256,0.524949698458,hip hop,Hip-Hop; test; brilliant; I like; Great Lyricists,660,246,71.386273,0,546.0,287.51250000000033,0.3593906250000004,0.11319138138170197,0.6349611011001333,Come Primavera
TREAQSX128E07818CA,SOAWSML12A6310F1B7,ARF8HTQ1187B9AE693,Daft Punk,One More Time (Romanthony's Unplugged),Daft Club,2003,218.64444,0.902840573925,1.02125558749,electronic,electronic; acoustic; pop; french; 00s,207,86,32.186954,0,259.0,167.0025000000003,0.2087531250000004,0.1439976765713551,0.6793139097191931,Dentro Un Altro Si
TRUQLCG12903CC5630,SOMCRQM12A8C142625,ARDNAQU1187FB4C5D5,Fractured,One More Time,Only Human Remains,2005,373.21098,0.518915641014,0.388920608481,electronic,melancholic; DarkLight; crystalline; whispering; melodramatic,113,54,20.904545,0,110.0,36.61124999999989,0.04576406249999986,0.04830634184251663,0.5806929671765181,Dentro Un Altro Si
TRWLGSO128F425FB2E,SOKFMRQ12A8C139649,ARDS81Q1187B989358,Billy Dean,Down To Your Last One More,It's What I Do,1996,193.69751,0.532404151854,0.383042578983,country,country west coast swing,152,71,25.199206,0,128.0,57.523749999999914,0.0719046874999999,0.06311729440450012,0.44690277864635636,Dentro Un Altro Si
TRONLPS128F148AF37,SOTFTUZ12A6D4F9BF6,ARPEUYM1187FB4A97A,Slim Harpo,Rainin' In My Heart,The Excello Singles Anthology,1966,155.402,0.551565175468,0.371302546517,blues,blues; harmonica; Theme Time Radio Hour; 60s; good,109,71,13.856406,0,113.0,78.62750000000003,0.09828437500000003,0.15779734456023262,0.7490827724624296,En Aranjuez Con Tu Amor
TRCTLQY128F92F1539,SOTGISK12D02193153,ARVK1GC1187FB58452,Next,I Still Love You,Platinum & Gold Collection,0,254.77179,0.692429970086,0.543021553721,r&b/soul,rnb; next; soul; pop; r&b,501,102,102.878569,0,830.0,394.60000000000036,0.49325000000000047,0.10574953393380689,0.728327759508622,En Aranjuez Con Tu Amor
TRLTTDC128E079380E,SOCTYHG12A679D7E2B,ARE0WH81187B9A7BA3,Rufus Wainwright,Baby,Rufus Wainwright,1998,313.12934,0.754130066262,0.64041969134,folk,singer-songwriter; afternoon; cloudy; beauty; rufus,245,84,43.255058,0,369.0,60.20624999999992,0.0752578124999999,0.03844785583284048,0.7043677836908682,En Aranjuez Con Tu Amor
TRFUNKE128F4262F96,SOLDLTP12A8C133316,ARV9EYP1187FB3F55C,Jack Ingram,Inna From Mexico,Hey You,0,336.24771,0.700759642604,0.50501073098,country,Mellow; country; singer-songwriter; singer-songwriters; 90s,293,122,38.768544,0,96.0,122.70124999999983,0.15337656249999979,0.08841210109432139,0.6911551995616749,Enamorado
TRQMAUL12903CE91AC,SONHOEJ12AB0187626,AR1HUQI1187B9AA854,Lyfe Jennings,She Got Kids,Playlist: The Very Best Of Lyfe Jennings,2004,230.71302,0.770585990445,0.537822732469,r&b/soul,soul; lyfe; Lyfe Jennings; r and b; slow jams,460,175,47.191101,0,269.0,307.5162499999998,0.38439531249999975,0.18497867046414287,0.6780338238321986,Enamorado
TRMZUWA12903C9AF06,SOHSIKC12A58A7D474,AR72OEM1187FB43E2A,Biz Markie,Vapors,Just A Friend - EP,1988,362.29179,0.638593203241,0.418282745711,hip hop,Hip-Hop; old school rap; biz markie; gtasa tracks; work songs,702,279,57.905095,0,307.0,357.80375000000004,0.4472546875,0.17693219282132108,0.663496791763924,Enamorado
TRYCBLK12903CE6A0E,SOWQRYJ12AB0189461,ARJ5LS21187B991003,Twiztid,She Ain't Afraid,Psychopathics From Outer Space,1998,361.50812,0.738651094386,0.490733207715,hip hop,psychopathic; Horrorcore; cocaine; Porno; porn,1102,277,117.826143,0,853.0,463.53374999999966,0.5794171874999996,0.11070105863394299,0.6942032676413996,Esisti Dentro Me
TRJPNAE128F425FAFB,SOZVCKM12A8C138484,ARRQWQW1187FB49844,King Tee,Act A Fool,Act A Fool,1988,258.82077,0.495738582877,0.372391990635,hip hop,Hip-Hop; rap; hip hop; West Coast Rap; west coast hip-hop,624,251,66.730802,0,399.0,309.89125000000035,0.38736406250000044,0.13063086945828908,0.6871999055113722,Esisti Dentro Me
TRYYJHJ128F9340B19,SOKGVJH12A58A77920,ARS8GNX1187B9B5141,The Black Keys,Grown So Ugly,Rubber Factory,2004,147.93098,0.835271500301,0.7417239014,blues,blues; blues rock; rock; alternative; indie,109,65,15.588457,0,129.0,17.50124999999998,0.021876562499999978,0.03120141966836862,0.6855150363674519,Esisti Dentro Me
TRYOFCJ128F425A6B6,SOQHDPP12A8AE46BFB,ARWLSG71187FB4CEEB,Bay City Rollers,Lovely To See You,Wouldn't You Like It,2004,237.16526,0.699329093747,0.463029191363,pop,pop; oldies,222,38,44.418465,0,373.0,133.9312500000001,0.16741406250000013,0.082998325967241,0.626346080342961,Everytime I Look At You
TRBEWAM128F145CA91,SOHZVBU12A6D4F7524,ARAYR671187B9923E6,Shannon McNally,Down And Dirty,Jukebox Sparrows,2001,293.53751,0.696663943756,0.370858691752,blues,blues; queer as folk; female vocalists; f singer-songwriter; annymix,306,122,54.083269,0,575.0,184.3937499999996,0.23049218749999953,0.09413593358055952,0.623717588308047,Everytime I Look At You
TRXNKTE128F427F992,SOCZVKY12A8C13448E,AR7C6G11187B9B4C1E,Jennifer Lopez,Theme From Mahagony (Do You Know Where You're Going To),On The 6 / J. Lo (Coffret 2 CD),0,215.58812,0.877119424278,0.56091265733,electronic,easy listening; sexy; electronic; electronica; kuschelrock,197,75,40.174619,0,363.0,318.9474999999998,0.39868437499999976,0.218583813963651,0.6182644199064222,Everytime I Look At You
TRLCKRE12903CC54A7,SODXNSU12AB0184D6D,ARAYCK21187B98EBFD,John Lee Hooker,Howlin' Wolf,Burning Hell,1993,156.00281,0.777911299757,0.471373274121,blues,blues; BLUEZZZ; JLeeHooker,103,51,17.944358,0,115.0,21.682500000000086,0.027103125000000106,0.03333979095085052,0.6622918943967558,Feelings
TRVOXNR128F421A58C,SOXBDSV12B34F25FFB,ARI0EWU1187FB3F1C8,Bracket,Cynically Depressed,When All Else Fails,2000,203.2322,0.56214365629,0.405817777185,punk,punk,182,75,36.633318,0,159.0,77.14500000000001,0.09643125000000001,0.057924999487127767,0.625217791213555,Feelings
TRJIUYM128F422B2A3,SOWKLZJ12A6D4FACE5,ARZM53A1187B9A1AE7,Panzer AG,sick is the one who adores me,THIS IS MY BATTLEFIELD,2004,326.60853,0.588608086549,0.373611111911,electronic,industrial; ebm; electronic; dark electro; Aggrotech,265,108,39.446166,0,141.0,97.69500000000028,0.12211875000000035,0.06841167036507019,0.6225850359474945,Feelings
TRCQNWN128F92EA07D,SOEARQO12AB017F7F0,ARVTAI41187B9B8B67,Wu-Tang Clan,The What,Wu-Chronicles,0,238.2624,0.668509447109,0.617193619176,hip hop,rap; hiphop; hip hop; Hip-Hop; wu-tang,425,216,37.749172,0,287.0,227.9987499999998,0.28499843749999976,0.17158326806831495,0.5596073317094674,Hallelujah (Aleluya)
TRQNPBZ128F424A1C9,SOSOKOP12A6D4FCBB9,AR33XTN1187B98E452,The Itals,In Deh,Give Me Power,1983,194.11546,0.533131722869,0.344189922595,reggae,reggae; 1983; sun is shining; rootsreggae; nighthawk,210,89,34.971417,0,190.0,147.07375000000044,0.18384218750000056,0.11606754770572908,0.5327914532852339,Hallelujah (Aleluya)
TROMAWC128E0799985,SONRLXH12A67AD8604,ARFG2HF1187FB3D4EC,Feeder,Living In Polaroid,Picture Of Perfect Youth,1999,218.04363,0.71689256237,0.463048391043,rock,alternative; alternative metal; post-grunge,119,53,21.84033,0,141.0,272.72125000000017,0.3409015625000002,0.344770546132765,0.5270882930595464,Hallelujah (Aleluya)
TRECYJW128F4289D1C,SODZKUG12A8C13C579,ARPKK761187FB4D53C,The Ataris,Myself,...Anywhere But Here,1997,138.65751,0.827853769867,0.517328583566,punk,punk rock; life; pop punk; The Ataris; Downloads,260,119,41.701319,0,265.0,54.95374999999988,0.06869218749999985,0.03655499483569,0.7488895581675162,Hasta Mi Final
TRWILVQ128F42644B3,SOTGRJA12B0B808EA9,ARBAN8S1187FB4D22F,Ben Folds Five,Don't Change Your Plans,The Unauthorized Biography Of Reinhold Messner,1999,310.56934,0.773821929578,0.48221177397,rock,piano; alternative; piano rock; Mellow; rock,289,121,44.418465,0,296.0,236.22874999999988,0.2952859374999999,0.1476435175169873,0.7321484392741189,Hasta Mi Final
TRRMOUK128F4281975,SOAEXSJ12A8C136E9D,ARRF9J21187B9B06FC,Basia Bulat,Birds Of Paradise,Oh_ My Darling,2007,248.94649,0.686888505532,0.460192559341,electronic,intimate; Bittersweet; Rainy Day; love at first listen; in love,198,85,30.838288,0,186.0,185.07375000000016,0.2313421875000002,0.16634855711719476,0.7273853842180004,Hasta Mi Final
TRHIZHZ128F4295EFA,SOLYDEE12A8C13B199,AR3JMC51187B9AE49D,Backstreet Boys,Don't Want You Back,Millennium,1999,206.49751,0.851417628847,0.592614927352,pop,pop; boybands; backstreet boys; dance; 90s,366,96,73.824115,0,614.0,119.98249999999973,0.14997812499999966,0.044743906063969455,0.6606389479699419,Crazier
TRKYKRF128F4281F31,SOBQGTB12A8C139B36,AR4GAFY1187B9B639D,B.B. King,Broken Heart,Definitive Greatest Hits,1987,165.72036,0.708735400038,0.542289933434,blues,blues; electric blues; men in blues,102,46,20.976177,0,192.0,38.847499999999954,0.04855937499999994,0.05106218275702885,0.6265515086980152,Crazier
TRXZSPJ128F148AF0F,SOWIWBJ12A6D4F89E2,ARPEUYM1187FB4A97A,Slim Harpo,Wonderin' And Worryin',The Excello Singles Anthology,1993,129.67138,0.551565175468,0.371302546517,blues,blues; Boston Legal; Blues Harmonica Greats; Blues-Jazz singers,111,56,18.303005,0,179.0,10.918749999999998,0.013648437499999997,0.016445254045011275,0.6227723884643387,Crazier
TRWMQCS128F1486902,SOWSBOJ12A6D4F9064,ARAGS2Z1187B9BA436,Natiruts,Pode Ser,Nova Bis-Natiruts,1999,261.98159,0.62589724361,0.423859955499,reggae,reggae; brasil; World Music; brazilian; distrito federal,71,44,8.306624,0,0.0,-5.90625000000003,-0.007382812500000038,-0.0194453424197018,0.7700964929404257,Fifteen
TRZQBWD128E0798C1D,SOJHZSH12A67ADE614,ARYPHGD1187FB3EAF7,Maria Rita,Agora Só Falta Você,Maria Rita,2003,203.88526,0.651176477958,0.506494076005,jazz,mpb; brazil; cover; maria rita; jazz vocal,87,41,13.928388,0,20.0,-8.504999999999995,-0.010631249999999995,-0.016674391947285063,0.7294300802330044,Fifteen
TRIVLJF128F9312B5B,SOTSHNV12AB01827A3,ARTRKKF1187FB42C7C,Marjorie Estiano,As Horas,Marjorie Estiano,2005,228.85832,0.5652087545,0.385472045414,pop,brazilian; pop; female vocalist; brazil; brasil,126,49,19.595918,0,80.0,-15.120000000000049,-0.018900000000000063,-0.02112304862814442,0.715288815773392,Fifteen
TRLNVUY128F1468C64,SOCSZSL12A6D4F693B,ARG9V8O1187FB534F1,Ima Robot,Black Jettas,Public Access,2003,214.09914,0.673479942396,0.399424680664,rock,alternative; guilty pleasure; catchy; Ima Robot; los angeles,296,113,37.322915,0,173.0,181.81125000000043,0.22726406250000053,0.1366412741450783,0.5876247400466638,Change
TROFTGV128F1458F77,SOFXFVR12A6D4F792C,ARDG9Z71187B997023,Public Image Ltd,Bags,Compact Disc,1985,327.57506,0.684994896581,0.41551708286,punk,Post punk; rock; 3 stars; Public Image Ltd; seen performed live,131,55,19.874607,0,19.0,20.061249999999948,0.025076562499999934,0.02760072046130378,0.5409372826390471,Change
TRRZYOC128F423085D,SOQNFKT12A8AE47C80,ARIGKCK1187FB5C99B,Lightnin' Hopkins,Big Black Cadillac Blues,The Best Of The Blues,1994,186.56608,0.709198454661,0.45577485357,blues,blues; tops; gregicana; friendsofthekingofrummelpop,273,115,31.780497,0,200.0,136.5524999999999,0.17069062499999987,0.12057594540331384,0.5187060971210578,Change
TRVZCMZ128F92F15D2,SOPULLR12AAF3B2654,ARQT9SA1187B9AD3C7,Steely Dan,I Can't Function,Stone Piano,1987,240.5873,0.659552079428,0.505062403561,rock,classic rock; Miscellaneous; mr dad; tantotempotaste,271,108,42.497059,0,384.0,82.66249999999994,0.10332812499999992,0.05388962479231113,0.7157304744676525,You Can't Read My Mind
TRCTLQY128F92F1539,SOTGISK12D02193153,ARVK1GC1187FB58452,Next,I Still Love You,Platinum & Gold Collection,0,254.77179,0.692429970086,0.543021553721,r&b/soul,rnb; next; soul; pop; r&b,501,102,102.878569,0,830.0,394.60000000000036,0.49325000000000047,0.10574953393380689,0.7140379307023451,You Can't Read My Mind
TRMEUKT128F4263312,SODMGTM12A6D4F8DB6,ARI49UF1187B9B7438,Jay-Jay Johanson,Rush,Rush,2005,195.73506,0.645896263529,0.387365505099,electronic,downtempo; electronic; electronica; relax fm; blue hour,231,92,41.448764,0,335.0,71.27750000000022,0.08909687500000027,0.04747237484490129,0.7113270030071426,You Can't Read My Mind
TRZERAT128F9311A2A,SOEZWYM12AB017D322,ARAOBIZ1187FB38574,Johnny Winter,Mean Town Blues,Johnny Winter: The Woodstock Experience,1968,654.57587,0.749711707474,0.452380503907,blues,blues rock; blues; Johnny Winter; guitar; rock,175,74,22.93469,0,115.0,88.98000000000016,0.1112250000000002,0.10820026053233997,0.6434680061010762,Man In White
TRDTMEB128F92EFA68,SOHJDPV12A8C1435AD,ARBFDJW1187B9AD27A,The Fabulous Thunderbirds,Full-Time Lover,The Fabulous Thunderbirds,1979,282.64444,0.623154283971,0.429353514999,blues,blues; blues rock; manupoda,178,70,31.937439,0,210.0,-2.3275000000000263,-0.002909375000000033,-0.00201276099098102,0.641696293218229,Man In White
TRXTLLG128F930416B,SOEFVKK12AB017C56A,ARYNSN31187FB4C573,Bizzy Bone,I Need You,A Song for You,2008,233.74322,0.75418083313,0.4762541622,hip hop,slow jams; lovin; 90s rap; Try Me,415,154,57.7408,0,684.0,169.95000000000016,0.2124375000000002,0.08205597829458787,0.6224070619265231,Man In White
TRPMDDK12903D0D320,SOBZWGW12AB01848B5,AREWAAS1187B98C490,Robert Johnson,Kindhearted Woman Blues,Blues_ Booze & Broken Hearts,0,173.21751,0.693352616951,0.452024988052,blues,blues; delta blues; Robert Johnson; blues guitar; Classic Blues,141,69,20.396078,0,230.0,42.1774999999999,0.052721874999999876,0.05753409456817945,0.6465703830337005,Holes
TRZPSAF128F9349767,SOLOQYJ12AB0188A53,AR20CFC1187B98A25D,Ray Charles,Kiss me baby,Genius=blues,0,188.44689,0.759912526334,0.673207274956,jazz,jazz; blues; soul; swing; double-ender 11,205,67,42.023803,0,461.0,87.94749999999998,0.10993437499999997,0.057558446251502714,0.6246459926082454,Holes
TRYFMFU128F425A879,SOGZGSD12A8AE46A0F,AR6BJ1V1187B9AE3B7,Fleetwood Mac,Need Your Love Tonight,Mr. Wonderful,1968,208.5873,0.747903749594,0.576036185746,blues,blues rock; blues; rock; 60s; classic rock,175,65,27.422618,0,236.0,42.617500000000156,0.0532718750000002,0.04311895988316595,0.5902973874680421,Holes
TRNODEK128E07861DD,SOJUCFF12A670203A2,ARNHMFD1187FB3B3F6,LL Cool J,Lollipop,10,2002,287.242,0.749217793049,0.544321914839,hip hop,all time faves; rap; Hip-Hop; rnb; groove,667,214,86.521674,0,887.0,283.1500000000001,0.3539375000000001,0.09107096576251328,0.7247259045058417,Baby Girl
TRCTLQY128F92F1539,SOTGISK12D02193153,ARVK1GC1187FB58452,Next,I Still Love You,Platinum & Gold Collection,0,254.77179,0.692429970086,0.543021553721,r&b/soul,rnb; next; soul; pop; r&b,501,102,102.878569,0,830.0,394.60000000000036,0.49325000000000047,0.10574953393380689,0.7218852986871962,Baby Girl
TRWILVQ128F42644B3,SOTGRJA12B0B808EA9,ARBAN8S1187FB4D22F,Ben Folds Five,Don't Change Your Plans,The Unauthorized Biography Of Reinhold Messner,1999,310.56934,0.773821929578,0.48221177397,rock,piano; alternative; piano rock; Mellow; rock,289,121,44.418465,0,296.0,236.22874999999988,0.2952859374999999,0.1476435175169873,0.7210089294785741,Baby Girl
TRFYGMB128F425A7A2,SOXDIRH12A8AE45FD5,ARBAW9R1187B98FB6B,Natasha Bedingfield,Stumble,Unwritten,2005,216.37179,0.900967633961,0.769674279295,pop,pop; Natasha Bedingfield; female vocalists; british pop; sweet,333,113,53.037722,0,580.0,163.19625000000033,0.20399531250000041,0.08524679752027038,0.7367196766626598,Growin' Up Down There
TRXKRGP128F4284FEA,SOXTDMC12A8C13A302,ARMBD941187FB532C0,The Partridge Family,There'll Come A Time,Shopping Bag,1993,168.85506,0.568507555315,0.42624548675,pop,70s; pop; oldies; bubblegum; catchy,201,71,34.336569,0,289.0,32.29375000000008,0.0403671875000001,0.026052124865149108,0.7320042507286986,Growin' Up Down There
TRBJXPW128F428D3CD,SOTINAM12A8C1381A5,AR4WHYC1187B9896E7,A Tribe Called Quest,The Hop,Beats_ Rhymes & Life,1996,207.46404,0.770040694516,0.543681106661,hip hop,Hip-Hop; Jazz Hop; hip hop; a tribe called quest; Crici,638,214,75.013332,0,611.0,419.69375000000025,0.5246171875000003,0.1566439925831579,0.7247209570391631,Growin' Up Down There
TRVWTFT128F93296FA,SOUXDNX12AB0188357,ARJ0D0S1187B9954C1,Jackie Greene,I'll Let You In,American Myth,2006,319.32036,0.644165799408,0.386481258392,country,americana; underrated; blues-rock; folk-rock; roots,257,110,39.711459,0,290.0,180.26124999999973,0.22532656249999966,0.12585145991358426,0.8102601593756912,Hangin' Around
TRGLJRY128F14841E2,SOQVVTI12A6D4F8155,ARZ5CKV1187B9AE71A,Brand New Heavies_ The,"You Are The Universe (Roger's Universal 7"" Edit)",You Are The Universe,0,230.47791,0.699823464073,0.491707533716,jazz,acid jazz; House; acidjazz,393,67,81.430952,0,655.0,354.27375000000063,0.4428421875000008,0.11953131151020835,0.798970435543807,Hangin' Around
TRPBTSJ128F42A3168,SOCTMXF12A8C13BF5C,ARHLSMN1187B98D8D7,Harry Belafonte,Angelina,Harry Belafonte - I Miti Musica,1961,236.48608,0.667204447187,0.508376104749,latin,calypso; oldies; latin; names; jamaican,218,106,34.885527,0,353.0,100.29374999999978,0.12536718749999973,0.07958936001602886,0.7891354044413157,Hangin' Around
TRBDCAH128EF362D31,SOSTXYN12A6D4F67D4,AR82DJK1187B991107,The Pharcyde,Passin' Me By,Bizarre Ride II,1993,303.46404,0.756063870843,0.491468881637,hip hop,hip hop; 90s; rap; classic; songs about the opposite sex,697,235,90.465463,0,644.0,258.33750000000026,0.3229218750000003,0.07965492277250799,0.7126453412468636,Here I Am
TRLVRJP128F93519FB,SOOENST12AC9E1344B,ARZYMH91187B99CEFC,Atmosphere,Hair,God Loves Ugly,0,1.82812,0.879475075015,0.607960565364,hip hop,Hip-Hop; rap; hip hop; underground hip-hop; leapsandleeloo,718,280,73.42343,0,615.0,369.7937499999997,0.4622421874999996,0.14273599485324537,0.6997998245417206,Here I Am
TRYXKSE128F429F780,SORDNUD12A8C13C188,ARZJ4MI1187B9AF5AF,Reel Big Fish,Beer,Everything Sucks,1994,220.76036,0.784143964796,0.553168863584,reggae,ska; ska punk; beer; punk; rock,291,94,41.988094,0,333.0,174.64624999999967,0.2183078124999996,0.11563545187033486,0.6950077866601856,Here I Am
TRJOQXR128F92EB51A,SOXKDWF12AB017BF6F,ARWSN471187B9A6F7F,Thompson Twins,We Are Detective,Quick Step And Side Kick,1983,182.9873,0.648701553144,0.441575734606,pop,80s; new wave; pop; 1980s; alternative,172,91,28.035692,0,100.0,688.4524999999992,0.860565624999999,0.6787280605157113,0.5664130971970386,She's Got A Way With Me
TRWAMJL128F92D124B,SOUSJHY12A8C1457F0,ARQ85IK11C8A415C6A,Ladyhawke,Crazy World,Ladyhawke,2008,214.93506,0.692569111376,0.5544706188,electronic,electropop; indie; female vocalists; electronic; pop,340,58,74.229374,0,313.0,1617.6300000000015,2.022037500000002,0.5973375873360324,0.5662490398354174,She's Got A Way With Me
TRCJPDM12903CF253E,SOJCQNK12A67ADA71A,AR6W6KQ1187B9AAA53,Sentenced,We Are But Falling Leaves,The Funeral Album,2005,268.01587,0.684762847729,0.440826474407,metal,Gothic Metal; metal; finnish; finnish metal; Sentenced,157,78,20.952327,0,70.0,474.3037499999997,0.5928796874999996,0.6270788183022933,0.5449852867825806,She's Got A Way With Me
TRVQAYG128E0788B57,SODYNXX12A58A7B472,ARC70XM1187FB4D5B0,Free,Goin' Down Slow,Chronicles,0,500.61016,0.713686249595,0.468604580569,blues,blues; rock; blues rock; extreme wild sex; rythm blues,150,64,22.847319,0,154.0,65.34250000000004,0.08167812500000006,0.07949864738537886,0.6741808062339965,That's How Country Boys Roll
TRJXBDJ128F4292591,SOKEMWN12A8C1391E4,ARRB3GQ1187FB52D14,Angie Stone,Snowflakes,Mahogany Soul,2001,229.77261,0.726636383856,0.473502744277,r&b/soul,soul; female vocalists; Neo-Soul; rnb; RB,353,136,50.229473,0,456.0,141.41624999999982,0.17677031249999978,0.07836194277362483,0.652510951188797,That's How Country Boys Roll
TRESRKO12903CAFA55,SOTFPPY12AB0183D2F,ARDOZOK1187FB5310E,Freemasons,When You Touch Me,Unmixed,2007,255.13751,0.699000740022,0.466730995274,electronic,House; dance; vocal house; club; electronic,434,98,77.678826,0,738.0,149.24750000000026,0.18655937500000033,0.053218868407662955,0.6495486351794927,That's How Country Boys Roll
TROWIYP128F425788C,SOBGRNN12A8C139743,ARAOBIZ1187FB38574,Johnny Winter,Gangster Of Love,Blue Suede Shoes,1984,147.30404,0.749711707474,0.452380503907,blues,blues; allboutguitar; JeffBeck allboutGuitar BRCBluesBand SRV BluesRockclub; breakingbluesnews; BluesRockclub Radiostation,253,121,30.626786,0,226.0,106.1124999999997,0.13264062499999962,0.09656658274448801,0.6925913956249228,Where The Girls Are
TRADFVJ12903CA80F0,SOWMMHJ12AB0188B11,ARJIQGE127D395D4E3,Madness,Cardiac Arrest,7,1981,172.43383,0.0,0.538965631568,reggae,ska; british; 80s; new wave; pop,418,190,42.76681,0,319.0,320.63625000000013,0.40079531250000017,0.2113557991615994,0.6713077770526359,Where The Girls Are
TRGQBAX128F426EFCA,SOERZLJ12A8C132D53,AR5FP401187FB523C9,Bob Dylan,Ballad In Plain D,The Times They Are A-Changin'/Another Side Of Bob Dylan,1964,494.86322,0.675384811998,0.633339908702,folk,folk; 60s; beautiful for whatever reason; american; lyrically amazing,419,212,43.0,0,208.0,286.77875,0.3584734375,0.18686042924338578,0.6661769238187549,Where The Girls Are
TREZUTJ128F4250CFF,SOFNAPZ12A58A7CAAD,AR1W9AQ1187B9B97A9,On Thorns I Lay,Unsung Songs,Egocentric,2003,398.73261,0.540597251952,0.356221030776,punk,sad; beautiful; autumn; nostalgic; brilliant,139,90,20.904545,0,92.0,70.9412499999996,0.0886765624999995,0.09434529434881042,0.7281279949410604,Daddy Sang Bass
TREBQOW128F92C4549,SOLIKYJ12A8C13F7DA,AR54RGR1187FB51D10,Common,Book Of Life,thisisme then: the best of common,1994,306.85995,0.865128983978,0.53481975015,hip hop,Hip-Hop; hip hop; hiphop; rap; Jazz Hop,569,226,78.663842,0,373.0,293.21500000000054,0.36651875000000067,0.10351864197737916,0.7256121777396645,Daddy Sang Bass
TRXQKRY12903CBF101,SOWPXKG12AB0184095,ARVGGQ81187B98EDE2,Carrie Newcomer,I Meant To Do My Work Today,Before And After,2010,169.56036,0.542356533235,0.317306655706,country,Alt-country; oh yes,215,123,27.495454,0,106.0,87.30999999999992,0.1091374999999999,0.08843747802632529,0.7252718279342543,Daddy Sang Bass
TRPOUCU128F427C122,SODJGBA12AB01804B9,ARIWB161187B9AA1D5,Simon & Garfunkel,The 59th Street Bridge Song (Feelin' Groovy),Live From New York City_ 1967,1966,109.84444,0.796493401551,0.510324986101,folk,folk; 60s; classic rock; oldies; rock,102,51,21.400935,0,83.0,32.09999999999975,0.04012499999999969,0.04114853933883935,0.721308544793263,I Don't Know Where I'm Bound
TRNFUAB128E0792001,SOZDIOV12A6701D7E9,AR76ZQP1187FB56A79,The Temptations,Ain't Too Proud To Beg,Lost & Found:The Temptations: You've Got To Earn It (1962-1968),1966,150.54322,0.709227648439,0.633353702739,r&b/soul,soul; motown; oldies; 60s; rhythm and blues,345,85,62.585941,0,508.0,36.08625,0.0451078125,0.015877526464086886,0.6292523672139132,I Don't Know Where I'm Bound
TRRZAAK128F9302FCA,SORQXIP12A8C13AB8B,ARXRSO01187B98911C,Petey Pablo,La Di Da Da Da,Diary of a Sinner: 1st Entry,2001,214.07302,0.734533787005,0.445949816185,hip hop,hip-hop and rap; rap; Hip-Hop; southern rap; i tunes,584,188,62.33779,0,413.0,436.04999999999944,0.5450624999999993,0.19642771051516975,0.6257175217372845,I Don't Know Where I'm Bound
TRRLAGV128F930A2B6,SOVTOMU12A58A7AA48,ARMB95F1187B9B5B93,Cam'Ron,Calm Down,Public Enemy #1,2007,211.85261,0.858270677796,0.515325300572,hip hop,rap; Dipset; sillly,449,206,40.877867,0,276.0,125.30624999999972,0.15663281249999966,0.08620996290729523,0.6699743036491181,I Was There When It Happened
TRCQNWN128F92EA07D,SOEARQO12AB017F7F0,ARVTAI41187B9B8B67,Wu-Tang Clan,The What,Wu-Chronicles,0,238.2624,0.668509447109,0.617193619176,hip hop,rap; hiphop; hip hop; Hip-Hop; wu-tang,425,216,37.749172,0,287.0,227.9987499999998,0.28499843749999976,0.17158326806831495,0.6674056592376041,I Was There When It Happened
TRDXKLE128F148CBBD,SOXEDEO12A6D4F89CE,ARSQDUN1187B98D7D7,EPMD,Hold Me Down,Out Of Business,1999,214.9873,0.698291623658,0.453850265331,hip hop,Hip-Hop; True Hip Hop; rap; hip hop; Hip Flip hop Flop,636,229,80.230917,0,664.0,321.83625000000006,0.40229531250000006,0.11159533286495825,0.6667064480049097,I Was There When It Happened
TRIVXKZ128E0793AD7,SOQKVMX12A679D8AE8,ARIPLUN1187B99B9F9,The Police,Bombs Away,Message In A Box,1980,185.99138,0.790367908794,0.615454461554,rock,rock; new wave; pop; The Police; 80s,334,72,64.830548,0,290.0,147.03125000000006,0.18378906250000007,0.06237711774759354,0.7554345849226176,The Big Battle
TRVOVJN128F93439A3,SOSBNFQ12AB0185969,ARJ8ZVR1187FB4336E,Ani DiFranco,Grey (from Revelling Reckoning),Songs for a Broken Heart,0,309.65506,0.766211290057,0.54261561648,folk,singer-songwriter; alternative; female vocalists,242,94,36.138622,0,171.0,169.0575000000007,0.21132187500000085,0.12936909558485832,0.7453627067836465,The Big Battle
TRGVOYR128F9336E5A,SOPWGZI12AB018332B,ARLHO5Z1187FB4C861,Beastie Boys,Pass The Mic (Pt. 2_ Skills To Pay The Bills) (2009 Digital Remaster),Check Your Head (Remastered Edition),0,263.02649,0.853124523276,0.603296081446,hip hop,hip hop,560,181,68.847658,0,437.0,340.1049999999998,0.42513124999999974,0.13796611202532819,0.730980268201839,The Big Battle
TRCNQIU128F1469E36,SOQPYJB12A6D4F9B43,ARWVM0Q1187B9A2AFD,Mack 10,LBC And The ING (Explicit),The Recipe (Explicit),0,276.08771,0.673537565508,0.403151210213,hip hop,Hip-Hop,724,278,62.968246,0,392.0,623.80375,0.7797546875000001,0.2813127250746469,0.8175557660153828,A Thing Called Love
TRJHPTK128F4278BD9,SOBKVSM12A8C13DF9C,ARWHM281187FB3D381,Souls Of Mischief,Medication,Trilogy: Conflict_ Climax_ Resolution,2000,261.19791,0.649157388233,0.469177429437,hip hop,Hip-Hop; west coast; walkman music; crescent fresh tunes mix; super cres,500,227,42.825226,0,307.0,524.3999999999996,0.6554999999999995,0.3452461288353486,0.793805837622685,A Thing Called Love
TRQWDRK128F4241A32,SOLEAYZ12A8AE4793E,ARSE5NP1187B9B98AB,Twista,Overdose (Album Version),Adrenaline Rush,1997,255.63383,0.889613554744,0.593808365175,hip hop,west coast; Hip-Hop; West Coast Rap; SLAPPERZ; north cal,1206,357,109.695032,0,761.0,710.0287499999998,0.8875359374999998,0.18379006125036418,0.7893982341183172,A Thing Called Love
TRIOSDC128F931FF62,SOSSWMD12AB0184E2A,ARE7TQ91187FB5B721,Moe Bandy,The Strawberry Roan,Cowboy Songs,1998,207.51628,0.49255858687,0.343961407785,country,country; The strawberry Roan -Moe Bandy; western; purple sage; malesinger,498,199,58.5235,0,240.0,216.5162499999999,0.2706453124999999,0.10341030929029825,0.8324151841842425,You Dreamer You
TRGLGNR128F1487A6F,SOHTMAA12A6D4F5F41,ARYZ8BG1187FB52ABB,Manafest,Runaway,Glory,2006,198.19057,0.591937418994,0.56333533018,hip hop,Christian Rap; great song; rap; Hip-Hop; ladny churek,551,191,85.924385,0,468.0,435.0887499999998,0.5438609374999998,0.14024079938871972,0.8242804197855652,You Dreamer You
TRZPHVT128F4298109,SOXRZDG12A8C1389E1,ARQNLH31187B9ADC1D,The Cat Empire,The Car Song,Two Shoes,2005,262.42567,0.685071701775,0.55166407686,reggae,ska; australian; happy; alternative; jazz,404,155,48.877398,0,181.0,227.9437500000008,0.28492968750000097,0.13002009808869847,0.8115610962022742,You Dreamer You
TRABOIH128F9300B06,SOHYOTB12AF72AA1D7,AR94ZOI1187FB46BDA,Willie Dixon,That's My Baby,Very Best Of The Blues,1989,208.90077,0.57953304364,0.4298344776,blues,delta blues; BLUEZZZ; blues; freedom; Willie Dixon,164,76,27.477263,0,144.0,25.106249999999843,0.0313828124999998,0.02522998976003918,0.7128946015046504,I Walk The Line
TRVRZZI128F426846B,SOSTFFD12A8C13780C,ART1XOT1187B99A298,Billy Squier,She's A Runner (24-Bit Digitally Remastered 02),Absolute Hits,2005,245.02812,0.612842077257,0.456170748019,rock,rock; 70sbsquier,240,105,36.193922,0,228.0,48.22250000000008,0.0602781250000001,0.03692739632543043,0.6319291951883963,I Walk The Line
TRPMDDK12903D0D320,SOBZWGW12AB01848B5,AREWAAS1187B98C490,Robert Johnson,Kindhearted Woman Blues,Blues_ Booze & Broken Hearts,0,173.21751,0.693352616951,0.452024988052,blues,blues; delta blues; Robert Johnson; blues guitar; Classic Blues,141,69,20.396078,0,230.0,42.1774999999999,0.052721874999999876,0.05753409456817945,0.5773502691896257,I Walk The Line
TRDKUSZ12903CF188B,SOTDFHU12AF729DB0B,ARKMIBT11F4C8430D9,The Antlers,Epilogue,Hospice,2009,328.88118,0.726299713385,0.466946703147,rock,indie; indie rock; acoustic; listen with your eyes closed; Good tune,273,131,35.860842,0,289.0,213.9699999999992,0.267462499999999,0.16606034822006507,0.7510592127860991,Life's Railway To Heaven
TRISFKH128F9336E63,SODDPWA12A58A7D263,ARLHO5Z1187FB4C861,Beastie Boys,So What'Cha Want (Butt Naked Version) (Explicit) (2009 Digital Remaster),Check Your Head (Remastered Edition),0,206.47138,0.853124074136,0.586311859258,hip hop,hip hop,536,176,72.470684,0,553.0,264.35750000000013,0.33044687500000014,0.10140807837392897,0.7392425148512718,Life's Railway To Heaven
TRJOXWB128F92D8498,SONWYUI12A6D4FCF99,ARAAXVE1187FB46ACF,The Inchtabokatables,Underdrive,Ultimate Live,1992,466.59873,0.509536569683,0.382089523801,rock,indie; folk rock,290,72,54.571055,0,476.0,169.52000000000038,0.21190000000000048,0.08565866754995297,0.7385322437367606,Life's Railway To Heaven
TRJADED128E078FB2A,SOJHVCP12A6701D0F3,AROEL1B1187B988B90,Lost Boyz,Keep It Real,Legal Drug Money,1995,251.01016,0.569741152282,0.412240600536,hip hop,90s; rap; hip hop; Hip-Hop; underground hip-hop,698,254,66.550733,0,390.0,610.16625,0.7627078125,0.2587249242285413,0.7182091031859708,If I Had Wings
TRDPGXU128F9339C2A,SOELYON12AB01876A3,ARLHO5Z1187FB4C861,Beastie Boys,B-Boy Bouillabaisse: A.W.O.L. (2009 Digital Remaster),Paul's Boutique (20th Anniversary Remastered Edition),0,105.56036,0.853124523276,0.591628024008,hip hop,hip hop; leapsandbounds CDCollection,1746,505,153.652205,0,1067.0,751.1762500000004,0.9389703125000005,0.1386179883576813,0.7084979591259924,If I Had Wings
TRTJEDT128F4221E2D,SOYAMBJ12A81C207B3,ARPBTRI1187FB52457,The Game,Rookie Card,West Coast Resurrection,0,144.8224,0.927985931015,0.599859524967,hip hop,West Coast Rap,333,158,36.193922,0,172.0,213.02499999999966,0.2662812499999996,0.1638770327530896,0.7014167256504782,If I Had Wings
TRFPJDH128F93480A3,SOVBSIS12AB018608F,ARE3PRA1187FB39AB7,Lucinda Williams,Disgusted,Ramblin',1979,153.25995,0.664670901068,0.545487620869,blues,blues; acoustic; singer-songwriter; party; female vocalists,246,115,53.740115,0,84.0,47.20000000000003,0.05900000000000004,0.024016988223289983,0.583754817861348,Pray About Everything
TRPZYYZ128F4229F12,SOCJBJD12A8AE479C7,AR4WX0Z1187B99FBB5,Buck-O-Nine,Silence,Sustain,2007,167.8624,0.619571948882,0.372781562731,reggae,ska; ska-punk; ska punk; Like,282,148,61.587336,0,195.0,121.00874999999988,0.15126093749999986,0.0539309693578283,0.570745514695067,Pray About Everything
TRSXLCE128F4296591,SOUSCVY12A8C13B262,ARRJ3UC1187FB579D7,Wyclef Jean,Intro,The Preacher's Son,2003,28.99546,0.791465542177,0.477889303916,reggae,reggae; urban; Add this track to your playlist Party To Damascus Main Version with intro,85,52,14.387495,0,81.0,96.11625000000018,0.12014531250000023,0.18388026879849118,0.3152441624956402,Pray About Everything
TROTCDE128F4267AB1,SOHCEAS12A3F1EAB2E,AR7BGWD1187FB59CCB,Aretha Franklin,All Night Long,Sweet Bitter Love,1970,176.66567,0.544290307326,0.569861220982,jazz,jazz; soul; blues; female vocalists; RB,97,47,17.464249,0,144.0,37.391250000000134,0.04673906250000017,0.059060181114619394,0.48458372451331194,Your Everything
TRITSQE12903C94CDC,SOAVGFG12AB0186493,ARL99WU1187B98FB1F,Skip James,All Night Long,Hard Time,1964,298.37016,0.623698243161,0.421795209615,blues,blues; skip james; deltablues; Old tyme blues,306,65,57.628118,0,317.0,216.61374999999964,0.27076718749999956,0.10376688207500442,0.4707950482725432,Your Everything
TRZPSAF128F9349767,SOLOQYJ12AB0188A53,AR20CFC1187B98A25D,Ray Charles,Kiss me baby,Genius=blues,0,188.44689,0.759912526334,0.673207274956,jazz,jazz; blues; soul; swing; double-ender 11,205,67,42.023803,0,461.0,87.94749999999998,0.10993437499999997,0.057558446251502714,0.4434874270446621,Your Everything
TRSIDWB128E0785510,SOATTJU12A67020DA3,ARVKB9G1187B990C70,Keith Sweat,Whatever You Want (LP Version),Keith Sweat,1996,254.17098,0.740028701828,0.481818352667,r&b/soul,relax; favourite artists; r and b; urban; banned,423,87,65.597256,0,751.0,141.40625000000048,0.1767578125000006,0.059854321121013285,0.7849595926599351,A Little Too Late
TRYWLDI128F92FE846,SOFCVLP12AB017E87C,AR6681Y1187FB39B02,Ike & Tina Turner,Rock Me Baby,Spotlight On The Four Aces,1987,165.09342,0.785640031695,0.466120647971,r&b/soul,Ike and Tina Turner; soul; blues; pop; best,168,37,36.945906,0,407.0,-4.673749999999928,-0.00584218749999991,-0.0034764568858376924,0.7833352817371138,A Little Too Late
TRYOULH128F425FBF3,SOHBIQL12AB017EDA9,ARLLVPR1187B9A2C74,Rick James,Call Me Up,Motown Legends: Give It To Me_ Baby - Cold Blooded,1986,233.84771,0.694145018611,0.531986044325,r&b/soul,funk; rick james; out da basement; song noir; smu funk,241,83,40.336088,0,497.0,44.78875000000002,0.05598593750000003,0.030777675596426288,0.7454090357127543,A Little Too Late
TREQYGT128E07859FA,SOZOJBP12A6701E425,ARV9LSS1187B98C471,Blake Shelton,Nobody But Me (Album Version),Blake Shelton's Barn And Grill,0,158.69342,0.778928237221,0.661461594223,blues,Blake Shelton; good songs; Alan Jackson - Blues Man; Blake Shelton-Nobody but me,236,68,42.011903,0,463.0,70.78875000000006,0.08848593750000008,0.04663281445474304,0.653931277165999,Who's Your Daddy?
TRCJADX128F428D3E0,SOKPSGM12A8C1381DE,AR03BDP1187FB5B324,Britney Spears,Let Me Be,Britney,2001,171.10159,0.947327506635,0.631289507585,pop,pop; Britney Spears; female vocalists; dance; Let Me Be,460,81,89.420356,0,856.0,124.52249999999998,0.15565312499999998,0.03844847507636246,0.615283407236043,Who's Your Daddy?
TRVELQV128F935990E,SOBLOLA12A58A790B2,ARQILMW1187B9890DA,Kitty Wells,Release Me,20 Of Her Best,1956,79.3073,0.551476458338,0.380728239612,country,country; female vocals; pleas; imperative; the end of the affair,143,75,19.131126,0,198.0,41.48500000000004,0.051856250000000055,0.060177411832428605,0.5958002423198739,Who's Your Daddy?
TRUBHKR128F427ECDE,SOHNKNA12A8C1387C2,AR9I1L41187FB37F0E,Harry Connick_ Jr.,You Don't Know Me,Only You,2004,243.56526,0.691133728644,0.53105019318,jazz,jazz; smooth; classic; late night; 5 star songs,214,78,35.524639,0,453.0,51.58499999999981,0.06448124999999977,0.04019643448242529,0.8250313565302702,A Woman's Touch
TRENNUC128F427B111,SOLHMRS12A8C13D86B,ARHTHC01187B9B6D2A,Michael McDonald,You Don't Know Me,Soul Speak,0,192.73098,0.712675251311,0.542264696345,r&b/soul,michael mcdonald; wistful; piano; rnb; cover,153,75,27.12932,0,344.0,28.924999999999986,0.03615624999999998,0.029487745080530477,0.8244200490016582,A Woman's Touch
TRNFUML128F92E41EA,SOTWNYR12AB017FDB7,ARNX9K11187FB59C38,Leon Jackson,You Don't Know Me,Right Now,2008,245.49832,0.6601744616,0.510626071009,jazz,The X Factor; jazz; ballads; swing; good,234,77,40.062451,0,510.0,61.096249999999834,0.07637031249999979,0.042179641622379964,0.8208792323665529,A Woman's Touch
TRGRMJO128F931914F,SOEAVRJ12AB0185692,AR6A1DO1187FB4821F,Good Riddance,21 Guns (Good Riddance),Generations 1: A Punk Look At Human Rights,0,129.38404,0.649598343701,0.490569819253,punk,punk; hardcore; punk rock; melodic hardcore; hardcore punk,162,99,22.912878,0,18.0,88.41375000000022,0.11051718750000028,0.10680720315115955,0.7048577026268359,Big Ol' Truck
TROXPNE128F9337718,SOTIWWD12AB01843D2,ARUSOMY1187FB4D3B4,Anti-Flag,Captain Anarchy,A New Kind of Army,1999,152.86812,0.844039532227,0.524378987515,punk,punk rock; punk; political punk; political; rock,189,90,25.455844,0,64.0,90.87000000000026,0.11358750000000033,0.09885027086522812,0.6911111111111111,Big Ol' Truck
TRTLLMP128F9307700,SOQMCNT12AB01852AE,ARKHPWK11F4C83D55D,Bellamy Brothers,Old Hippie,Best Of The Best ,0,239.98649,0.546474310497,0.467361067461,country,country; Old Hippie; country gold; bellamy bros; oldies,413,138,61.375891,0,95.0,126.80125000000027,0.15850156250000033,0.057229895660539515,0.6603791817267435,Big Ol' Truck
TRZFWHP12903D13D18,SOMGQFZ12AB01858D0,ARMKPQP1187FB3F521,Webb Pierce,I Ain't Never,100 Country Classics,1986,113.13587,0.55002815014,0.358282070993,country,country; classic country; country legends; oldies; male vocalists,167,63,31.543621,0,320.0,36.79875000000005,0.04599843750000006,0.03217507930559136,0.7093228630758824,Blue Bedroom
TRIJWAB128F148AA50,SOUFGAS12A58A7CBE2,AR5GRYQ1187B9B32D5,En Vogue,Love Don't Love You (LP Version),The Very Best Of En Vogue,2001,238.18404,0.65021287085,0.457574537711,r&b/soul,rnb; 90s; leapsandbounds CDCollection; Superior Female Groups; vocalization,399,113,80.074965,0,1043.0,149.5325000000002,0.18691562500000025,0.051456529853688905,0.700632809590511,Blue Bedroom
TRAEPAC12903CE5DC8,SOELRRQ12AB0188C34,AR20CFC1187B98A25D,Ray Charles,Let's Go,Genius + Soul = Jazz,0,160.93995,0.759912526334,0.673207274956,jazz,ray charles; garden party; Songs to Read By; drjazzmrfunkmusic,155,60,32.802439,0,432.0,13.452499999999995,0.016815624999999994,0.011284950279216766,0.6958892324018713,Blue Bedroom
TROQXAM128F93228BE,SOAEIKA12AB017E908,ARVA5B71187B9A0FCD,Incognito,Spellbound And Speechless,Best Of Incognito,1995,245.62893,0.693952590684,0.51122068147,jazz,acid jazz; soul; jazzy soul; funky jazz; jazzy funk,116,69,19.209373,0,169.0,54.666249999999906,0.06833281249999988,0.07881508419406218,0.6854292882888822,It's All Good
TRBXAGX128F429CD6E,SOSTVZB12A8C13AE85,ARBE6LE1187B99131D,Common Rider,True Rulers,Last Wave Rockers,1999,189.36118,0.613270028165,0.370468493196,reggae,ska; punk; ska punk; skacore; rock,162,96,19.672316,0,185.0,214.16124999999982,0.26770156249999977,0.3057269512085242,0.6735353523023373,It's All Good
TRXYCXU128F9352270,SOQBGGT12AB017A78C,ARROZQH1187FB4D828,Psapp,Parker,The Camel's Back,2008,261.01506,0.693539584893,0.427505139035,electronic,electronic; 321letsgo; kickinthepants; thefuckingcoolest; o steluta si o linie,149,76,24.186773,0,181.0,80.46874999999989,0.10058593749999986,0.0920192307797424,0.6718548123582125,It's All Good
TRQRKOW128F42BC127,SOXCMMZ12A8C13FB0F,AR40GSU1187FB3AA01,Neil Diamond,Delirious Love,12 Songs,2005,194.89914,0.817635146361,0.564005985821,folk,scrubs; singer-songwriter; rock; soft rock; pop,325,120,40.533936,0,330.0,545.2287499999995,0.6815359374999994,0.3750217621720842,0.7330293736886149,Sweet
TRLPARL128F429E5E6,SOEKPWL12A8C142CFE,AR6F6I21187FB5A3AA,Aesop Rock,Holy Smokes,Fast Cars_ Danger_ Fire and Knives,2005,231.67955,0.83453858559,0.477310881067,hip hop,Hip-Hop; underground hip-hop; rap; hip hop; indie,628,289,53.047149,0,357.0,322.24750000000046,0.4028093750000006,0.17199932413429805,0.6570747669448689,Sweet
TRGQRVQ128F42A2675,SOXSRAD12D02193301,ARYJSY01187B9B7C65,Dolly Parton,Joshua,Legends,1971,183.01342,0.765263787803,0.594469274524,country,country; female vocalists; singer-songwriter; names; tasty guitar licks and riffs,370,156,47.201695,0,299.0,284.98249999999996,0.35622812499999995,0.16930343171302092,0.6558968983558705,Sweet
TRKDVQI128F4271B77,SOBWHCO12A8C132595,AR9VTPV1187FB4D2AF,Gregg Allman,These Days,No Stranger To The Dark: The Best Of Gregg Allman,1973,289.67138,0.546129081864,0.472201681281,country,country; one more silver dollar; Awesome; sad songs; something to remember,147,73,23.600847,0,89.0,67.88624999999999,0.08485781249999999,0.07949187854985817,0.670605161857436,You Shouldn't Kiss Me Like This
TRLAEHY128F4262611,SOXBOLZ12A8C13983A,ARUB0K61187B9B9AC3,Hot Water Music,The Sense,Caution,2002,157.85751,0.690934859615,0.454855349872,punk,punk; post-hardcore; rock; fun; emogame,216,81,29.359837,0,212.0,235.25499999999997,0.29406874999999993,0.22226941580785126,0.6307612191887608,You Shouldn't Kiss Me Like This
TRVMHRC128F9308C9A,SOZXPLR12AB0181899,AR5BCAD1187FB37139,Rhymefest,These Days,Take The Lead,2005,219.61098,0.685241246043,0.470532735718,hip hop,hip hop; rap; Hip-Hop; cool; Soundtrack,373,161,47.021272,0,257.0,159.99874999999983,0.1999984374999998,0.09513227005973474,0.6219959378222331,You Shouldn't Kiss Me Like This
TROMGSH128F427A408,SOBADWZ12CF5F86CD7,AR5FP401187FB523C9,Bob Dylan,She Belongs To Me,Self Portrait,1965,162.89914,0.841742616105,0.622134167873,folk,folk; 60s; folk rock; singer-songwriter; rock,166,73,28.284271,0,61.0,45.28749999999993,0.05660937499999991,0.044126564137908324,0.7011904761904761,A Real Fine Place To Start
TRFEVDF128F4214874,SOPCKMV12A6D4FBA7B,ARIK43K1187B9AE54C,Lionel Richie,She's Amazing,Just For You,2004,274.80771,0.776675855685,0.553071991462,r&b/soul,80s; soul; pop; motown,228,73,43.954522,0,55.0,59.365000000000094,0.07420625000000011,0.03708337229625776,0.6986456908381686,A Real Fine Place To Start
TREEGKN128F1461867,SOMDSNN12A6D4F6422,ARC5E541187FB52F8F,DAN SEALS,Addicted,Certified Hits,1988,254.48444,0.584243108109,0.369997654071,country,country; dan seals; Anns; neglect; in relationship,464,155,59.497899,0,186.0,112.80749999999985,0.1410093749999998,0.05296975401192401,0.6893048983852161,A Real Fine Place To Start
TREWOAB128F4235896,SOPRSLF12A8C13214B,AR06EB01187FB40150,NOFX,60% (Reprise),Wolves In Wolves' Clothing,2006,114.07628,0.561131213326,0.554291489013,punk,punk rock; punk; rock; funny; political,146,83,19.26136,0,66.0,420.41375000000016,0.5255171875000002,0.6087382610780704,0.5222100359495536,Endless love
TRGPMNN128F428B362,SOSAYAA12A8C1393FA,AR6RSHA1187FB3F03F,Raised Fist,Soldiers Of Today,Watch Your Step,1996,152.63302,0.694460655149,0.457957616688,metal,hardcore punk,222,95,28.478062,0,94.0,714.0187500000004,0.8925234375000005,0.6965679508007158,0.5023977625967991,Endless love
TRPCNVU128F931389D,SOOEFOB12A58A80D95,ARIFGKC1187B9B04D5,Dean Martin,Side By Side,The Silencers,1997,132.54485,0.708436678094,0.623970265514,jazz,jazz vocal,141,82,18.814888,0,34.0,450.53999999999996,0.563175,0.6660781183478903,0.5023414865584064,Endless love
TRAQDFB128F4234E3B,SONBUCS12A81C20848,ARUCT3K1187FB4DED6,Example,Birthday Card,What We Made,2007,282.01751,0.723802272506,0.471996520259,hip hop,Hip-Hop; Lieblings-HipHop-Dingas,722,269,67.889616,0,363.0,306.6162499999991,0.38327031249999893,0.12654762082263699,0.7100544453886588,Love Gets In The Way (Album Version)
TRPUXIV12903CF7411,SOONWNI12AC960DDE4,ARBEOVA1187FB41C35,Datarock,Laurie,Datarock Datarock,2005,264.61995,0.718457962707,0.48433739571,electronic,electronic; indie; norwegian; indie rock; Love,173,97,22.803509,0,108.0,40.980000000000004,0.05122500000000001,0.05013360846510768,0.6979844283236283,Love Gets In The Way (Album Version)
TRNLTZW128F4265B56,SODKRIN12A8C13231D,ARVP1TO1187B9A4A7A,Luther Vandross,Going In Circles,Songs,1994,312.5024,0.744096792889,0.522665045269,r&b/soul,rnb; male vocalists; heartbroken; 90s; memories,126,59,22.847319,0,160.0,6.957499999999997,0.008696874999999996,0.008394527249897296,0.6883328119514255,Love Gets In The Way (Album Version)
TRHRXAE128F92C1CDE,SOSMYLZ12A8C1417B6,ARTQ8QP1187FB3D220,Leonard Cohen,The Stranger Song,Songs Of Leonard Cohen,1967,307.25179,0.800189481583,0.564623405405,folk,folk; singer-songwriter; leonard cohen; acoustic; rock,521,181,56.115951,0,426.0,240.90124999999958,0.3011265624999995,0.1208592750675794,0.4971205446381256,I'd Like To Have That One Back
TRHWJQG128F92FD821,SOVZENG12AB01831F7,ARQUO3Z1187B98C912,Brandy,Give Me You,Brandy,1994,266.00444,0.858761958756,0.463416059962,r&b/soul,Brandy; all of my songs; soul tag,244,64,50.249378,0,459.0,76.78874999999992,0.0959859374999999,0.04206659990138778,0.4888152706435525,I'd Like To Have That One Back
TRWUEMB128F148CCAC,SOISTCM12A6310EE92,ARDW3YJ1187FB4CCE5,Athlete,New Project,Vehicles & Animals,2003,217.25995,0.711155653995,0.492318660411,rock,indie; britpop; indie rock; alternative; british,157,62,27.331301,0,169.0,177.5787499999999,0.22197343749999987,0.1793539570137793,0.4878990560684231,I'd Like To Have That One Back
TRBYLRP128F4255813,SOCBUQK12A8AE48B83,ARDV3AV1187FB551C9,J. Holiday,Back Of My Lac',Back Of My Lac',2007,289.2273,0.820093099219,0.566621891097,r&b/soul,rnb; j holiday; soul; Holly; q,501,149,82.067046,0,296.0,212.0112500000003,0.26501406250000037,0.07142315908351354,0.5943164983780445,Marina Del Rey
TRUXRZH128F92F703B,SOGXJYY12AB017D11A,ARWZ9W91187B9B2B29,Black Sabbath,Sweet Leaf,Greatest Hits,1971,303.0722,0.758016549218,0.570075972072,metal,heavy metal; hard rock; classic rock; metal; Black Sabbath,158,73,27.92848,0,292.0,28.980000000000025,0.036225000000000035,0.02869758282305947,0.5274426915601911,Marina Del Rey
TRXKGID128F92E16AD,SODFUFC12A8C1422C5,ARRKURP1187B9998A1,Eleni Mandell,Miracle of Five,Easy Like Sunday Morning,2007,239.15057,0.626848838408,0.419517207214,country,female vocalists; Mellow; country; singer-songwriters; anartfuldodger2010,113,49,30.083218,0,69.0,38.028749999999974,0.047535937499999965,0.03458223818534983,0.5273306008796012,Marina Del Rey
TROMMRU128F4250C74,SOJEHCU12A8C135F07,AR940HF1187B99CB72,Classified,All About U,Hitch Hikin' Music,2006,272.90077,0.625813213015,0.461771925906,hip hop,Good Stuff; sxsw 2009; rap; The Shit; Nice music,575,216,75.006666,0,570.0,571.545,0.71443125,0.21262896834821493,0.6687777650317286,Milk Cow Blues
TRYUJAX12903CF14E7,SOJLXYO12AC468F5F3,ARTDUXM1187B9899ED,Charley Patton,Shake It And Break It,Essential Delta Blues,1989,187.8722,0.574300068277,0.375593582585,blues,delta blues; guitar; Favourites; acoustic blues; Charley Patton,474,80,109.325203,0,557.0,458.88500000000107,0.5736062500000013,0.11524968759127785,0.6385897451338187,Milk Cow Blues
TRYFCKF128F4265FAE,SOFZFSJ12A8C1348FA,AR9I1L41187FB37F0E,Harry Connick_ Jr.,Recipe For Love,Harry Connick_ Jr./We Are In Love,1990,154.90567,0.691133728644,0.53105019318,jazz,jazz; harry connick; swing; Most Awesome; 5 star songs,224,74,35.552778,0,286.0,267.05750000000063,0.33382187500000077,0.20784815381255597,0.6371137299429926,Milk Cow Blues
TRVDAHO128F92F231E,SOXUSKK12A8C144F94,AR0IVTL1187B9AD520,Katy Perry,Hot N Cold (Innerpartysystem Main),Hot N Cold,2008,278.30812,0.929486571068,0.848826278193,electronic,trance; electronic; dance; female vocalists,429,84,103.841225,0,729.0,1179.3187500000029,1.4741484375000036,0.3118068929266915,0.797664954030275,Another Try
TRYMECK128F428253F,SOEDEUM12A8C13EEBB,ARH2RTQ1187B9AFF57,Husker Du,You're A Soldier,Warehouse: Songs And Stories,1987,184.18893,0.688305622609,0.518314166387,rock,80s; 1987; Love; alternative rock; favorites,161,64,29.223278,0,248.0,170.0125000000011,0.21251562500000137,0.15962020922885664,0.780576638817054,Another Try
TRSYOTR128E078E784,SOVNOVA12A6701F64E,AROISRS11F43A69F49,B.B. King,Jack_ You're Dead!,Let The Good Times Roll:  The Music Of Louis Jordan,0,129.48853,0.641126734432,0.467666633846,blues,blues,220,95,35.735137,0,288.0,147.71125000000006,0.1846390625000001,0.11420716955452782,0.7743123616322783,Another Try
TRKKSER128F4241C16,SOTWIVR12A8C13206A,ARMCOA11187FB519CA,Pretty Maids,Perfect Stranger,Wake Up To The Real World,2006,275.1473,0.605156883745,0.432619274917,metal,cover; metal; deep purple cover; ambiance; deep purple,177,82,28.740216,0,116.0,151.34249999999997,0.18917812499999997,0.1451806538062743,0.7408304133687239,As Fast As I Could
TRPNSHU128F428049F,SOWFRAG12A8C13B3A6,ARG4O9Y1187B9ACC81,The Darkness,Givin' Up (Clean Version),Permission To Land,2003,213.60281,0.798559020507,0.499930949501,rock,rock; hard rock; rock n roll; alternative; doom metal,251,79,62.920585,0,78.0,51.40374999999988,0.06425468749999985,0.02234738314192856,0.7350005406724144,As Fast As I Could
TRUOWXS128F4232239,SOWKTKB12A8159E8F7,ARQH3WI1187FB5647C,Little Anthony & The Imperials,Shimmy_ Shimmy_ Ko-Ko-Bop (Single Version),Doo Wop Classics_ Vol. 2,0,130.35057,0.0,0.412211331107,latin,little anthony; stevewaz; waz fm oldies; waz fm latino 2,165,87,22.293497,0,119.0,34.88625,0.043607812499999996,0.04333180584318115,0.7317444599241864,As Fast As I Could
TREAQSX128E07818CA,SOAWSML12A6310F1B7,ARF8HTQ1187B9AE693,Daft Punk,One More Time (Romanthony's Unplugged),Daft Club,2003,218.64444,0.902840573925,1.02125558749,electronic,electronic; acoustic; pop; french; 00s,207,86,32.186954,0,259.0,167.0025000000003,0.2087531250000004,0.1439976765713551,0.5538370595356991,One More Time / Aerodynamic
TRNKEWV128F92DB152,SORGURJ12A8C136940,AR3NZDQ1187FB3A628,Nneka,From Africa 2 U,No Longer At Ease,2008,233.16853,0.70274122711,0.489118489392,r&b/soul,Neo Soul; Nneka; jazz; funk; Timbaland,144,82,16.522712,0,73.0,276.2487499999997,0.34531093749999964,0.4675423510335225,0.4983364640381826,One More Time / Aerodynamic
TRVBBVN128E078A608,SOQVQVE12A6701E644,ARE3CAD1187FB40A41,Fair Warning,Take Me Up,Fair Warning,0,268.40771,0.558404177344,0.42813299143,metal,heavy metal; hair metal,199,79,27.386128,0,157.0,414.94749999999976,0.5186843749999998,0.42334930619516115,0.4810534579218105,One More Time / Aerodynamic
TRGLGNR128F1487A6F,SOHTMAA12A6D4F5F41,ARYZ8BG1187FB52ABB,Manafest,Runaway,Glory,2006,198.19057,0.591937418994,0.56333533018,hip hop,Christian Rap; great song; rap; Hip-Hop; ladny churek,551,191,85.924385,0,468.0,435.0887499999998,0.5438609374999998,0.14024079938871972,0.7156599537949512,One More Time (Romanthony's Unplugged)
TRZPHVT128F4298109,SOXRZDG12A8C1389E1,ARQNLH31187B9ADC1D,The Cat Empire,The Car Song,Two Shoes,2005,262.42567,0.685071701775,0.55166407686,reggae,ska; australian; happy; alternative; jazz,404,155,48.877398,0,181.0,227.9437500000008,0.28492968750000097,0.13002009808869847,0.7093541132995728,One More Time (Romanthony's Unplugged)
TRMDSAH12903CAF58C,SOSNBCQ12AB0188A7B,ARB3YN21187FB4FA2F,Ballboy,I Don't Have Time To Stand Here With You Fighting About The Size Of My Dick,The Royal Theatre,2004,233.63873,0.577874986482,0.361750302168,pop,title-tastic; great song titles; radio hugh; song titles: six words or more; long title,299,123,41.012193,0,145.0,236.8824999999995,0.2961031249999994,0.16071923670079055,0.7006955849653108,One More Time (Romanthony's Unplugged)
TREHMYJ128F42BA1E6,SOBOEJV12A8C1424C0,ARAOQ5T1187FB435AB,Björk,Hunter,Hunter,1997,551.05261,0.853153520662,0.559129441527,electronic,electronic; alternative; experimental; female vocalists; bjork,107,50,23.259407,0,108.0,26.336250000000092,0.03292031250000012,0.031014517052821194,0.7662933815228316,Touch It / Technologic
TRRDVQC128EF3495E4,SOQGYPE12A67ADE94A,AR8ICRA1187B9B8A5F,Godsmack,Asleep,The Other Side,2004,238.70649,0.843881639599,0.510003150203,folk,acoustic; godsmack; hard rock; metal; Nu Metal,138,54,33.12099,0,238.0,79.41375000000004,0.09926718750000005,0.06575083380980139,0.7450402402621504,Touch It / Technologic
TRACBWX128F92FD725,SOEIIYR12AB01825B8,ARY02GH1187B99B223,Zombie Girl,I Want It,Back From The Dead,2006,260.54485,0.639165318057,0.443395584874,electronic,industrial; electronic; dark electro; ebm; female vocalists,220,75,42.532341,0,308.0,123.71125000000013,0.15463906250000017,0.07998475480172619,0.7419959272708587,Touch It / Technologic
TRXDZMT128F92C5255,SOOPYMB12A8C14139A,ARYLQXI1187FB3CDFC,Matthew Ryan,Autopilot,Concussion,2001,207.20281,0.693924063519,0.387751278886,folk,folk; americana; singer-songwriter; alt country; cool but sad,155,77,27.45906,0,175.0,36.452500000000036,0.04556562500000005,0.0367181062703576,0.7627958173122791,Boots &  Boys
TRISBQQ128F93217A2,SOSKAYL12AB01884DE,ARPXABO1187FB4D15F,2Pac,Strictly 4 My N.I.G.G.A.Z.,Strictly 4 My N.I.G.G.A.Z.,0,355.47383,0.873186809178,0.517255770086,hip hop,Hip-Hop; hardcore rap; west coast hip-hop; leapsandbounds tapecollection; kaudogg,921,288,104.316825,0,785.0,333.9875000000008,0.417484375000001,0.08954557503562413,0.7402489138865153,Boots &  Boys
TRVQVOK128F423C8B6,SOFZNJD12A8AE477DE,ARFJZRY1187FB3C85E,Bette Midler,Friends/Oh My My (LIve),Live At Last,0,255.26812,0.685244285268,0.52881351314,folk,funny; feelgood; Bette1; good movin music; annymix,505,132,82.2253,0,454.0,206.75875000000065,0.2584484375000008,0.06961767819021315,0.7117730219934595,Boots &  Boys
TRDPGXU128F9339C2A,SOELYON12AB01876A3,ARLHO5Z1187FB4C861,Beastie Boys,B-Boy Bouillabaisse: A.W.O.L. (2009 Digital Remaster),Paul's Boutique (20th Anniversary Remastered Edition),0,105.56036,0.853124523276,0.591628024008,hip hop,hip hop; leapsandbounds CDCollection,1746,505,153.652205,0,1067.0,751.1762500000004,0.9389703125000005,0.1386179883576813,0.7028861071784921,Animal
TRZPHVT128F4298109,SOXRZDG12A8C1389E1,ARQNLH31187B9ADC1D,The Cat Empire,The Car Song,Two Shoes,2005,262.42567,0.685071701775,0.55166407686,reggae,ska; australian; happy; alternative; jazz,404,155,48.877398,0,181.0,227.9437500000008,0.28492968750000097,0.13002009808869847,0.687749066826084,Animal
TRJBVSW128F9314E72,SOWXGRE12AF72A0B2A,ARWHM281187FB3D381,Souls Of Mischief,Fa Sho Fo Real,No Man's Land,1995,299.91138,0.649157388233,0.469177429437,hip hop,hip hop; souls of mischief; don m; almetchill; Fa Sho Fo Real,513,233,46.411206,0,328.0,477.80749999999966,0.5972593749999996,0.29290251326960487,0.6836876754049455,Animal
TRWVXWR128F92CF848,SOBMPUY12A8C14357E,ARWVVVP1187FB52F31,Mark Wills,She's In Love,The Definitive Collection,1998,283.84608,0.679789023574,0.483035298046,country,country; mark wills; beautiful; Favourite Songs; hand-picked country,330,102,59.329588,0,347.0,169.18000000000004,0.21147500000000005,0.07884592908145438,0.6158463475918288,Hot N Cold (Innerpartysystem Main)
TRFEVDF128F4214874,SOPCKMV12A6D4FBA7B,ARIK43K1187B9AE54C,Lionel Richie,She's Amazing,Just For You,2004,274.80771,0.776675855685,0.553071991462,r&b/soul,80s; soul; pop; motown,228,73,43.954522,0,55.0,59.365000000000094,0.07420625000000011,0.03708337229625776,0.6156370242780561,Hot N Cold (Innerpartysystem Main)
TROMGSH128F427A408,SOBADWZ12CF5F86CD7,AR5FP401187FB523C9,Bob Dylan,She Belongs To Me,Self Portrait,1965,162.89914,0.841742616105,0.622134167873,folk,folk; 60s; folk rock; singer-songwriter; rock,166,73,28.284271,0,61.0,45.28749999999993,0.05660937499999991,0.044126564137908324,0.6119100932850764,Hot N Cold (Innerpartysystem Main)
TRRDSTH12903CF37F7,SOBXMXV12AC468A74F,ARL99WU1187B98FB1F,Skip James,Devil Got My Woman,Devil Got My Woman,1931,314.43546,0.623698243161,0.421795209615,blues,blues; delta blues; Classic Blues; acoustic; country blues,236,83,36.783148,0,343.0,38.09624999999993,0.04762031249999991,0.02873822689535476,0.6969846376704287,Captains and Cruise Ships
TROFBXV128F9326CD8,SOGZHOM12AB017D9C1,AR3WYZ21187B9B4F3F,Bikini Kill,Demirep,The Singles,1993,166.81751,0.672448115512,0.504782873991,punk,punk; riot grrrl; female vocalists; punk rock; rock,228,98,34.307434,0,281.0,193.29374999999993,0.2416171874999999,0.15607201897163078,0.6941227361670762,Captains and Cruise Ships
TRRIKJJ128F426F559,SOMQGET12A8C133D42,ARTN7KV1187FB4CF64,Amerie,Can't Let Go,All I Have,2002,261.72036,0.824199579564,0.512522676107,r&b/soul,rnb; thats my shizznit; f rb; k-afternoonradio; kmem3800,437,86,95.702665,0,816.0,140.53875,0.1756734375,0.04042452748937297,0.6830879208593831,Captains and Cruise Ships
TREIANS128F147AD97,SOLJYMK12A6D4F73B0,ARO7DTP1187B9A1D2B,The Puppini Sisters,I Will Survive,Betcha Bottom Dollar,2006,241.00526,0.687549908847,0.627258614097,jazz,cover; jazz; female vocalists; swing; covers,466,139,69.065187,0,521.0,184.61000000000033,0.2307625000000004,0.07432536280782005,0.8070743817870706,Designer Skyline
TRKLJAG128F42B31CF,SOTGRDJ12A8C13FE2A,ARB8DSE1187FB3CFC4,Mario Vazquez,Everytime I...,Mario Vazquez,2006,241.71057,0.723005147335,0.395148687525,r&b/soul,mario vazquez; Everytime I; soul; rnb; r&b,511,114,125.658267,0,731.0,212.68750000000057,0.26585937500000073,0.046399764746819804,0.7960566044281917,Designer Skyline
TRSTJFQ128F428DA21,SOKVESS12A81C20D36,ARG8DXO1187B9AF743,Less Than Jake,I Think I Love You,Goodbye Blue And White,1997,124.682,0.843322339035,0.554564301721,reggae,ska; punk; covers; ska punk; cover,340,106,66.075714,0,549.0,190.23499999999984,0.2377937499999998,0.07937495040132146,0.7872910495124146,Designer Skyline
TRBEWAM128F145CA91,SOHZVBU12A6D4F7524,ARAYR671187B9923E6,Shannon McNally,Down And Dirty,Jukebox Sparrows,2001,293.53751,0.696663943756,0.370858691752,blues,blues; queer as folk; female vocalists; f singer-songwriter; annymix,306,122,54.083269,0,575.0,184.3937499999996,0.23049218749999953,0.09413593358055952,0.5795693115308373,Early Birdie
TRVLVOT128F1460C61,SOKKTNC12A6D4F84EC,ARNHJW31187B9A2113,Donnie,Do You Know?,The Colored Section,2002,297.24689,0.670412863904,0.41319021535,r&b/soul,Neo-Soul; soul; rnb; male vocalists; spanish-flavored,373,82,70.156967,0,590.0,135.76249999999973,0.16970312499999968,0.05327580853584204,0.5781506783083159,Early Birdie
TRGESLP12903CE31C8,SORXQLX12AB018DCD0,ARDVZTE1187FB5A0A1,Bon Jovi,Superman Tonight,The Dome Vol. 53,2009,312.94649,0.431941309982,0.71889145567,rock,rock; bon jovi; hard rock; Superman Tonight; pop rock,336,100,48.877398,0,352.0,103.03125000000003,0.12878906250000002,0.0584902588439316,0.5774632974445119,Early Birdie
TREHMYJ128F42BA1E6,SOBOEJV12A8C1424C0,ARAOQ5T1187FB435AB,Björk,Hunter,Hunter,1997,551.05261,0.853153520662,0.559129441527,electronic,electronic; alternative; experimental; female vocalists; bjork,107,50,23.259407,0,108.0,26.336250000000092,0.03292031250000012,0.031014517052821194,0.825608949922456,Meteor Shower
TRZKMDX128F4277845,SOHAZHB12A8C13D09F,AR10B9G1187FB561CE,Lucky Dube,Slave,Best Of,1990,268.35546,0.663224673954,0.44697979301,reggae,reggae; slave; zimbabwe; african stuff; wonderful song,288,70,52.144031,0,189.0,50.18374999999981,0.06272968749999977,0.026361154575067994,0.8129180679595901,Meteor Shower
TRVOXNR128F421A58C,SOXBDSV12B34F25FFB,ARI0EWU1187FB3F1C8,Bracket,Cynically Depressed,When All Else Fails,2000,203.2322,0.56214365629,0.405817777185,punk,punk,182,75,36.633318,0,159.0,77.14500000000001,0.09643125000000001,0.057924999487127767,0.8056591957912287,Meteor Shower
TRLVRJP128F93519FB,SOOENST12AC9E1344B,ARZYMH91187B99CEFC,Atmosphere,Hair,God Loves Ugly,0,1.82812,0.879475075015,0.607960565364,hip hop,Hip-Hop; rap; hip hop; underground hip-hop; leapsandleeloo,718,280,73.42343,0,615.0,369.7937499999997,0.4622421874999996,0.14273599485324537,0.6128290591127443,This Is The Future
TRBDCAH128EF362D31,SOSTXYN12A6D4F67D4,AR82DJK1187B991107,The Pharcyde,Passin' Me By,Bizarre Ride II,1993,303.46404,0.756063870843,0.491468881637,hip hop,hip hop; 90s; rap; classic; songs about the opposite sex,697,235,90.465463,0,644.0,258.33750000000026,0.3229218750000003,0.07965492277250799,0.5947359122532525,This Is The Future
TRDPGXU128F9339C2A,SOELYON12AB01876A3,ARLHO5Z1187FB4C861,Beastie Boys,B-Boy Bouillabaisse: A.W.O.L. (2009 Digital Remaster),Paul's Boutique (20th Anniversary Remastered Edition),0,105.56036,0.853124523276,0.591628024008,hip hop,hip hop; leapsandbounds CDCollection,1746,505,153.652205,0,1067.0,751.1762500000004,0.9389703125000005,0.1386179883576813,0.582038989236258,This Is The Future
TRYXYFR128E078C6B5,SOZGLGT12A67020BA5,ARYSJWK1187B9B32CE,Digital Underground,Sex Packets (LP Version),The Best Of Digital Underground: Playwutchyalike,0,440.86812,0.674105191296,0.51148628336,hip hop,hip hop,483,131,64.753378,0,669.0,357.73625000000106,0.44717031250000133,0.15392693999938553,0.6299231171848717,Kings and Queens (Innerpartysystem Remix Main)
TRFUJVJ128F426F2A2,SOONCPO12AF72A1986,AR8W8P31187B9A4063,Lauryn Hill,Interlude 5,MTV Unplugged No. 2.0,2002,734.48444,0.697206464376,0.580125198887,r&b/soul,ms hill; the realness; The Truth; true; rnb,1903,409,215.044182,0,2233.0,1767.2399999999996,2.2090499999999995,0.23031875953229416,0.6291489352766583,Kings and Queens (Innerpartysystem Remix Main)
TRDJYOH128F429B2F8,SODPAOW12A8C13C53A,ARUEDYX1187B9942C1,Midtown,Knew It All Along (Acoustic),Punk Goes Acoustic,0,171.15383,0.683944143643,0.49234074338,folk,acoustic; Love it; good; loved; ruhig,226,71,38.807216,0,383.0,160.63999999999965,0.20079999999999956,0.11432594882595726,0.6268797913336144,Kings and Queens (Innerpartysystem Remix Main)
TROHQYB128F42423B9,SOEQKOK12A8C135D14,AR0PBMO1187B9B3E21,Epsilon Minus,Ocean Floor,Mark II,2002,315.79383,0.491095165482,0.363193146028,electronic,electronic; futurepop; female vocalists; psytrance and goa; sweetncatchy,182,77,22.781571,0,104.0,266.21624999999983,0.3327703124999998,0.3258919130400961,0.6251653226106457,Bounce
TRFCHUE128F42589B3,SOVQQWJ12AF72A032F,ARDG9GG1187FB57F5F,Raúl Midón,Never Get Enough,State Of Mind,2005,225.56689,0.567232762794,0.396209532051,jazz,acid jazz; jazz; chill; jazzy soul,252,91,40.385641,0,265.0,162.73374999999984,0.20341718749999982,0.11160607737255991,0.6208358983304847,Bounce
TRJNQGW128F9344022,SOMBLID12AB0184C28,ARATR0U1187B9B76D0,Dead To Me,By The Throat,Cuban Ballerina,2006,143.20281,0.710531387969,0.433728781426,punk,punk rock; skate punk; melodic hardcore; Punk melodico; skate punk rock,255,106,34.088121,0,256.0,158.44249999999994,0.1980531249999999,0.12962666461454198,0.5750800701056089,Bounce
TRPZYYZ128F4229F12,SOCJBJD12A8AE479C7,AR4WX0Z1187B99FBB5,Buck-O-Nine,Silence,Sustain,2007,167.8624,0.619571948882,0.372781562731,reggae,ska; ska-punk; ska punk; Like,282,148,61.587336,0,195.0,121.00874999999988,0.15126093749999986,0.0539309693578283,0.9384506416538664,Vanished
TREFFEP128F1484DE6,SOXGPDM12A6D4F99DE,ART4QZC1187FB51612,Janet Jackson,The Lounge,Janet,1993,15.43791,0.881694731307,0.568201421807,blues,rhythm and blues; female vocalists; dance; soul; funk,30,25,5.291503,0,12.0,22.274999999999917,0.027843749999999896,0.1155066567778628,0.583754817861348,Vanished
TRMCHAV128F9306B8D,SOCQFKW12AB01841B5,ARXRPXX1187B9B7251,Los Lobos,Bar Fight,Desperado - The Soundtrack,1995,113.8673,0.695520084213,0.486976082819,latin,Soundtrack; latin; Latin Rock; under 2 minutes long,45,40,6.557439,0,25.0,81.25874999999996,0.10157343749999996,0.34388237527362364,0.3234983196103153,Vanished
TRNEUEW128F9330D05,SONPHFD12AB018A6F4,ARG2UZ71187FB4FF5C,Porter Wagoner,Skid row Joe,Green_ Green Grass Of Home,1966,203.33669,0.592108229144,0.37206162812,country,classic country; country; american; male vocalists; 1965,365,164,45.486262,0,362.0,103.83374999999995,0.12979218749999993,0.06379783330362197,0.7196158720603325,Xxzxcuzx
TRXTZAK128F423626D,SOGXTWI12A8AE47802,ARE36MM1187B991E50,Blind Lemon Jefferson,Broke And Hungry,The Complete Classic Sides Remastered: Chicago 1926 Disc A,1927,182.77832,0.594866645475,0.3828469015,blues,blues; Blind Lemon Jefferson; delta blues; Classic Blues; singer-songwriter,220,93,32.939338,0,287.0,40.766250000000085,0.05095781250000011,0.03432301042048349,0.6998521567846949,Xxzxcuzx
TRACBWX128F92FD725,SOEIIYR12AB01825B8,ARY02GH1187B99B223,Zombie Girl,I Want It,Back From The Dead,2006,260.54485,0.639165318057,0.443395584874,electronic,industrial; electronic; dark electro; ebm; female vocalists,220,75,42.532341,0,308.0,123.71125000000013,0.15463906250000017,0.07998475480172619,0.6979450875812134,Xxzxcuzx
TRIGERV128F1478764,SOCTCEF12A6D4F729F,ARRRWAI1187FB4070F,Con Funk Shun,Electric Lady,Definitive Collection,1985,234.78812,0.576539832864,0.38937334741,r&b/soul,funk; oldskool; 80dance; durock music,371,172,46.978719,0,307.0,188.4712499999999,0.2355890624999999,0.11212744332545327,0.7586413821529893,Die Another Day [Live]
TRAQDFB128F4234E3B,SONBUCS12A81C20848,ARUCT3K1187FB4DED6,Example,Birthday Card,What We Made,2007,282.01751,0.723802272506,0.471996520259,hip hop,Hip-Hop; Lieblings-HipHop-Dingas,722,269,67.889616,0,363.0,306.6162499999991,0.38327031249999893,0.12654762082263699,0.7323653117677463,Die Another Day [Live]
TRNCYSP128F426DF26,SONNWRR12A58A7A51D,ARBQPXY1187B98D67B,Kris Kristofferson,When I Loved Her,THE SILVER TONGUED DEVIL AND I,1971,183.50975,0.732393706523,0.496224348644,country,country; singer-songwriter; vocal; best; Traditional Country,232,101,32.403703,0,174.0,162.2224999999999,0.2027781249999999,0.13942825240348278,0.7159675438241065,Die Another Day [Live]
TRVWFVQ128F9316F97,SOBANVU12AB01879A7,ARDSMT71187FB52D10,Avant,Out of Character,Avant,2008,222.95465,0.850584461589,0.573337429721,blues,rhythum and blues tag; soul; rnb; avant; James Fauntleroy,387,121,60.712437,0,652.0,415.7849999999994,0.5197312499999992,0.19017485784999666,0.7574345796000452,Perfect (Nellee Hooper Instrumental)
TRDENDW128F42747AE,SOTXPMT12A8C134C98,ARFM0TP1187B9A0745,Delta Goodrem,Predictable,Innocent Eyes,2003,220.89098,0.742814725048,0.459946749674,pop,pop; female vocalists; delta goodrem; female vocalist; australian,254,82,48.010416,0,524.0,174.42624999999924,0.21803281249999906,0.10025555970785506,0.7410928564350325,Perfect (Nellee Hooper Instrumental)
TRHMLCK128F93085F2,SOQFPFX12AB017B8F9,ARCNYM11187FB3FEB1,Jeff Timmons,Can't You See,Whisper That Way,2004,238.602,0.577880792522,0.294843621803,pop,pop; rnb; male vocalists; american; english,307,72,66.468037,0,705.0,367.43249999999904,0.4592906249999988,0.15209145847836872,0.7369599271697406,Perfect (Nellee Hooper Instrumental)
TRYPTGW128F4236C7B,SOHPUVD12A8C131E8C,ARPUEAL1187FB57814,Gov't Mule,Tear Me Down,The Deep End_ Vol. 1,2001,370.12853,0.697174183427,0.527548582288,blues,blues; rock n roll; electric blues,185,83,29.631065,0,291.0,95.83749999999982,0.11979687499999978,0.08981881432669285,0.6302720756048771,Love At First Sight (The Scumfrog's Beauty And The Beast Vocal Edit)
TRYERGH128F93385F5,SOFLQWR12AB01802E8,ARM5JLS1187FB3615B,Tammy Wynette,Don't Come Home A Drinkin' (With Lovin' On Your Mind),The World Of Tammy Wynette,1967,123.21914,0.606118645697,0.440376094976,country,country; Country Women Singers; country taggradio; tammy wynette taggradio,176,81,25.729361,0,202.0,56.03499999999986,0.07004374999999982,0.06048645707271053,0.6269944742992307,Love At First Sight (The Scumfrog's Beauty And The Beast Vocal Edit)
TRERCKP128F425A5B0,SOCXTET12A8C13C087,ARDRJSP126E2B3BEF8,Spiritualized,Step Into The Breeze,Lazer Guided Melodies,1992,165.14567,0.728730057017,0.478711519974,rock,1992; 1990s; Good Stuff; chillout; weather,89,44,16.03122,0,146.0,11.863750000000003,0.014829687500000004,0.020452836066160385,0.6111233892571014,Love At First Sight (The Scumfrog's Beauty And The Beast Vocal Edit)
TRDDLBB128F148089E,SOMPESO12A6D4F97E9,ARCXKY91187B9ACA99,Diana Krall,Exactly Like You,From This Moment On,2006,182.46485,0.747939215284,0.561394074956,jazz,jazz; vocal jazz; swing; Diana Krall; female vocalists,179,55,29.799329,0,269.0,115.61749999999984,0.1445218749999998,0.10731137306501166,0.9582978424650743,I Am Not A Whore
TRBYEWT128F42A8E30,SOPMIZX12A8C13FD5F,AR7WSXC1187FB37A2E,Dragonette,True Believer,Galore,2007,222.9024,0.690071980947,0.540375674693,electronic,electropop; female vocalists; pop; sexy; dance,279,107,45.122057,0,502.0,137.1349999999997,0.17141874999999962,0.08399596875687704,0.7657495151401532,I Am Not A Whore
TRWLKBS12903CC57D7,SOPCWSS12AF72A2A0F,AREFJQ111C8A422105,Good Old War,Tell Me (Acoustic),Good Old War: The PureVolume.com Sessions,0,165.01506,0.63032052007,0.554680550116,folk,guitar; acoustic; indie; great vocals; harmony,211,112,29.257478,0,329.0,155.05750000000023,0.19382187500000028,0.14790014528439405,0.7529060977501418,I Am Not A Whore
TRMDJCE128F42669B1,SOZOCYQ12A58A7CB92,ARWXN7M1187B98C47D,Babyface,Given A Chance,Love Songs,1989,256.39138,0.668786232311,0.553991396655,r&b/soul,RB; Babyface; rnb; 90s; love songs,320,101,48.928519,0,456.0,154.1574999999996,0.1926968749999995,0.08730368258835733,0.7800629075424567,Fever
TRCGGZQ128F4264FF7,SOILUSH12A8C133CD5,ARV9EYP1187FB3F55C,Jack Ingram,You Never Leave,Electric,0,233.01179,0.700759642604,0.50501073098,country,Alt-country; country; boring; poor voice,227,94,42.520583,0,358.0,151.33249999999978,0.18916562499999973,0.09823242429831801,0.7702739775216673,Fever
TROQXAM128F93228BE,SOAEIKA12AB017E908,ARVA5B71187B9A0FCD,Incognito,Spellbound And Speechless,Best Of Incognito,1995,245.62893,0.693952590684,0.51122068147,jazz,acid jazz; soul; jazzy soul; funky jazz; jazzy funk,116,69,19.209373,0,169.0,54.666249999999906,0.06833281249999988,0.07881508419406218,0.7695696035625132,Fever
TRFXTXA128F148206F,SOYTUDS12A6D4F7804,ARG0TXR1187FB4E708,The Spencer Davis Group,I Can't Stand It,Out Of Sight: More Sounds From The In Crowd,1965,128.522,0.649439361407,0.421518567267,blues,60s; mod; UK; rhythm and blues; classic rock,187,43,42.638011,0,317.0,88.8375,0.111046875,0.05722863128190263,0.7916438799363176,Freestate
TRQQLZD128F425E9BC,SOYSABZ12A58A7CAE3,AR52EZT1187B9900BF,Alicia Keys,Tell You Something (Nana's Reprise),As I Am,2007,268.06812,0.93391610637,0.778673579184,r&b/soul,soul; Alicia Keys; rnb; female vocalists; pop,612,113,110.715853,0,609.0,199.39249999999956,0.24924062499999944,0.04981679245253407,0.7577329900309941,Freestate
TRJNKNK128F42337B0,SOETPFX12A81C23585,ARP8KLI1187B99BE6F,Chuck Ragan,California Burritos,Feast or Famine,2007,164.15302,0.683057898005,0.467049902865,folk,acoustic; folk; Favorite; folk punk; great lyrics,130,51,29.765752,0,94.0,60.70500000000019,0.07588125000000023,0.05606936924799766,0.7449696525339053,Freestate
TRFWLDO128F93613DF,SOPPZGK12AF72A6C1F,ARSHZBZ1187B98A445,Joe Bonamassa,Ball Peen Hammer,Live From Nowhere In Particular,2007,263.75791,0.675919556522,0.511054353898,blues,blues rock; blues; guitar; rock; joe bonamassa,216,78,42.661458,0,168.0,93.1124999999995,0.11639062499999937,0.06010073029364688,0.7916438799363176,Personal Jesus
TRDHWHD128F931BCA3,SOWTLOT12AB0184E9D,ARE26EG1187B990AEF,Sunscreem,Pressure,Pressure,1992,349.93587,0.546727553963,0.386180416079,electronic,electronica; female vocalists; pop; dance; 90s,401,103,63.741666,0,667.0,173.63624999999993,0.21704531249999992,0.0752626670516499,0.7704710530821144,Personal Jesus
TRAVRDM128F42956AF,SOOUUAE12A8C1397DA,ARWLSG71187FB4CEEB,Bay City Rollers,Where Will I Be Now,Starke Zeiten,1975,212.74077,0.699329093747,0.463029191363,pop,pop; oldies,165,77,24.839485,0,240.0,124.21625000000017,0.15527031250000023,0.13889262132518634,0.7562980743621441,Personal Jesus
TRTPMBB128F42934F8,SOKRKJD12A8C13C4AC,AR2N24K1187B999361,Sage Francis,Keep Moving,Human The Death Dance,2007,276.06159,0.724706201256,0.524949698458,hip hop,Hip-Hop; test; brilliant; I like; Great Lyricists,660,246,71.386273,0,546.0,287.51250000000033,0.3593906250000004,0.11319138138170197,0.7349732735245154,Broken
TRXTZAK128F423626D,SOGXTWI12A8AE47802,ARE36MM1187B991E50,Blind Lemon Jefferson,Broke And Hungry,The Complete Classic Sides Remastered: Chicago 1926 Disc A,1927,182.77832,0.594866645475,0.3828469015,blues,blues; Blind Lemon Jefferson; delta blues; Classic Blues; singer-songwriter,220,93,32.939338,0,287.0,40.766250000000085,0.05095781250000011,0.03432301042048349,0.7257734279886712,Broken
TRECYJW128F4289D1C,SODZKUG12A8C13C579,ARPKK761187FB4D53C,The Ataris,Myself,...Anywhere But Here,1997,138.65751,0.827853769867,0.517328583566,punk,punk rock; life; pop punk; The Ataris; Downloads,260,119,41.701319,0,265.0,54.95374999999988,0.06869218749999985,0.03655499483569,0.724945339349666,Broken
TRNVKOI128E0799173,SOIYRHZ12A67AD8126,ARZ5H0P1187B98A1DD,Snoop Dogg,Snoopafella (Edited),The Best Of Snoop Dogg,0,263.54893,0.853831633625,0.608910282835,hip hop,rap; 90s hip-hop; FAV all time,948,322,98.833193,0,670.0,382.57000000000016,0.4782125000000002,0.10868260493110884,0.7089819235904035,Kids With Guns (Quiet Village Remix)
TRNEUEW128F9330D05,SONPHFD12AB018A6F4,ARG2UZ71187FB4FF5C,Porter Wagoner,Skid row Joe,Green_ Green Grass Of Home,1966,203.33669,0.592108229144,0.37206162812,country,classic country; country; american; male vocalists; 1965,365,164,45.486262,0,362.0,103.83374999999995,0.12979218749999993,0.06379783330362197,0.7024452823838991,Kids With Guns (Quiet Village Remix)
TRFUJVJ128F426F2A2,SOONCPO12AF72A1986,AR8W8P31187B9A4063,Lauryn Hill,Interlude 5,MTV Unplugged No. 2.0,2002,734.48444,0.697206464376,0.580125198887,r&b/soul,ms hill; the realness; The Truth; true; rnb,1903,409,215.044182,0,2233.0,1767.2399999999996,2.2090499999999995,0.23031875953229416,0.6948184841220065,Kids With Guns (Quiet Village Remix)
TREBQOW128F92C4549,SOLIKYJ12A8C13F7DA,AR54RGR1187FB51D10,Common,Book Of Life,thisisme then: the best of common,1994,306.85995,0.865128983978,0.53481975015,hip hop,Hip-Hop; hip hop; hiphop; rap; Jazz Hop,569,226,78.663842,0,373.0,293.21500000000054,0.36651875000000067,0.10351864197737916,0.7129506703924572,Rhinestone Eyes
TROXHLM128F4266510,SOMPUQO12A8C13A574,ARFB30B1187FB42AB9,Blues Traveler,Hook,Live at Lollapalooza 2006: Blues Traveler,1994,254.77179,0.782882968096,0.47363161033,blues,blues rock; rock; 90s; blues; harmonica,378,161,48.062459,0,365.0,257.59749999999985,0.3219968749999998,0.14937749456144822,0.7072544145407753,Rhinestone Eyes
TRGHYGG12903CAC100,SORLWRB12D02199388,ARLMXEA1187B9A7D04,R. Kelly,Kickin' It With Your Girlfriend,TP.3 Reloaded,2005,214.12526,0.811506286892,0.796033968652,r&b/soul,rnb; r kelly; sad; Someone tagged this song as their favorite song; situations,642,146,92.639085,0,728.0,679.6999999999999,0.849625,0.20423537497969046,0.7001955170916906,Rhinestone Eyes
TRNDCLW12903CE5FB1,SOCNIFV12AC4688802,ARQM3CJ1187B9B7AD1,Natalie Imbruglia,All The Roses,Come To Life,2009,207.12444,0.816954587219,0.523788766559,pop,pop; female vocalists; experimental; favorites; sweet,248,81,45.96738,0,318.0,184.37125000000094,0.23046406250000118,0.11076982164716136,0.5682517341601645,Invaders Must Die
TRAQOZG128F4263EE2,SOQHTBN12A8C138B87,ARVZBE01187B9AC5D4,Level 42,To Be With You Again,Running In The Family / Staring At The Sun,1987,346.04363,0.649998791152,0.434426484425,pop,80s; Level 42; pop; funk; rock,376,116,65.046137,0,563.0,200.74624999999972,0.25093281249999966,0.08528097439060751,0.5250537956171502,Invaders Must Die
TRWXMJX128F9340D54,SOJPPMC12AB0183F09,AR6J5DI1187FB4CF6E,America,You Can Do Magic,View From The Ground,1982,236.43383,0.602058835618,0.468797401926,rock,classic rock; 70s; pop; soft rock; 80s,327,89,51.555795,0,441.0,169.26750000000067,0.21158437500000082,0.09089857833603569,0.5150766854560375,Invaders Must Die
TRVOXNR128F421A58C,SOXBDSV12B34F25FFB,ARI0EWU1187FB3F1C8,Bracket,Cynically Depressed,When All Else Fails,2000,203.2322,0.56214365629,0.405817777185,punk,punk,182,75,36.633318,0,159.0,77.14500000000001,0.09643125000000001,0.057924999487127767,0.8432831399111526,Wake Up Call (Album Version)
TRUPCGD128F4282340,SOQWCBD12A8C137B09,AR7GVU91187B99F7E2,Omarion,I'm Gon' Change,O,2005,258.66404,0.82502799479,0.600131865098,r&b/soul,Love; rnb; Omarion; soul; hiphop,596,116,113.789279,0,845.0,230.36999999999998,0.28796249999999995,0.055832621984324086,0.82060885713277,Wake Up Call (Album Version)
TRQMGEQ128F145F0AF,SOJSKMM12A6D4F623E,ARDSWIE1187FB39056,Gang Starr,Gotta Get Over (Taking Loot) (Explicit),Full Clip: A Decade Of Gang Starr,0,224.67873,0.705881776978,0.491178953749,hip hop,hip hop; Hip-Hop; influential; underrated; us,542,216,65.268675,0,411.0,287.302500000001,0.35912812500000124,0.12295450130785444,0.813684313783687,Wake Up Call (Album Version)
TRDQIWP128F9342105,SOFBIKE12AB01863B8,ARZWN6W1187FB3EF25,Company Flow,The Fire In Which You Burn (feat. J-Treds & The Brewin From The Juggaknots),Funcrusher Plus,1997,302.18404,0.596429820827,0.405395600857,hip hop,rap,841,381,65.076878,0,520.0,429.46375,0.5368296875,0.1884196354936046,0.6833683164765103,We Gonna Rock
TRFYGMB128F425A7A2,SOXDIRH12A8AE45FD5,ARBAW9R1187B98FB6B,Natasha Bedingfield,Stumble,Unwritten,2005,216.37179,0.900967633961,0.769674279295,pop,pop; Natasha Bedingfield; female vocalists; british pop; sweet,333,113,53.037722,0,580.0,163.19625000000033,0.20399531250000041,0.08524679752027038,0.6703073215830222,We Gonna Rock
TRQWLQU128F42BCBC6,SOBSUVM12A8C13F7BC,AR6J5DI1187FB4CF6E,America,Sister Golden Hair,Here & Now,1975,205.19138,0.602058835618,0.468797401926,rock,70s; classic rock; soft rock; rock; america,238,77,37.960506,0,296.0,96.51375000000007,0.1206421875000001,0.0703816650493556,0.6565906356299251,We Gonna Rock
TRGNBRZ128F9300AF5,SOQQCPC12A8C140EF3,ART70HI1187B9A37BC,Elmore James,Dust My Broom,Very Best Of The Blues,1965,169.9522,0.619366855459,0.43482343141,blues,blues; Chicago Blues; Classic Blues; guitar; electric blues,224,68,39.673669,0,130.0,20.057499999999987,0.025071874999999983,0.013940540278468798,0.9999999999999999,The Great Collapse
TRVCSYQ128F425A835,SOFYJLY12A8AE458AE,AR6BJ1V1187B9AE3B7,Fleetwood Mac,I Believe My Time Ain't Long,The Pious Bird Of Good Omen,1969,181.86404,0.747903749594,0.576036185746,blues,blues; classic rock; blues rock; rock; undergraduate years,157,65,28.965497,0,99.0,-10.366249999999992,-0.01295781249999999,-0.009870860762352085,0.9267578286355703,The Great Collapse
TRVUTUU12903CD46E5,SOEEAKI12AB018F292,ART70HI1187B9A37BC,Elmore James,Dust My Blues,Memphis Blues,1960,163.47383,0.619366855459,0.43482343141,blues,blues; blues rock; guitar; Classic Blues; Slide Blues,151,54,28.757608,0,158.0,9.10625000000001,0.011382812500000013,0.008731887264939956,0.8370439327492323,The Great Collapse
TRUVVFR128F4248609,SOHGOSZ12A8C134848,ARTBYYJ11F4C83C244,KRS ONE,I'm On The Mic,Life,0,245.4722,0.622034584456,0.544583987397,reggae,ElectglitchdubhoP; Hip-Hop; spy rap,506,213,49.305172,0,347.0,451.2412500000004,0.5640515625000004,0.2577548347584858,0.6302440715064602,Electric Barbarella (Radio Edit)
TRMKEJT128F428CB0A,SOSEJXZ12A8C13FA6A,ARQ0VFO1187B99A938,Cephalic Carnage,Rehab,Exploiting Dysfuntion,2000,351.89506,0.783193876507,0.470557765697,metal,grindcore; death metal; Rocky Mountain HydroGrind; metal; Brutal Death Metal,385,202,30.033315,0,255.0,234.10249999999965,0.2926281249999996,0.22282542043531675,0.6194045373800215,Electric Barbarella (Radio Edit)
TRFQOYT128F428CB18,SOZLVSN12A58A7F216,ARQ0VFO1187B99A938,Cephalic Carnage,Eradicate Authority,Exploiting Dysfuntion,2000,353.74975,0.783193876507,0.470557765697,metal,grindcore; death metal; Technical Death Metal; Brutal Death Metal; metal,328,168,31.192948,0,332.0,147.26124999999993,0.18407656249999993,0.1325247969526049,0.6187137087773233,Electric Barbarella (Radio Edit)
TRRFMYC128EF348C72,SOFPUCR12A6D4F7F34,AR4GAFY1187B9B639D,B.B. King,You Done Lost Your Good Thing Now,The Blues Anthology,1965,315.53261,0.708735400038,0.542289933434,blues,blues; over 5 minutes long; Ballad; blues rock; classic,268,67,52.019227,0,715.0,37.93750000000002,0.04742187500000003,0.020124356620942373,0.7692093446069374,Pluto
TRPBTSJ128F42A3168,SOCTMXF12A8C13BF5C,ARHLSMN1187B98D8D7,Harry Belafonte,Angelina,Harry Belafonte - I Miti Musica,1961,236.48608,0.667204447187,0.508376104749,latin,calypso; oldies; latin; names; jamaican,218,106,34.885527,0,353.0,100.29374999999978,0.12536718749999973,0.07958936001602886,0.7643205200838595,Pluto
TRVWFVQ128F9316F97,SOBANVU12AB01879A7,ARDSMT71187FB52D10,Avant,Out of Character,Avant,2008,222.95465,0.850584461589,0.573337429721,blues,rhythum and blues tag; soul; rnb; avant; James Fauntleroy,387,121,60.712437,0,652.0,415.7849999999994,0.5197312499999992,0.19017485784999666,0.7615641803148367,Pluto
TRSZNIY128F14A437E,SODKPMR12A6D4F9BB9,ARUJZFJ1187B9B135F,Shania Twain,Man! I Feel Like A Woman!,Come On Over,1997,234.55302,0.870033796618,0.546326119552,country,country; pop; Shania Twain; 90s; country pop,339,91,52.134442,0,131.0,207.73999999999975,0.2596749999999997,0.11024733748039918,0.6958983332758587,Delta Bay
TRXKGID128F92E16AD,SODFUFC12A8C1422C5,ARRKURP1187B9998A1,Eleni Mandell,Miracle of Five,Easy Like Sunday Morning,2007,239.15057,0.626848838408,0.419517207214,country,female vocalists; Mellow; country; singer-songwriters; anartfuldodger2010,113,49,30.083218,0,69.0,38.028749999999974,0.047535937499999965,0.03458223818534983,0.6029985075790628,Delta Bay
TRPNSHU128F428049F,SOWFRAG12A8C13B3A6,ARG4O9Y1187B9ACC81,The Darkness,Givin' Up (Clean Version),Permission To Land,2003,213.60281,0.798559020507,0.499930949501,rock,rock; hard rock; rock n roll; alternative; doom metal,251,79,62.920585,0,78.0,51.40374999999988,0.06425468749999985,0.02234738314192856,0.5623317801970323,Delta Bay
TRGIGND128F92D45AA,SOXNHRA12A8C144BB3,ARJ1K7W1187FB3C1EB,Canned Heat,Dust My Broom,On The Road Again,1971,345.23383,0.6753573051,0.463889743073,blues,blues; blues rock; classic rock; 60s; rock,223,67,39.673669,0,130.0,20.057499999999987,0.025071874999999983,0.013940540278468798,0.9999999999999999,We Are The People (Shazam Remix)
TRVCSYQ128F425A835,SOFYJLY12A8AE458AE,AR6BJ1V1187B9AE3B7,Fleetwood Mac,I Believe My Time Ain't Long,The Pious Bird Of Good Omen,1969,181.86404,0.747903749594,0.576036185746,blues,blues; classic rock; blues rock; rock; undergraduate years,157,65,28.965497,0,99.0,-10.366249999999992,-0.01295781249999999,-0.009870860762352085,0.9267578286355703,We Are The People (Shazam Remix)
TRVUTUU12903CD46E5,SOEEAKI12AB018F292,ART70HI1187B9A37BC,Elmore James,Dust My Blues,Memphis Blues,1960,163.47383,0.619366855459,0.43482343141,blues,blues; blues rock; guitar; Classic Blues; Slide Blues,151,54,28.757608,0,158.0,9.10625000000001,0.011382812500000013,0.008731887264939956,0.8370439327492323,We Are The People (Shazam Remix)
TRZCHKB128F92CB740,SOFCVMN12A8C141F62,AR4RBOB1187B9AC209,Anastacia,Club Megamix,Pieces Of A Dream,0,708.72771,0.583808862216,0.323553746888,rock,Slow Rock; pop; dance; party; female vocalist,749,201,98.020406,0,1056.0,332.2399999999991,0.4152999999999989,0.09500332699422537,0.762353251754405,You Left Me
TRGDCUM12903CD689C,SOWNOHN12AF729FD83,ARCP94M1187B9B0F56,Every Time I Die,Wanderlust,New Junk Aesthetic,2009,250.30485,0.842423318067,0.564855750477,metal,hardcore; metalcore; Southern Rock; punk; metal,501,174,55.812185,0,397.0,332.9562499999997,0.41619531249999964,0.16813761440036848,0.7522049106640653,You Left Me
TRSWAGF128F4229265,SOWCEWO12A8AE45316,ARC15471187FB4640C,Hurricane,Temptation,Slave To The Thrill,1990,193.27955,0.572431139125,0.346058219921,metal,barbwire hair metal,154,81,25.238859,0,212.0,115.68875000000004,0.14461093750000006,0.12715056465291213,0.7461960286600375,You Left Me
TRTIMMH128F92F2122,SONKVTX12A58A7B8CF,AR60ODO1187FB4D9AB,Joan Baez,The Lily Of The West,Joan Baez_ Vol. Ii,1961,200.09751,0.732261286176,0.455289243597,folk,folk; Joan Baez - Lilly of the West; folk rock; Joan Baez; mmasny,206,94,27.092434,0,159.0,83.81499999999984,0.1047687499999998,0.08540244706830655,0.5831830481650144,The Warning
TRAQDFB128F4234E3B,SONBUCS12A81C20848,ARUCT3K1187FB4DED6,Example,Birthday Card,What We Made,2007,282.01751,0.723802272506,0.471996520259,hip hop,Hip-Hop; Lieblings-HipHop-Dingas,722,269,67.889616,0,363.0,306.6162499999991,0.38327031249999893,0.12654762082263699,0.5732528571399892,The Warning
TRSKLHF128F428BCF8,SOWJKEW12A6D4F5ECA,ARVJOWT1187FB52A08,Justin Nozuka,Mr Therapy Man,Mr Therapy Man,0,213.62893,0.758106365372,0.513790484623,folk,acoustic; Justin Nozuka - Mr Therapy man; indie; pop; folk,211,71,31.32092,0,164.0,65.23875000000005,0.08154843750000007,0.0578610207697343,0.5727488403769447,The Warning
TRDSUZH128F425BAC3,SORIMSV12A8AE46EEC,ARV7VUX1187B9B8D1C,RODNEY CROWELL,Preachin' To The Choir,Fate's Right Hand,2003,308.34893,0.563911026338,0.422743143426,country,country; singer songwriter; country-rock; progressive country; gwd,364,179,41.521079,0,219.0,183.4650000000001,0.2293312500000001,0.12302010392865731,0.5965923199527895,Keep It On Ice
TRRLAGV128F930A2B6,SOVTOMU12A58A7AA48,ARMB95F1187B9B5B93,Cam'Ron,Calm Down,Public Enemy #1,2007,211.85261,0.858270677796,0.515325300572,hip hop,rap; Dipset; sillly,449,206,40.877867,0,276.0,125.30624999999972,0.15663281249999966,0.08620996290729523,0.5929711752998384,Keep It On Ice
TRJXWSW12903CC98F4,SOMHOXK12AB018CB0D,ARXS6PG1187FB4195A,Plan B,Stay Too Long,The Defamation of Strickland Banks,0,224.78322,0.717883781235,0.522825501948,r&b/soul,RB; british; soul; hip hop; Hip-Hop,472,178,61.310684,0,285.0,324.1537500000004,0.4051921875000005,0.14761135216696708,0.5897778759727301,Keep It On Ice
TRDPNYI12903D0517A,SOGJYOR12AB01866A6,ARMYAEZ12086C11AD9,Alexandra Burke,Overcome,Overcome,2009,233.37751,0.704062395244,0.501405492644,r&b/soul,rnb; soul; pop; female vocalists; british,392,96,67.977938,0,469.0,184.0762499999993,0.23009531249999912,0.07489373520496816,0.7493524344256502,The Jester
TROTSZH12903CE8214,SOETPWD12AC468C4B6,ARWNSU01187B98FBF1,Pezz (early Billy Talent),Fairytale,Watoosh!,1999,256.07791,0.537087723892,0.277593603945,rock,Canadian rock; punkrock,285,99,39.862263,0,375.0,125.59125000000013,0.15698906250000016,0.08773677413711833,0.7418198215101782,The Jester
TRQGVDV128F4275567,SOIJIVV12A8C13CB0E,ARPUSI91187B98C5F7,Coal Chamber,Untrue,Chamber Music,1999,206.8371,0.670148021666,0.481293833911,metal,metal; Nu Metal; alternative; industrial metal; Gothic Metal,159,51,30.545049,0,254.0,150.27124999999964,0.18783906249999954,0.13575947335872207,0.7248697941870866,The Jester
TRMZUWA12903C9AF06,SOHSIKC12A58A7D474,AR72OEM1187FB43E2A,Biz Markie,Vapors,Just A Friend - EP,1988,362.29179,0.638593203241,0.418282745711,hip hop,Hip-Hop; old school rap; biz markie; gtasa tracks; work songs,702,279,57.905095,0,307.0,357.80375000000004,0.4472546875,0.17693219282132108,0.5175037815661072,Lazy Days
TRQVULR12903CF6EA0,SOWNUGD12AC90759A3,ARSS4I01187FB400D9,Erin McKeown,A Better Wife,Grand,2003,180.74077,0.644241924129,0.455378786837,folk,female vocalists; folk; singer-songwriter; indie; sad,169,86,23.17326,0,99.0,115.2162500000002,0.14402031250000025,0.1385391660305036,0.4952423876069445,Lazy Days
TRMQPSX128F422EE29,SOPXRIP12A6D4FBE19,AR4RHX31187B9B7FA1,Joe Henry,Our Song,Civilians,2007,379.55873,0.602882102268,0.430336753032,folk,singer-songwriter; rock; voice with feeling; pop; alternative,440,184,47.539457,0,201.0,415.31249999999926,0.519140624999999,0.2460431427613378,0.492203039334739,Lazy Days
TRGDUJZ12903CCCE84,SOMMSAL12AB018DE58,AROWH4C1187B9B11CB,Alan Jackson,It's Just That Way,Freight Train,2009,204.56444,0.78934298521,0.598933825467,country,country; love song; Kate; our song; c8,136,58,23.065125,0,122.0,90.12249999999992,0.1126531249999999,0.1080329157261883,0.6425199415184479,Someone Said Goodbye
TRJEUFZ128F92F3FAE,SOBPJPE12A8C1435DF,ARX8RCZ1187FB3995F,Bruce Hornsby and the Range,The Way It Is,50 Great Songs,1986,237.08689,0.582203849275,0.415225169992,rock,80s; soft rock; piano; bruce hornsby; rock,221,91,32.388269,0,164.0,175.82124999999928,0.2197765624999991,0.1507931453546306,0.627555255437152,Someone Said Goodbye
TRTUCHE128F425B7CC,SOMQFTM12AB0181667,AR7C6G11187B9B4C1E,Jennifer Lopez,The Way It Is,Brave,2007,187.45424,0.877119424278,0.56091265733,pop,pop; affirming; rnb; love song; tangy,416,84,91.038453,0,516.0,590.4225000000005,0.7380281250000006,0.1780869830967783,0.6019404087576123,Someone Said Goodbye
TRNODEK128E07861DD,SOJUCFF12A670203A2,ARNHMFD1187FB3B3F6,LL Cool J,Lollipop,10,2002,287.242,0.749217793049,0.544321914839,hip hop,all time faves; rap; Hip-Hop; rnb; groove,667,214,86.521674,0,887.0,283.1500000000001,0.3539375000000001,0.09107096576251328,0.7561962839199741,The Magic Of The Night
TRWBWCV12903CF1327,SOIAYSB12AC9072AEF,ARROV6A1187B9913A7,Wild Strawberries,Heroine,Heroine,1997,248.08444,0.514366889352,0.356605502946,folk,Pop Folk; Mellow; Canadian; pop; party,169,89,28.861739,0,165.0,40.633749999999935,0.05079218749999992,0.03883503772468873,0.756067027843703,The Magic Of The Night
TRLTTDC128E079380E,SOCTYHG12A679D7E2B,ARE0WH81187B9A7BA3,Rufus Wainwright,Baby,Rufus Wainwright,1998,313.12934,0.754130066262,0.64041969134,folk,singer-songwriter; afternoon; cloudy; beauty; rufus,245,84,43.255058,0,369.0,60.20624999999992,0.0752578124999999,0.03844785583284048,0.747349575969435,The Magic Of The Night
TRIJRST128E0793392,SONQRIB12A6701E797,ARTDHFJ1187B9BA3FA,Samantha Mumba,Never Meant To Be,Gotta Tell You,2001,252.13342,0.631680472151,0.434806675131,r&b/soul,rnb; pop; irish; female vocalists; european pop,247,88,37.98684,0,349.0,122.62375000000013,0.15327968750000015,0.08948971692966566,0.7794405659147895,Gave It A Name
TRANDPI128F425AF41,SOAAZWW12A8AE460E9,AR7OWGF1187FB44CB8,Alice Smith,Dream,For Lovers_ Dreamers & Me,2006,268.64281,0.667993539338,0.450285841217,r&b/soul,female vocalists; Neo Soul; soul; rnb; The L Word,255,107,37.762415,0,423.0,145.13499999999985,0.18141874999999982,0.10697826539401381,0.7792919032730539,Gave It A Name
TRPYXDO128F92E6DCD,SOXVMFB12A6D4FAAFE,ARR9XGB1187B9912E6,Boyz II Men,A Song For Mama,Legacy,1997,302.0273,0.790922847956,0.601184941794,r&b/soul,rnb; BOYZ ll MEN- A SONG FOR MY SOUL; soul; Boyz II Men; 90s,457,109,77.051931,0,872.0,289.37374999999935,0.3617171874999992,0.10397217141834045,0.7549432979231252,Gave It A Name
TRDLQGL128F1458AA5,SOBMJJH12A6D4F64E4,ARYML1P1187B9AF39B,Devo,Whip It,Hot Potatoes: The Best Of Devo,1980,158.04036,0.707839968442,0.532445870959,pop,80s; new wave; pop; alternative; rock,208,62,36.027767,0,159.0,211.03499999999977,0.2637937499999997,0.16099125770903863,0.6179413901701483,The Vanishing Race
TRBVPVV128F425F14F,SOOHYOB12CF5F87A28,ARF8HTQ1187B9AE693,Daft Punk,Touch It / Technologic,Alive 2007,2007,329.45587,0.844450642835,1.01049028868,electronic,electronic; dance; techno; House; Daft Punk,687,175,153.756301,0,495.0,1060.738750000001,1.325923437500001,0.18929618905858062,0.6159753193853014,The Vanishing Race
TRYENYZ128F92EC53D,SOBIMMV12AB01813EC,ARANIJI11F4C83EFD2,The Maytals,Bla Bla Bla,54-56 Was My Number - Anthology 1964 to 2000,1998,164.20526,0.606413782852,0.511244821709,reggae,failure of language; Shed7; spy reggae; shedska,291,52,35.777088,0,62.0,218.03499999999968,0.2725437499999996,0.16752213197076152,0.6101528917732715,The Vanishing Race
TRSEYKD128F427F46E,SOBVQMR12A8C139495,AR4FVK41187FB4BC83,Frankie J,Without You,The One,2005,254.30159,0.761357312241,0.42337640991,r&b/soul,frankie j; rnb; smooth; hot; My Heart,501,134,75.398939,0,547.0,324.56125000000014,0.40570156250000017,0.1198634093647319,0.7845166309029247,All We Ever Do Is Say Goodbye
TRQOSEC128F92D11D3,SOCOTYP12A8C145195,ARNNRN31187B9AE7B7,Al Green,Judy,Hi and Mighty - The Story of Al Green (1969-78),1972,227.91791,0.779490377324,0.599210493315,r&b/soul,soul; 70s; RB; singer-songwriter; rnb,185,90,31.0,0,177.0,91.65624999999939,0.11457031249999923,0.0820508453470086,0.7788810784062077,All We Ever Do Is Say Goodbye
TRUPCGD128F4282340,SOQWCBD12A8C137B09,AR7GVU91187B99F7E2,Omarion,I'm Gon' Change,O,2005,258.66404,0.82502799479,0.600131865098,r&b/soul,Love; rnb; Omarion; soul; hiphop,596,116,113.789279,0,845.0,230.36999999999998,0.28796249999999995,0.055832621984324086,0.7767329020675825,All We Ever Do Is Say Goodbye
TRSKIWR128F1459DA6,SORFIJM12A58A7BEA8,ARKZ13R1187FB54FEE,Josh Turner,You Don't Mess Around With Jim,Long Black Train,0,199.96689,0.791801555556,0.637302342502,country,country; you dont mess around with jim; funny; Love; cover,378,122,53.216539,0,335.0,89.48750000000005,0.11185937500000007,0.04659994544879375,0.5253541970055116,Clarity
TROQARD128F930A35E,SOEBBJB12AB0180370,ARQUCMB1187FB4D3B2,Anti-Nowhere League,(We Will Not) Remember You,The Punk Rock Anthology,1983,121.18159,0.509124116065,0.442948622448,punk,punk; Songs Seen Live,215,89,32.249031,0,231.0,320.8925000000004,0.4011156250000005,0.2756435064821497,0.5229447981232658,Clarity
TRUHUDD128F1464ED7,SOOCEDF12A6D4F804E,ARIPXFO1187B9ACFF9,Erasure,Don't Dance,The Circus,1987,218.95791,0.740348098081,0.497244168797,pop,new wave; synthpop; synth pop; Wilson Seixas; jhs,161,53,31.859065,0,222.0,65.57874999999984,0.0819734374999998,0.05659375200444469,0.5105246444891405,Clarity
TRSJAWV128F429E96D,SOCJPSD12A8C13D6B5,ARWNWCW1187FB52E6F,Susan Tedeschi,It Hurt So Bad,2000 Grammy Nominees--Pop,1998,288.93995,0.639683561369,0.485232665011,blues,blues; blues rock; soul; female blues; female vocalists,282,67,47.169906,0,379.0,152.06375000000028,0.19007968750000034,0.0891291939082072,0.6002197345504068,Why Georgia
TRDRHRG128F428BBDB,SOLXQHT12A8C13BE14,ARN9Q881187FB3D951,The Dells,I Miss You,Standing Ovation - The Very Best Of The Dells,1997,261.45914,0.591696068822,0.387333145782,r&b/soul,soul; rnb; smooth; Old School soul; oldie,293,107,59.059292,0,517.0,71.15749999999971,0.08894687499999965,0.033186793543869775,0.579006582293585,Why Georgia
TRQOSEC128F92D11D3,SOCOTYP12A8C145195,ARNNRN31187B9AE7B7,Al Green,Judy,Hi and Mighty - The Story of Al Green (1969-78),1972,227.91791,0.779490377324,0.599210493315,r&b/soul,soul; 70s; RB; singer-songwriter; rnb,185,90,31.0,0,177.0,91.65624999999939,0.11457031249999923,0.0820508453470086,0.5594171322397224,Why Georgia
TREZUYB128F42572A7,SOCKOZI12AF72A0DCF,ARDL94Q1187FB3B6AF,Mortal Love,Everything,I Have Lost,2005,223.73832,0.592396350767,0.443583052499,metal,Gothic Metal; symphonic metal; Female fronted metal; female vocalists; metal,124,52,21.863211,0,97.0,50.79250000000013,0.06349062500000016,0.06391719713819283,0.6937086931853117,Mudfootball (For Moe Lerner)
TRRZREZ128E078F7E4,SOEBLVC12A6702081E,ARHTHC01187B9B6D2A,Michael McDonald,Peace,In The Spirit-A Christmas Album,0,200.14975,0.712675204333,0.563362693588,r&b/soul,soulful; christmas; piano; strings; vocals,134,84,18.493242,0,120.0,53.5950000000001,0.06699375000000013,0.08081984439176729,0.6066649884233638,Mudfootball (For Moe Lerner)
TRWTVKH128F146FE31,SOHXQKO12AF729D5E4,ARC9YSC1187B99C141,Starfield,Obsession (Beauty In The Broken Album Version),Beauty In The Broken,2006,333.00853,0.700928659752,0.49603293119,pop,christian pop,175,58,28.407745,0,235.0,160.74374999999978,0.20092968749999973,0.1564380662686339,0.6009344844595513,Mudfootball (For Moe Lerner)
TRKKXHG128F421A24C,SOHLNWN12A6D4FD5FF,ARQRSO41187B997463,Dance Hall Crashers,Othello,The Old Record,1993,216.63302,0.537568678189,0.436114774999,reggae,ska; favorites; ska punk; female vocalists,229,117,31.511903,0,337.0,137.93125000000018,0.17241406250000021,0.12198171375034651,0.6276589313861644,Sister Winter
TRDRMPD12903CD03B2,SOZKFMZ12AB0189999,ARN5L1O1187FB4D955,Eyes Set to Kill,All You Ever Knew,Broken Frames,2010,190.69342,0.789836438822,0.564969252798,metal,post-hardcore; metalcore; screamo; eyes set to kill; post hardcore,323,92,50.418251,0,423.0,205.1574999999997,0.25644687499999963,0.11262768236647874,0.621784412849926,Sister Winter
TRSIDED12903CC71E0,SOYXBMO12AF72A28AB,ARPZ50C1187FB5355F,The Acacia Strain,Skynet,Continent,2008,262.16444,0.574241041319,0.45590662702,metal,hardcore; deathcore; metal; metalcore; OMG xBREAKDOWNx,181,93,25.748786,0,256.0,164.2712499999995,0.20533906249999936,0.1771301511188343,0.6164340419701512,Sister Winter
TRYDNTB128F9331278,SOCEMVQ12AB0181AD2,ARKVLYL1187B98DD50,Ginuwine,Only When ur Lonely,Ginuwine... The Bachelor,1996,349.75302,0.78626800889,0.496705942843,r&b/soul,rnb; soft lips; 90s; chillin; raga love songs,362,114,57.463032,0,694.0,136.20249999999996,0.17025312499999995,0.06593049483250452,0.6799402936155944,In A Graveyard
TRLZRCQ128F425E102,SOEUANM12A8AE47FD4,ARSY3S31187B9AFA0E,Death In Vegas,Girls,Scorpio Rising / The Contino Sessions,2002,270.23628,0.711877258454,0.489595660702,electronic,electronic; ambient; Soundtrack; lost in translation; electronica,380,171,44.654227,0,515.0,175.73000000000025,0.21966250000000032,0.11121831176371409,0.6764870011162404,In A Graveyard
TRZCHKB128F92CB740,SOFCVMN12A8C141F62,AR4RBOB1187B9AC209,Anastacia,Club Megamix,Pieces Of A Dream,0,708.72771,0.583808862216,0.323553746888,rock,Slow Rock; pop; dance; party; female vocalist,749,201,98.020406,0,1056.0,332.2399999999991,0.4152999999999989,0.09500332699422537,0.6763368392201944,In A Graveyard
TRHYZQR128F428F5C5,SOAWESO12A8C13AC4E,ARRH63Y1187FB47783,Kanye West,Can't Tell Me Nothing,Can't Tell Me Nothing,2007,273.60608,0.877213745925,1.08250255673,hip hop,Hip-Hop; Kanye West; rap; hip hop; chicago,552,179,74.458042,0,571.0,197.1275,0.24640937499999999,0.0739561964192382,0.7011174828583588,Baby
TRUPZNC128F1465C56,SODITBF12A58A75A24,ARJ6OOG1187B9B8D1B,Deana Carter,Brand New Key,Everything's Gonna Be Alright,1998,198.32118,0.685498374385,0.412731428142,country,country; Deana Carter; female vocalist; female vocalists; romantic,325,91,67.749539,0,238.0,179.0475000000003,0.22380937500000037,0.07252537909298433,0.6972844928001706,Baby
TRCYYII12903CB5FCA,SOKBCXE12A3F1EC83A,AROPXGU1187B98987F,Sanctus Real,Dear Heart,Pieces Of A Real Heart,2010,180.37506,0.275213975967,0.585526472298,rock,rock; christian rock,226,81,44.485953,0,303.0,231.0412499999995,0.2888015624999994,0.14310316780320148,0.6886735110645155,Baby
TRGFXCY128F42A6AD7,SOONWSO12A8C13EB72,ARDSMT71187FB52D10,Avant,Hooked,Private Room,2003,239.12444,0.850584461589,0.573337429721,r&b/soul,rnb; r and b; slow jams; slowjamz; avant,732,161,111.870461,0,1360.0,283.7387499999988,0.35467343749999847,0.07016271682824977,0.7620287567814763,Janglin
TRCVHTU128F92F6FF7,SOJJWUW12AB017A896,ARDSMT71187FB52D10,Avant,I Wanna Know,My Thoughts,2000,266.68363,0.850584461589,0.558223467677,blues,rhythum and blues tag; top25; Platinum Plalylist; iwk,335,80,69.77822,0,898.0,83.6362499999999,0.10454531249999988,0.03302772358324462,0.7503819599355084,Janglin
TRSIDWB128E0785510,SOATTJU12A67020DA3,ARVKB9G1187B990C70,Keith Sweat,Whatever You Want (LP Version),Keith Sweat,1996,254.17098,0.740028701828,0.481818352667,r&b/soul,relax; favourite artists; r and b; urban; banned,423,87,65.597256,0,751.0,141.40625000000048,0.1767578125000006,0.059854321121013285,0.7412255870370767,Janglin
TRWMKRQ128F42A035D,SOEJEUQ12AF72A1FF6,ARZQ1KI1187FB4E578,Emilie Simon,Dame De Lotus,Live à l'Olympia,2006,245.73342,0.626595201213,0.460163314631,electronic,french; electronic; female vocalists; emilie simon; electronica,89,24,18.384776,0,0.0,-8.504999999999967,-0.010631249999999958,-0.012609994085181977,0.6343905695697936,Ballad In Plain D
TRDALZN128F92DC514,SOYPKEY12A8C1436B7,ARTCFQ91187FB442B0,Alain Clark,Heerlijk,Alain Clark,2004,243.59138,0.51208154327,0.364610368749,r&b/soul,Alain Clark; soul; pop; Fonkelhorse; Nederlandstalig,464,53,81.117199,0,500.0,43.992499999999986,0.05499062499999998,0.014838812977029095,0.6306924394289917,Ballad In Plain D
TRKJLEH128F93390F3,SOGELTS12AB0188BB5,ARD198P1187B98D42E,Divididos,Sopa De Tortuga,Vinyl Replica:  Narigón Del Siglo_ Yo Te Dejo Perfumado En La Esquina Para Siempre,2000,214.62159,0.574842653009,0.456350004419,latin,Power Trio; Powerful riff; rocklatinoamericano,90,34,17.146428,0,0.0,-12.757499999999991,-0.01594687499999999,-0.02035900600552804,0.5980568180967069,Ballad In Plain D
TRPWYWW128F422E08E,SOKUPXC12A81C232A6,AR0D6EL1187B9AF46B,Eazy-E,Real Muthaphuckkin' G's,Gangsta Memorial (Explicit),2002,332.5122,0.696030300715,0.529453452514,hip hop,wjlb-FM; Gangsta Rap,765,252,71.084457,0,434.0,290.1012500000006,0.36262656250000075,0.11574211431513146,0.6216689254899456,One Of Us Must Know (Sooner Or Later)
TRTMUMQ128F4271815,SOFIGIB12A58A7A397,ARBPIT91187B9ABC56,Bill Withers,Use Me,Super Hits,1972,224.73098,0.732896158521,0.609645729187,r&b/soul,soul; funk; 70s; rhythm and blues; funky,232,94,36.633318,0,380.0,94.33249999999975,0.11791562499999969,0.07144932241325802,0.6188579879846458,One Of Us Must Know (Sooner Or Later)
TRXSPCH128F428A08D,SOBKYTA12AB017FE92,ARTYGL51187B98F9D3,K.T. Oslin,Do Ya',RCA Country Legends,1992,244.92363,0.478232153754,0.364968608273,country,country; great song; beautiful; country legends; best,245,81,43.886217,0,325.0,42.85999999999999,0.05357499999999999,0.026937927053309177,0.6122451193098181,One Of Us Must Know (Sooner Or Later)
TRGAGNZ128F42712C3,SOQNWOO12A8C137675,ARSF6AM1187FB58133,Room Eleven,Bitch,Bitch,2007,236.19873,0.608620460178,0.452819712406,jazz,jazz; female vocalist; cover; dutch; Mellow,251,92,48.114447,0,278.0,63.568750000000016,0.07946093750000002,0.03634193313891159,0.7881255198694493,It's Growing
TRFSQXF128F9311B25,SOCHMTD1288D3E7D9D,ARVKJGO12086C15075,LMFAO,I Am Not A Whore,Party Rock,2008,195.76118,0.750760977079,0.644904097514,electronic,electronic; lmfao; electro; pimpinin awsome; party rock,209,57,48.373546,0,193.0,28.034999999999872,0.03504374999999984,0.015852730255086565,0.7870335001777229,It's Growing
TRQQKVT128F42541DC,SOVZADW12A8C137010,AR1CI9N1187B9B2FB8,Cro-Mags,Malfunction,Before The Quarrel,1986,223.4771,0.609212107951,0.435450308075,reggae,nyhc; Skinhead; heavy bottom end; my music scares people; i love singing along,222,57,45.099889,0,235.0,166.585,0.20823125,0.10155110311075675,0.7848634484660645,It's Growing
TRQXHBL128F42A56FE,SOEUTXD12A58A80CFF,ARS23GQ1187FB4F71A,Ledisi,Best Friend,Lost And Found,2007,280.55465,0.746619436962,0.535121107496,r&b/soul,soul; Neo-Soul; Neo Soul; ledisi; chillout,443,120,79.246451,0,644.0,195.8300000000009,0.24478750000000113,0.06843334314985564,0.625928395412278,Oh_ Susannah (LP Version)
TRCSTHA128E0780FEF,SOAOROC12A6D4F9148,ARJ7MV61187B9A2FF5,Shystie,Get Loose,Diamond In The Dirt,2004,259.99628,0.545772974355,0.337948092673,hip hop,Grime; hip hop; UK Grime; hip-hop electro; north london,553,211,58.086143,0,382.0,269.3800000000001,0.33672500000000016,0.13146150100795986,0.5987064736290879,Oh_ Susannah (LP Version)
TRTHFTG128F42550BC,SONIKRB12A8C138A78,ARANAED11F50C473A4,Lil Wyte,Ten Toes Tall,Doubt Me Now,2003,283.14077,0.834922338549,0.500215400192,hip hop,Dirty South; Hip-Hop; rap; mj; MY tagged stuff,656,241,65.153665,0,468.0,586.96875,0.7337109375,0.25557138519575756,0.5948506326691454,Oh_ Susannah (LP Version)
TRSTJFQ128F428DA21,SOKVESS12A81C20D36,ARG8DXO1187B9AF743,Less Than Jake,I Think I Love You,Goodbye Blue And White,1997,124.682,0.843322339035,0.554564301721,reggae,ska; punk; covers; ska punk; cover,340,106,66.075714,0,549.0,190.23499999999984,0.2377937499999998,0.07937495040132146,0.8221088379128657,Something In The Way She Moves
TRKLJAG128F42B31CF,SOTGRDJ12A8C13FE2A,ARB8DSE1187FB3CFC4,Mario Vazquez,Everytime I...,Mario Vazquez,2006,241.71057,0.723005147335,0.395148687525,r&b/soul,mario vazquez; Everytime I; soul; rnb; r&b,511,114,125.658267,0,731.0,212.68750000000057,0.26585937500000073,0.046399764746819804,0.8134306509742375,Something In The Way She Moves
TRCHZXW128E079288A,SOMEJDK12D0219BB71,ARTH9041187FB43E1F,Eminem,8 Mile,8 Mile,2002,359.3922,0.886183647684,0.852677055416,hip hop,rap; Hip-Hop; Eminem; Soundtrack; hip hop,1141,328,132.992481,0,768.0,507.52375000000114,0.6344046875000015,0.10709045199029754,0.795426278973593,Something In The Way She Moves
TRCBJZD128F9302B2A,SODKVQV12AB0185314,AR6XEHV1187FB43D1A,Bonnie Raitt,I Can't Make You Love Me,Luck Of The Draw,1991,333.42649,0.708760079615,0.507748488038,blues,female vocalists; blues; bonnie raitt; 90s; rock,202,58,37.576588,0,356.0,24.167500000000096,0.03020937500000012,0.01778804454845916,0.6572546774638874,Draw The Line
TREOBAI128F9300346,SOWDGSO12D02199EFE,ARZXNFV1187B9BA2CD,Buddy Guy,Please Don't Drive Me Away,Slippin' In,1994,233.42975,0.744759132248,0.532848999475,blues,blues; electric blues; Love; guitar virtuoso; Chicago Blues,164,42,37.735925,0,459.0,12.200000000000031,0.01525000000000004,0.008891926435995972,0.6528034831711987,Draw The Line
TRBBHME12903CC80A7,SOUJRHB12A8C13BB04,ARUU13E1187FB3EB48,Bouncing Souls_ The,Don't You (Forget About Me),The Bad_ The Worse_ and The Out Of Print,2002,287.08526,0.715551109546,0.469057797892,punk,punk; cover; rock; covers; new jersey,256,94,41.605288,0,403.0,86.06374999999993,0.10757968749999991,0.057468707871772134,0.6468164048498616,Draw The Line
TRENDJC128F42790D9,SOFNBZH12A8C134BFB,AR5JPWN1187FB5B6DE,Amel Larrieux,Sweet Misery,Infinite Possibilities,2000,269.7922,0.687996785976,0.385201079073,r&b/soul,Neo-Soul; amel larrieux; soul; Neo Soul; female vocalists,399,91,64.961527,0,664.0,165.895,0.20736875000000002,0.07078503300367017,0.7473649106786545,Sail Away
TRBWQXE128F92E26F6,SOQCSDL12A8C142A45,AR76DOS1187FB5AE78,The Jeff Healey Band,I Think I Love You Too Much,LIVE AT MONTREUX,1990,343.27465,0.716854351769,0.414236247722,blues,blues; blues rock; guitar; rock; Mark Knopfler,213,70,43.737855,0,407.0,48.931250000000155,0.06116406250000019,0.03080689790641017,0.7301803454358108,Sail Away
TRGXECP12903CDDC43,SOCLEEQ12D021B23E0,AR20CFC1187B98A25D,Ray Charles,Losing Hand,Mess Around (Best Of The Atlantic Years),0,192.9922,0.80807690374,0.668671178568,blues,blues; soul; bluezzzandlove; soul blues; RCharles,151,55,27.12932,0,250.0,22.759999999999888,0.02844999999999986,0.02313753117863514,0.7298019628045659,Sail Away
TRZYUDY128F148AD53,SOIFFAB12A6D4F963A,ARUUV9X1187B98A4F3,Jessica Andrews,Who I Am,Who I Am,2001,256.39138,0.753494803225,0.431226601267,country,country; female vocalists; Jessica Andrews; country pop; pop,326,77,63.765194,0,298.0,146.21250000000012,0.18276562500000015,0.06306354978225452,0.6691509614791707,Stella The Artist
TRLSHDW128E078A58A,SOOOUXN12A6701F236,ARJ0D0S1187B9954C1,Jackie Greene,About Cell Block #9,Sweet Somewhere Bound,2005,224.73098,0.644165799408,0.386481258392,blues,blues; catchy; hardcore folksy; small town music; it is rural 1978 and i do not have to worry about postmodernism,232,121,30.561414,0,155.0,59.05750000000001,0.07382187500000001,0.05380858508177519,0.6634222691112063,Stella The Artist
TRBVVTW128F92FE7D9,SOFHUOF12AB0183A78,AR4K2P91187B9B2B35,Sam Cooke,I'll Come Running Back To You,Spotlight On Sam Cooke,1957,131.34322,0.731466294822,0.568430226383,r&b/soul,soul; rhythm and blues; 50s; 1957; sam cooke,194,69,33.615473,0,196.0,79.83749999999992,0.0997968749999999,0.06564153507227401,0.6589622564837789,Stella The Artist
TRSEOHB128F14673A3,SOFQQFO12A6D4F873D,ARAYCK21187B98EBFD,John Lee Hooker,Down At The Landing,House Of The Blues,1959,176.03873,0.777911231473,0.471373274121,blues,blues; Detroit Blues; 60s; 50s; i feel good,168,59,26.758176,0,72.0,22.342499999999994,0.02792812499999999,0.02306996635413971,0.5774094653333017,Swing Life Away (Acoustic)
TRYRKQX128F42437BE,SOEOPAA12A6D4FB4E2,AR06M3F1187FB38BED,Mississippi Fred McDowell,Write Me A Few Lines,You Got To Move,1964,217.70404,0.603268921561,0.385305378334,blues,blues; delta blues; slide guitar; Slide; dirty old blues,149,70,20.396078,0,106.0,15.06750000000004,0.01883437500000005,0.020492733673707658,0.5647663527254857,Swing Life Away (Acoustic)
TRELNET128F429FC16,SOCDWLZ12AF72A6961,ARQCJNS1187FB52F4E,Richard Hawley,Coming Home (Live At Sheffield City Hall),Tonight The Streets Are Ours,0,311.01342,0.681828891775,0.519943457203,pop,pop; jim mccann tag,187,67,31.559468,0,131.0,66.09000000000012,0.08261250000000014,0.057789803481198,0.5530968187831378,Swing Life Away (Acoustic)
TRUPCGD128F4282340,SOQWCBD12A8C137B09,AR7GVU91187B99F7E2,Omarion,I'm Gon' Change,O,2005,258.66404,0.82502799479,0.600131865098,r&b/soul,Love; rnb; Omarion; soul; hiphop,596,116,113.789279,0,845.0,230.36999999999998,0.28796249999999995,0.055832621984324086,0.7021056849348337,Billy 4
TRNEUEW128F9330D05,SONPHFD12AB018A6F4,ARG2UZ71187FB4FF5C,Porter Wagoner,Skid row Joe,Green_ Green Grass Of Home,1966,203.33669,0.592108229144,0.37206162812,country,classic country; country; american; male vocalists; 1965,365,164,45.486262,0,362.0,103.83374999999995,0.12979218749999993,0.06379783330362197,0.7014663559993197,Billy 4
TRPCZOM128F931C65C,SOCQTPY12AB0180FEB,AR0N7RH1187B9B7497,The Yardbirds,The Nazz Are Blue,Live At BB King Blues Club,1966,252.02893,0.706352638491,0.469646169761,blues,blues rock; blues; classic rock; guitar; rock,123,56,22.135944,0,131.0,58.48500000000004,0.07310625000000005,0.0729392710051342,0.6897999884026643,Billy 4
TRMJBIJ128F93391B9,SODOFEI12AAFF44BF1,ARRQZEV1187B98C8C2,Bow Wow,Sunshine,New Jack City II,0,207.35955,0.870870765597,0.531978917471,hip hop,hip hop; Hip-Hop; rnb; bow wow,506,186,63.285069,0,605.0,354.2862499999993,0.4428578124999991,0.15702884679927775,0.6291196170192199,Stuck Inside Of Mobile With The Memphis Blues Again
TRXDWYK128F425C160,SOAGRBH12A6310EB5B,ARW15K31187B9AE845,Mos Def,The Easy Spell,The Easy Spell,2004,332.45995,0.772522796828,0.564406416111,hip hop,Hip-Hop; rap; alternative rap; east coast rap; underground hip-hop,677,137,102.440226,0,738.0,542.6674999999996,0.6783343749999995,0.1471778964717058,0.597639930803212,Stuck Inside Of Mobile With The Memphis Blues Again
TRGLJRY128F14841E2,SOQVVTI12A6D4F8155,ARZ5CKV1187B9AE71A,Brand New Heavies_ The,"You Are The Universe (Roger's Universal 7"" Edit)",You Are The Universe,0,230.47791,0.699823464073,0.491707533716,jazz,acid jazz; House; acidjazz,393,67,81.430952,0,655.0,354.27375000000063,0.4428421875000008,0.11953131151020835,0.5976097984346693,Stuck Inside Of Mobile With The Memphis Blues Again
TRQJNCU128F427B0F4,SOVISCV12A8C13A3DE,AR8K3HD1187B9B9CA9,Goldfrapp,Strict Machine (Live),Ride A White Horse - Live In London EP,0,369.73669,0.862749947386,0.540101990129,electronic,electronic; sexy electronica,200,40,59.228372,0,372.0,28.25500000000002,0.035318750000000024,0.013035037997209627,0.8824402412205725,Pretty Peggy-O
TRJBEQI12903CDDCCE,SODEDLL12AB018D01C,AR82GTS1187FB5662F,Mary Black,Raven In The Storm,Circus,1996,228.23138,0.597113362831,0.376556981046,folk,folk rock; dark,211,99,38.379682,0,137.0,52.2712499999998,0.06533906249999975,0.037379722832840294,0.8329535874408073,Pretty Peggy-O
TRQXHBL128F42A56FE,SOEUTXD12A58A80CFF,ARS23GQ1187FB4F71A,Ledisi,Best Friend,Lost And Found,2007,280.55465,0.746619436962,0.535121107496,r&b/soul,soul; Neo-Soul; Neo Soul; ledisi; chillout,443,120,79.246451,0,644.0,195.8300000000009,0.24478750000000113,0.06843334314985564,0.8064527805085157,Pretty Peggy-O
TRXKSAZ12903CAFB8E,SOYZWQN12AB018785F,AROQMWV1187FB3781A,Jill Scott,He Loves Me (Lyzel In E Flat),Jill Scott Live In Paris,2000,661.2371,0.814622989079,0.53031515062,r&b/soul,soul; Neo-Soul; rnb; Love; jazz,184,61,47.286362,0,652.0,34.14499999999993,0.042681249999999914,0.019770668653085462,0.5116217465389006,She Belongs To Me
TRZNABI128F4287AC6,SOMKLMJ12A8C139AAD,ARUKSNL1187FB4C5ED,Jimmy Needham,Firefly,Not Without Love,2008,156.18567,0.659664740201,0.489425354035,pop,pop; male vocalist; funk; fun; romantic,224,99,27.694765,0,308.0,106.12875000000031,0.13266093750000038,0.10684387553729452,0.5057388279827747,She Belongs To Me
TRJICLY128F428AE95,SOZWVIO12A8C13F6A3,ARPEHB71187B9A2AD0,Darren Styles,Flashlight,Skydivin',2008,242.78159,0.569068979285,0.48868515863,metal,Rave; happy hardcore; dance; techno; uk Hardcore,302,51,50.75431,0,368.0,199.18999999999906,0.24898749999999883,0.10814266891816848,0.5050961394729212,She Belongs To Me
TRACBWX128F92FD725,SOEIIYR12AB01825B8,ARY02GH1187B99B223,Zombie Girl,I Want It,Back From The Dead,2006,260.54485,0.639165318057,0.443395584874,electronic,industrial; electronic; dark electro; ebm; female vocalists,220,75,42.532341,0,308.0,123.71125000000013,0.15463906250000017,0.07998475480172619,0.7219292340194258,When The Deal Goes Down
TRTQMQX128F931173A,SOEEYLY12AB0184564,AR8JVFX1187B9AF4A8,The Forces Of Evil,My Life,Friend Or Foe,2003,170.39628,0.55260011341,0.408913206231,reggae,fuck you; ska; Awesome; youth; angsty,210,68,35.623026,0,263.0,102.34875000000014,0.12793593750000018,0.07954000608479768,0.7162484019422842,When The Deal Goes Down
TRWNLAK128C7196461,SOAENHY12AF72A0B29,ARSQSCB1187B9912A0,Warren G,Keepin' It Strong,Return Of The Regulator,2001,307.35628,0.718016528744,0.511683015525,hip hop,hip hop,619,195,80.286985,0,672.0,240.84249999999992,0.3010531249999999,0.08392589783607082,0.711810074483258,When The Deal Goes Down
TRQSZXW128F426226E,SOVTRXJ12A58A79856,ARK8T3F1187B99FB52,Tiger Army,Incorporeal,II: Power Of Moonlite,2001,160.15628,0.746374641806,0.462186970175,punk,psychobilly; punk; rockabilly; favorites; albums I own,203,111,24.899799,0,180.0,101.25500000000014,0.12656875000000017,0.11370578254909146,0.6205517073295113,With God On Our Side
TRFOGZN128F42882B5,SOGZIZN12A8C13836F,AR3MSAN1187B98F06B,OutKast,Claimin' True,Southernplayalisticadillacmuzik,1994,283.76771,0.796420043773,0.574497025958,hip hop,Hip-Hop; G-funk; hip hop; outkast; kaudogg,471,215,52.820451,0,351.0,201.00500000000034,0.2512562500000004,0.10669624832948886,0.6033831099312904,With God On Our Side
TRXAQDZ128F14B0EDA,SOPUDZV12A6D4FB16B,ARQXK0B1187B9ACC97,Joni Mitchell,Lesson In Survival  (LP Version),For The Roses,1972,191.26812,0.833198449503,0.485892187838,folk,folk; singer-songwriter; piano; female vocalists; Folk Females,242,139,28.284271,0,252.0,111.63999999999986,0.1395499999999998,0.11056377121926296,0.5999002692002,With God On Our Side
TRQMGEQ128F145F0AF,SOJSKMM12A6D4F623E,ARDSWIE1187FB39056,Gang Starr,Gotta Get Over (Taking Loot) (Explicit),Full Clip: A Decade Of Gang Starr,0,224.67873,0.705881776978,0.491178953749,hip hop,hip hop; Hip-Hop; influential; underrated; us,542,216,65.268675,0,411.0,287.302500000001,0.35912812500000124,0.12295450130785444,0.7396002280046831,Terrapin
TRFJSRJ128E0784CB3,SOXZOKH12A6701F23C,ARH9HS41187FB5BC6F,New Found Glory,Forget My Name,I Don't Wanna Know,2002,183.01342,0.891853779689,0.548228209192,punk,pop punk; punk rock; punk; rock; new found glory,307,69,51.816986,0,341.0,173.5587499999993,0.21694843749999912,0.09275315537276263,0.736859115134353,Terrapin
TRDPGXU128F9339C2A,SOELYON12AB01876A3,ARLHO5Z1187FB4C861,Beastie Boys,B-Boy Bouillabaisse: A.W.O.L. (2009 Digital Remaster),Paul's Boutique (20th Anniversary Remastered Edition),0,105.56036,0.853124523276,0.591628024008,hip hop,hip hop; leapsandbounds CDCollection,1746,505,153.652205,0,1067.0,751.1762500000004,0.9389703125000005,0.1386179883576813,0.7348354756866053,Terrapin
TRTBRQA128F427EE09,SOZZILO12A8C13C9ED,AR6GVSZ1187FB36FFB,Jeffrey Lewis,Gold,It's The Ones Who've Cracked That The Light Shines Through,2003,274.96444,0.597161753711,0.433419587132,folk,folk; acoustic; cool; psychedelic; wordy,531,222,66.648331,0,340.0,354.6650000000002,0.44333125000000023,0.1482904001961657,0.6660689503926139,On The 4th of July
TRCBJDH12903CE862E,SOSYYRG12AF72A2E53,ARBC4CV1187B9A7823,Lifetime,Somewhere In The Swamps of Jersey,Somewhere In the Swamps Of Jersey,2006,103.13098,0.714125330457,0.539633107145,punk,new brunswick; feel-good; greatest pop punk band ever; straight edge hardcore; jade tree,121,83,15.811388,0,91.0,79.37500000000017,0.09921875000000022,0.14005789000764443,0.6533079250858049,On The 4th of July
TRYWUBG128F14771B5,SOXPUEV12A6D4FA462,ARDD00U1187B9AEB3F,Obie Trice,Got Some Teeth,Cheers,2003,229.3024,0.726490921728,0.494732886668,hip hop,rap; Hip-Hop; hip hop; Obie Trice; hilarious,583,212,68.154237,0,329.0,276.2312500000001,0.34528906250000013,0.113131767788419,0.6448429152462721,On The 4th of July
TRTYGWW128E0794FA2,SOXJKGU12A67ADA1C9,ARIPLUN1187B99B9F9,The Police,One World (Not Three),Ghost In The Machine,1981,286.58893,0.790367908794,0.642655961125,reggae,reggae; rock; new wave; 80s; sting,299,82,66.588287,0,156.0,684.1024999999995,0.8551281249999994,0.28211249341051897,0.6192408513348493,Company Man
TRBGUJV128E078FE5D,SOJUIXL12AF729FE1E,ARW8Z0L1187FB5091A,Dru Hill,Share My World,Dru Hill,1996,267.51955,0.675814548354,0.473580998559,r&b/soul,rnb; male; Favorite; r and b; stream,405,103,58.762233,0,551.0,266.1862500000005,0.3327328125000006,0.1261589400495105,0.5380206909525306,Company Man
TRRYCLJ128F42A56FF,SOVECCN12AF72AC5B7,ARS23GQ1187FB4F71A,Ledisi,Alright,Lost And Found,2007,277.65506,0.746619436962,0.535121107496,r&b/soul,Neo Soul; soul; female vocalists; rnb; mellow soul,404,96,72.0,0,311.0,403.22499999999957,0.5040312499999995,0.15501229514025106,0.5217794437104512,Company Man
TRNLZRQ128E078EF88,SOFNMXV12A67021358,ARR9XGB1187B9912E6,Boyz II Men,You're Not Alone,Christmas Interpretations,1993,308.08771,0.790922847956,0.601184941794,r&b/soul,christmas; christmas soul,400,168,44.440972,0,453.0,203.96624999999992,0.2549578124999999,0.12972782583094059,0.6361113661338545,Ace
TRMYODU128F424D669,SOWCASX12A6D4FF069,AR3AL881187FB44B52,Jens Lekman,A Postcard to Nina,Night Falls Over Kortedala,2007,300.5122,0.686240782956,0.464073901229,pop,indie pop; swedish; indie; singer-songwriter; pop,368,156,43.692105,0,408.0,174.05374999999998,0.21756718749999998,0.11197802732350709,0.6354761203429958,Ace
TRTCLFS128E0799AD4,SOYCXBA12A6701E35B,ARR9XGB1187B9912E6,Boyz II Men,I'll Make Love To You,The Best Of Boyz II Men 20th Century Masters The Millennium Collection,1994,235.80689,0.790922847956,0.601184941794,r&b/soul,rnb; soul; 90s; boyz 2 men; pop,570,83,90.271812,0,911.0,129.52875000000012,0.16191093750000016,0.03976675228886006,0.6331906627348126,Ace
TRGTQCP128F932573A,SOXGDGO12D021B3D6B,ARWS1TU1187B9B2560,Hilary Duff,Play With Fire,Best Of Hilary Duff,2007,181.52444,0.803470043929,0.554576050061,pop,pop; hilary duff; dance; female vocalists; pop rock,404,134,63.06346,0,862.0,139.71375000000032,0.1746421875000004,0.06151752168601437,0.7387276403991909,How Do You Keep Love Alive
TRXKSAZ12903CAFB8E,SOYZWQN12AB018785F,AROQMWV1187FB3781A,Jill Scott,He Loves Me (Lyzel In E Flat),Jill Scott Live In Paris,2000,661.2371,0.814622989079,0.53031515062,r&b/soul,soul; Neo-Soul; rnb; Love; jazz,184,61,47.286362,0,652.0,34.14499999999993,0.042681249999999914,0.019770668653085462,0.737204505551456,How Do You Keep Love Alive
TRFKIBE128F4262419,SOESZTD12A58A7720E,ARDS80Q1187FB52D1A,Collin Raye,Let It Be Me,Love Songs,1992,193.64526,0.678040731909,0.463545359722,country,country; love songs; Mellow; beautiful; my favorite,124,52,23.086793,0,297.0,103.35875000000001,0.1291984375,0.12374420440957065,0.7184401624503792,How Do You Keep Love Alive
TRBKDEN128F9323895,SOBYYFG12AB017EA6B,ARU8Y0K11C8A415E5D,Lisa Mitchell,Oh! Hark!,Wonder,2009,270.68036,0.691332324646,0.42470472172,folk,folk; indie; singer-songwriter; australian; pop,306,87,36.166283,0,166.0,82.66249999999992,0.10332812499999991,0.06378598134476818,0.647375350391972,When The Stars Go Blue
TREKDDG128F4298103,SOBDJYO12A81C22157,ARQNLH31187B9ADC1D,The Cat Empire,Days Like These,Two Shoes,2003,248.76363,0.685071701775,0.55166407686,reggae,ska; australian; funk; alternative; happy,559,226,58.566202,0,432.0,283.79749999999984,0.3547468749999998,0.13711522445624783,0.6447944364790495,When The Stars Go Blue
TRNVKOI128E0799173,SOIYRHZ12A67AD8126,ARZ5H0P1187B98A1DD,Snoop Dogg,Snoopafella (Edited),The Best Of Snoop Dogg,0,263.54893,0.853831633625,0.608910282835,hip hop,rap; 90s hip-hop; FAV all time,948,322,98.833193,0,670.0,382.57000000000016,0.4782125000000002,0.10868260493110884,0.6300237300697706,When The Stars Go Blue
TREBQOW128F92C4549,SOLIKYJ12A8C13F7DA,AR54RGR1187FB51D10,Common,Book Of Life,thisisme then: the best of common,1994,306.85995,0.865128983978,0.53481975015,hip hop,Hip-Hop; hip hop; hiphop; rap; Jazz Hop,569,226,78.663842,0,373.0,293.21500000000054,0.36651875000000067,0.10351864197737916,0.7472477197605232,Forever My Friend
TRVCSYQ128F425A835,SOFYJLY12A8AE458AE,AR6BJ1V1187B9AE3B7,Fleetwood Mac,I Believe My Time Ain't Long,The Pious Bird Of Good Omen,1969,181.86404,0.747903749594,0.576036185746,blues,blues; classic rock; blues rock; rock; undergraduate years,157,65,28.965497,0,99.0,-10.366249999999992,-0.01295781249999999,-0.009870860762352085,0.7450302292787759,Forever My Friend
TRPRCDF128F4293692,SOGARZZ12A8C139315,ARRSW6F1187FB52CF2,Clint Black,What I Feel Inside,Nothin' But The Taillights,1997,267.33669,0.71086657236,0.445339165385,country,country; clint black,236,91,36.674242,0,203.0,140.9862499999998,0.17623281249999978,0.10651576922742789,0.7398739617908874,Forever My Friend
TRHTUQC128F427D30F,SODVJOJ12A8C13AB5A,ARZXLBD1187B9B1EB1,Meat Loaf,If It Aint Broke Break It,3 Bats Live,0,302.44526,0.800654352248,0.601699776324,rock,rock; hard rock; classic rock; Meat Loaf; pomp rock,366,80,87.183714,0,419.0,496.2737500000006,0.6203421875000007,0.156185862911501,0.581183194017905,How Come [Acoustic Mix]
TRVMFLY128F932C298,SOWKDWW12AB0181413,ARCZ20M1187FB49687,Tony Joe White,Rainy Night In Georgia,"The Best Of Tony Joe White featuring ""Polk Salad Annie",1969,220.78649,0.624723767579,0.403509673363,blues,blues; rock; blues-rock; Tony Joe White; Mellow,172,88,20.371549,0,97.0,109.52375000000029,0.13690468750000037,0.15000520606125547,0.5383424071993544,How Come [Acoustic Mix]
TRXZRLT128F425DCA6,SOBDGOF12A6D4FBE66,AR5ZVJ91187B99083A,Soulwax,KracK,Any Minute Now,2004,151.90159,0.803087354948,0.501825943654,electronic,electronic; electro; rock; alternative; dance,130,55,23.664319,0,142.0,121.48499999999964,0.15185624999999955,0.14145319996136183,0.5088983223330938,How Come [Acoustic Mix]
TRLQBZP12903CECC4A,SOLNXMU12AB018E934,ARVWBEJ1187B9AF5CE,Hello Saferide,Get Sick Soon,Introducing Hello Saferide,2005,176.63955,0.656462788821,0.437877451488,folk,singer-songwriter; swedish; indie; female vocalists; indie pop,204,87,36.207734,0,332.0,85.12875000000024,0.1064109375000003,0.06486602683076997,0.8026523121285707,Chelsea Hotel #2
TRWKDZE128F1451EAC,SOKWXBV12A6D4F89A8,ARN9Q881187FB3D951,The Dells,It's All Up To You,Northern Soul Connoisseurs Vol 2,2005,241.24036,0.591696068822,0.387333145782,r&b/soul,northern soul; hman-nsoul; keep-the-faith,337,91,63.023805,0,511.0,126.95999999999988,0.15869999999999984,0.0555087394718458,0.8001849811332219,Chelsea Hotel #2
TRCIWUC128F42BC230,SOKXUOR12CF5F87195,ARN7POH1187B9B301E,Jessica Simpson,If You Were Mine,A Public Affair,2006,197.43302,0.776885721907,0.58608620676,pop,pop; dance-pop; loves it; avril lavigne; Jessica Simpson,318,86,53.953684,0,399.0,118.77875000000029,0.14847343750000036,0.06099995281626912,0.7971434430681723,Chelsea Hotel #2
TRUBHKR128F427ECDE,SOHNKNA12A8C1387C2,AR9I1L41187FB37F0E,Harry Connick_ Jr.,You Don't Know Me,Only You,2004,243.56526,0.691133728644,0.53105019318,jazz,jazz; smooth; classic; late night; 5 star songs,214,78,35.524639,0,453.0,51.58499999999981,0.06448124999999977,0.04019643448242529,0.7943425712714157,Lethal Enforcer (Live From Union Chapel_ London)
TRENNUC128F427B111,SOLHMRS12A8C13D86B,ARHTHC01187B9B6D2A,Michael McDonald,You Don't Know Me,Soul Speak,0,192.73098,0.712675251311,0.542264696345,r&b/soul,michael mcdonald; wistful; piano; rnb; cover,153,75,27.12932,0,344.0,28.924999999999986,0.03615624999999998,0.029487745080530477,0.7922434082319766,Lethal Enforcer (Live From Union Chapel_ London)
TRNFUML128F92E41EA,SOTWNYR12AB017FDB7,ARNX9K11187FB59C38,Leon Jackson,You Don't Know Me,Right Now,2008,245.49832,0.6601744616,0.510626071009,jazz,The X Factor; jazz; ballads; swing; good,234,77,40.062451,0,510.0,61.096249999999834,0.07637031249999979,0.042179641622379964,0.7883089178087321,Lethal Enforcer (Live From Union Chapel_ London)
TRXGPIT128F4284986,SOKEIQP12A6D4F9ED7,AR82GTS1187FB5662F,Mary Black,No Frontiers,25 Years/25 Songs,1990,239.09832,0.597112952036,0.376556981046,folk,celtic; Irish Folk; female vocalist; folk; Mellow,261,95,35.341194,0,144.0,285.56874999999957,0.35696093749999946,0.22449963982774018,0.5983350626481522,Change
TRPCRIV12903CD6882,SOOLNTY12AB017EA09,AR3I6YW1187B990DAA,Thursday,Unintended Long Term Effects,Common Existence [Deluxe Edition],2009,138.47465,0.771685623,0.540151210513,punk,emo; screamo; post-hardcore; Alternate Rock; audioase,165,86,17.521415,0,77.0,103.55624999999992,0.1294453124999999,0.16375423195837557,0.5328771604129325,Change
TRTTOVC128E0781360,SOGJPEH12A63110833,ARYECDK1187FB45587,The Stranglers,Baroque Bordello,The Raven,1979,230.08608,0.719313233573,0.462965869319,classical,the stranglers; 1979; 70s; baroque; goth,83,47,12.727922,0,60.0,50.77000000000004,0.06346250000000005,0.10980556421259911,0.5278927947817416,Change
TRNVKOI128E0799173,SOIYRHZ12A67AD8126,ARZ5H0P1187B98A1DD,Snoop Dogg,Snoopafella (Edited),The Best Of Snoop Dogg,0,263.54893,0.853831633625,0.608910282835,hip hop,rap; 90s hip-hop; FAV all time,948,322,98.833193,0,670.0,382.57000000000016,0.4782125000000002,0.10868260493110884,0.743050870914942,Under The Weather
TRJPNAE128F425FAFB,SOZVCKM12A8C138484,ARRQWQW1187FB49844,King Tee,Act A Fool,Act A Fool,1988,258.82077,0.495738582877,0.372391990635,hip hop,Hip-Hop; rap; hip hop; West Coast Rap; west coast hip-hop,624,251,66.730802,0,399.0,309.89125000000035,0.38736406250000044,0.13063086945828908,0.7394778717682291,Under The Weather
TRWUNDW128F147093F,SOFZLVC12A6D4F9068,ARNHMFD1187FB3B3F6,LL Cool J,I Can't Live Without My Radio,Radio,1985,331.88526,0.749217793049,0.544321914839,hip hop,Hip-Hop; rap; 80s; LL Cool J; hip hop,745,248,81.82909,0,487.0,195.20500000000024,0.2440062500000003,0.06659853527568231,0.7308040515242997,Under The Weather
TRPIVIW128F42B63B0,SOUZRUB12A6D2282D5,ARWV0Q11187FB4CDCE,Arc Angels,Shape I'm In,Arc Angels,1992,247.24853,0.588932085853,0.349366361109,blues,blues rock; Southern Rock; rock; blues; oldies,217,91,36.207734,0,101.0,76.65624999999936,0.0958203124999992,0.05843014940214859,0.7249364709669432,So Sister
TREBQOW128F92C4549,SOLIKYJ12A8C13F7DA,AR54RGR1187FB51D10,Common,Book Of Life,thisisme then: the best of common,1994,306.85995,0.865128983978,0.53481975015,hip hop,Hip-Hop; hip hop; hiphop; rap; Jazz Hop,569,226,78.663842,0,373.0,293.21500000000054,0.36651875000000067,0.10351864197737916,0.7208988220654674,So Sister
TRKLJAG128F42B31CF,SOTGRDJ12A8C13FE2A,ARB8DSE1187FB3CFC4,Mario Vazquez,Everytime I...,Mario Vazquez,2006,241.71057,0.723005147335,0.395148687525,r&b/soul,mario vazquez; Everytime I; soul; rnb; r&b,511,114,125.658267,0,731.0,212.68750000000057,0.26585937500000073,0.046399764746819804,0.7198610673036687,So Sister
TRPXYXU128F428AE4B,SOEQFCY12AF72A8591,ARWXRV91187B9AF9B9,Millencolin,Birdie,Kingwood,2005,152.45016,0.7597877909,0.509833208839,punk,punk; punk rock; skate punk; swedish; pick myself up and keep going,296,81,48.342528,0,437.0,297.28374999999994,0.3716046874999999,0.1702580277839897,0.7223495553458983,Lost Tonight
TRASZLF12903CA7204,SOSMURB12AB01880D6,ARK9L321187B9B5481,Go Betty Go,Get Out,Nothing Is More,2005,200.59383,0.641060558203,0.378259443273,punk,punk; latin; punk rock; female vocalists; Girl Rock,218,89,41.569219,0,338.0,124.27749999999928,0.1553468749999991,0.08252438042811203,0.6956431159122601,Lost Tonight
TRPBTSJ128F42A3168,SOCTMXF12A8C13BF5C,ARHLSMN1187B98D8D7,Harry Belafonte,Angelina,Harry Belafonte - I Miti Musica,1961,236.48608,0.667204447187,0.508376104749,latin,calypso; oldies; latin; names; jamaican,218,106,34.885527,0,353.0,100.29374999999978,0.12536718749999973,0.07958936001602886,0.6769374821745912,Lost Tonight
TRIJWAB128F148AA50,SOUFGAS12A58A7CBE2,AR5GRYQ1187B9B32D5,En Vogue,Love Don't Love You (LP Version),The Very Best Of En Vogue,2001,238.18404,0.65021287085,0.457574537711,r&b/soul,rnb; 90s; leapsandbounds CDCollection; Superior Female Groups; vocalization,399,113,80.074965,0,1043.0,149.5325000000002,0.18691562500000025,0.051456529853688905,0.8250154777702852,Sunnyside Of The Street
TRWDVUV128F932DAB1,SOUFXOF12AB0181B00,ARUMGZN1187FB37125,Slick Rick,Teenage Love,Def Jam 25_ Volume 13 - Cupid,1988,288.57424,0.6703727838,0.478985712981,hip hop,slick rick; Old School Hip Hop; old school hip-hop; east coast rap; songs about the opposite sex,670,211,86.336551,0,959.0,312.9850000000002,0.39123125000000025,0.100783901118674,0.7863112663337196,Sunnyside Of The Street
TRJYHEK128E078FF06,SOHQTUL12A6702152F,AR8L6W21187B9AD317,Diana Ross,Don't Explain,Lady Sings The Blues,1972,130.97751,0.735615111893,0.544792156486,jazz,jazz; soul; cover; jazzy; influential,156,51,27.549955,0,295.0,130.99625000000012,0.16374531250000016,0.1310508007643913,0.7615129571833603,Sunnyside Of The Street
TRRIAAB128F92D17E6,SOXFWDE12A8C143C01,AR1UBH11187FB3643A,Don McLean,Crying,Greatest Hits Live!,1980,218.122,0.631344917887,0.549129445965,folk,singer-songwriter; country; classic rock; oldies; folk,154,74,29.983329,0,235.0,58.74375000000006,0.07342968750000008,0.0540729622098947,0.6832755694413681,Can't Tell Me Nothing
TRFUFZZ128F92CDE0E,SOFSJAV12A8C13BBC7,ARZJYD61187B995F0B,David Bisbal,Cry For Me,David Bisbal,0,211.85261,0.712299998148,0.561214868345,latin,latin; pop; favourite; latin pop; Ballad,258,83,43.943145,0,458.0,293.5912500000007,0.36698906250000085,0.18525533936686148,0.6241069672318286,Can't Tell Me Nothing
TRLZEMT128F935642A,SOELIBP12A8C141993,ARX84Z71187B9B341C,Jimmy Reed,Cry Before I Go,Born With The Blues,1996,230.94812,0.592159577193,0.392888862767,blues,blues; chill; whistful,107,58,17.262677,0,154.0,19.79249999999992,0.024740624999999898,0.031772354783792596,0.6219015682461847,Can't Tell Me Nothing
TRMHLKD12903C98020,SOFRTNR12A58A7DAF4,AR97LLY1187FB536A0,JET,Let Me Out,Shaka Rock,2009,191.73832,0.78512614152,0.512154097939,rock,rock; alternative rock; indie rock; Garage Rock; 00s,292,90,48.176758,0,474.0,265.5587499999994,0.33194843749999925,0.15308850953217792,0.7519340912951699,Graduation Day
TRECYJW128F4289D1C,SODZKUG12A8C13C579,ARPKK761187FB4D53C,The Ataris,Myself,...Anywhere But Here,1997,138.65751,0.827853769867,0.517328583566,punk,punk rock; life; pop punk; The Ataris; Downloads,260,119,41.701319,0,265.0,54.95374999999988,0.06869218749999985,0.03655499483569,0.7345019076995286,Graduation Day
TRCJADX128F428D3E0,SOKPSGM12A8C1381DE,AR03BDP1187FB5B324,Britney Spears,Let Me Be,Britney,2001,171.10159,0.947327506635,0.631289507585,pop,pop; Britney Spears; female vocalists; dance; Let Me Be,460,81,89.420356,0,856.0,124.52249999999998,0.15565312499999998,0.03844847507636246,0.7274391984556685,Graduation Day
TRAVRZW128F932016E,SOJUKCD12AB0186A01,ARMGDJZ1187B9AD74C,The Blues Brothers,Everybody Needs Somebody To Love,TPH Production Perform The Blues Brothers,1980,193.64526,0.715799994973,0.484553266869,blues,blues; Soundtrack; rock; blues brothers; rhythm and blues,393,115,62.673758,0,641.0,359.34500000000054,0.4491812500000007,0.1584505730289357,0.6675699212611754,Wake Up Mr. West
TRVWFVQ128F9316F97,SOBANVU12AB01879A7,ARDSMT71187FB52D10,Avant,Out of Character,Avant,2008,222.95465,0.850584461589,0.573337429721,blues,rhythum and blues tag; soul; rnb; avant; James Fauntleroy,387,121,60.712437,0,652.0,415.7849999999994,0.5197312499999992,0.19017485784999666,0.6642701101510715,Wake Up Mr. West
TRWNUXN128F93095BF,SOJDRPK12AB017ECB9,ARBNR0E1187B98C879,Angela Bofill,I Try,Angel Of The Night,1979,337.99791,0.55245075521,0.369153861832,r&b/soul,quiet storm; soul; Mellow; classic soul; slow jams,214,68,42.696604,0,405.0,163.4587500000004,0.2043234375000005,0.10551815680471449,0.6600126326382949,Wake Up Mr. West
TRKNKGC128F42A746A,SOUZEJD12D021B5336,AR20CFC1187B98A25D,Ray Charles,C.C. Rider,Mess Around,0,154.22649,0.80807690374,0.711719503233,blues,blues; RB,368,99,57.192657,0,544.0,101.5262499999998,0.12690781249999974,0.04918944348623775,0.5860307046264254,A8
TRMGLTT128F4275DDF,SOTGQLR12A8C13C7B4,AREENKN1187B98F35D,The Plasmatics,You're A Zombie,Maggots: The Record,2000,164.5971,0.557875168422,0.359324726504,punk,punk; the zombie radio; halloween; zombie dance party; gw punk rock,294,87,45.891176,0,373.0,492.9374999999995,0.6161718749999994,0.2976644126852589,0.5232904473176869,A8
TRQXYGU128E079236A,SOIJTSI12A6701FD8B,ARTDQRC1187FB4EFD4,Black Eyed Peas,A8,Behind The Front,1998,235.17995,0.84560188664,1.00594196595,hip hop,Hip-Hop; hip hop; funk; rap; dance,752,261,107.884197,0,912.0,1127.79375,1.4097421875,0.2896402530789698,0.5113330023911816,A8
TRCJFUY128F4251CBF,SOCPXUJ12A8C135706,ARTASUV1187B9A2B67,Frank Sinatra,I Dream Of You,I Don´t Care If The Sun Don´t Shine,1998,186.64444,0.838940224158,0.56266192634,jazz,easy listening; jazz,161,79,24.474477,0,237.0,83.63375000000022,0.10454218750000027,0.0947981656274719,0.6414438503604137,Boom Boom Guetta
TRITWYU128F42922FA,SOROJQK12A8C138FF5,ARF39J21187B9A72F7,Shannon Curfman,If You Change Your Mind,Loud Guitars_ Big Suspicions,1999,263.10485,0.58294653385,0.334965823071,blues,female vocalists; Contemporary Blues; blues rock; blues; rock,197,79,36.783148,0,274.0,85.23875000000031,0.10654843750000038,0.0639908286952291,0.6306128392159346,Boom Boom Guetta
TRNBWQY128F42425D0,SOKEORO12A8AE46C70,ARJK14X1187B9B8873,Greeley Estates,This Song Goes Out To (Album Version),Caveat Emptor,2005,183.7971,0.733265704135,0.575811181976,punk,Greeley Estates; emo; post-hardcore; rock; screamo,203,53,38.236109,0,343.0,132.0025000000004,0.1650031250000005,0.09523633270622812,0.6289744574995918,Boom Boom Guetta
TRCHZXW128E079288A,SOMEJDK12D0219BB71,ARTH9041187FB43E1F,Eminem,8 Mile,8 Mile,2002,359.3922,0.886183647684,0.852677055416,hip hop,rap; Hip-Hop; Eminem; Soundtrack; hip hop,1141,328,132.992481,0,768.0,507.52375000000114,0.6344046875000015,0.10709045199029754,0.7234213449125294,Communication
TRNEUEW128F9330D05,SONPHFD12AB018A6F4,ARG2UZ71187FB4FF5C,Porter Wagoner,Skid row Joe,Green_ Green Grass Of Home,1966,203.33669,0.592108229144,0.37206162812,country,classic country; country; american; male vocalists; 1965,365,164,45.486262,0,362.0,103.83374999999995,0.12979218749999993,0.06379783330362197,0.718825944194446,Communication
TRGOLAX128F92F87BF,SOTFAXT12AAF3B48D7,ARF4VD11187FB3E60D,Wayne Hancock,Johnson City,That's What Daddy Wants,1997,315.21914,0.622561597338,0.405883960663,country,country; rockabilly; hillbilly swing; americana; RockPop,217,103,30.512293,0,256.0,71.8212500000001,0.08977656250000013,0.0655656120903498,0.7147255011497082,Communication
TRSWQYN128F92FAAB6,SOADPEC12AB017FF9B,ARGJ8UQ1187B996656,Ashley MacIsaac,I Don't Need This,Ashley MacIsaac,0,235.78077,0.548540754959,0.36203501712,electronic,Canadian; celtic; celtic new age; techno bagpipes; canuck folk rock,294,117,44.022721,0,283.0,207.41000000000003,0.2592625,0.13073689053832688,0.7724192397796038,One Tribe
TRDQNSS128F4240C31,SOOBIDA12A8AE474EA,ARWXRV91187B9AF9B9,Millencolin,Random I Am (Album Version),For Monkeys,1997,160.1824,0.7597877909,0.509833208839,punk,punk; emo; political; katie loves this,343,106,66.302338,0,404.0,179.54249999999954,0.22442812499999942,0.07455861065462942,0.762741312487535,One Tribe
TRTXZGM128F428B62B,SOFGKDT12A8C1399DD,ARAEX7Y1187FB42D36,Toni Braxton,Love Affair,Toni Braxton,1993,268.45995,0.7379725284,0.555968803752,r&b/soul,rnb; female vocalists; Smooth Jazz; soul; Mellow,266,100,40.274061,0,319.0,231.19000000000023,0.2889875000000003,0.1594404826317246,0.7623287742759316,One Tribe
TRPBTSJ128F42A3168,SOCTMXF12A8C13BF5C,ARHLSMN1187B98D8D7,Harry Belafonte,Angelina,Harry Belafonte - I Miti Musica,1961,236.48608,0.667204447187,0.508376104749,latin,calypso; oldies; latin; names; jamaican,218,106,34.885527,0,353.0,100.29374999999978,0.12536718749999973,0.07958936001602886,0.6438490136011991,Sexy
TRPQPTG12903CE17BB,SOGARGP12AB0189B83,ARS2Y7C1187FB52D25,Ray J,Blue High Heels,Raydiation,2005,241.94567,0.777002993398,0.566683961238,r&b/soul,Ray J - Blue high Heels; Ray J; rnb; slow jamz; chillout,193,92,30.116441,0,271.0,42.01874999999998,0.05252343749999998,0.038672248872450944,0.6434847694012222,Sexy
TRKNFNN128F14A4231,SOFSYFI12A6D4FBED5,ARCXKY91187B9ACA99,Diana Krall,How Deep Is The Ocean (How High Is The Sky),Love Scenes,1997,285.59628,0.747939215284,0.561394074956,jazz,jazz; female vocalists; jazz piano; Canadian; vocal jazz,162,43,31.240999,0,134.0,108.81499999999988,0.13601874999999986,0.09578999640573142,0.6400492937409676,Sexy
TRFUNRS128F9346BF4,SOTHROA12AB0188152,AR51X3T1187B99417E,Tony Sly,On the Outside,Acoustic,2004,185.93914,0.588373149788,0.43090681398,folk,acoustic; Acoustic Rock; favo nu; Tony Sly; ARTISTE BIO,252,115,34.234486,0,219.0,515.6075000000004,0.6445093750000005,0.4211866709030756,0.6251006744855749,Tell Your Momma Come
TRUBEUP128F42634A4,SOBEISJ12A8C13487D,ARO80D41187B9B8D8F,Jon B.,Do It All Again,Pleasures U Like,2001,295.70567,0.68683623629,0.453836455007,r&b/soul,rnb; Mellow; love songs; slow jams; drjazzmrfunkmusic,431,122,56.964901,0,446.0,633.6262500000007,0.7920328125000009,0.3117895045738645,0.6192409551658381,Tell Your Momma Come
TRGHYGG12903CAC100,SORLWRB12D02199388,ARLMXEA1187B9A7D04,R. Kelly,Kickin' It With Your Girlfriend,TP.3 Reloaded,2005,214.12526,0.811506286892,0.796033968652,r&b/soul,rnb; r kelly; sad; Someone tagged this song as their favorite song; situations,642,146,92.639085,0,728.0,679.6999999999999,0.849625,0.20423537497969046,0.5999087774396421,Tell Your Momma Come
TRCRGKS128F92C57A8,SOMTNQR12A8C13FE21,ARUN69Q1187B98E4D4,Patricia Barber,You're The Top,The Cole Porter Mix,2008,219.55873,0.609182854439,0.423555940207,jazz,jazz; vocal jazz; Patricia Barber; jazzy-blue; contemporary jazz vocalists,183,75,37.775654,0,272.0,283.9962500000004,0.3549953125000005,0.20589513855954672,0.7240011909722526,The Apl Song
TRVDAHO128F92F231E,SOXUSKK12A8C144F94,AR0IVTL1187B9AD520,Katy Perry,Hot N Cold (Innerpartysystem Main),Hot N Cold,2008,278.30812,0.929486571068,0.848826278193,electronic,trance; electronic; dance; female vocalists,429,84,103.841225,0,729.0,1179.3187500000029,1.4741484375000036,0.3118068929266915,0.720908690038003,The Apl Song
TRFCRZS128F42954AF,SOEHZYT12A8C13BD77,AR7NTTO1187B995A0C,Manhattan Transfer,The Blues Are Brewin',The Spirit Of St. Louis,2000,377.99138,0.622610420866,0.396203288661,blues,blues; 2000; louis armstrong; tmt; blue songs,138,73,22.226111,0,171.0,119.01249999999965,0.14876562499999957,0.14788943293811052,0.7137362856392836,The Apl Song
TRCHZXW128E079288A,SOMEJDK12D0219BB71,ARTH9041187FB43E1F,Eminem,8 Mile,8 Mile,2002,359.3922,0.886183647684,0.852677055416,hip hop,rap; Hip-Hop; Eminem; Soundtrack; hip hop,1141,328,132.992481,0,768.0,507.52375000000114,0.6344046875000015,0.10709045199029754,0.7545902931684223,Diamonds From Sierra Leone
TRSSUAV128F148D60F,SOLBJPX12A6D4F901D,ARHATLI1187FB52C76,Toby Keith,Sweet,Shock 'N Y'all,2003,186.27873,0.803715829983,0.688381697457,country,country; pop; emo; country rock; texas country,388,179,44.743715,0,220.0,305.23499999999984,0.3815437499999998,0.19125658192311706,0.7371507552289746,Diamonds From Sierra Leone
TRMLERK128F4294CBC,SOAEJCZ12A8C13D526,ARJCOPY1187FB5C315,K'Naan,Voices In My Head,The Dusty Foot On The Road,2006,173.06077,0.692979339609,0.536862273632,hip hop,Hip-Hop; rap; ethnic; male vocalists; 2000s,462,175,58.770741,0,352.0,222.83999999999966,0.2785499999999996,0.10549933971388827,0.726530658547179,Diamonds From Sierra Leone
TRKLJAG128F42B31CF,SOTGRDJ12A8C13FE2A,ARB8DSE1187FB3CFC4,Mario Vazquez,Everytime I...,Mario Vazquez,2006,241.71057,0.723005147335,0.395148687525,r&b/soul,mario vazquez; Everytime I; soul; rnb; r&b,511,114,125.658267,0,731.0,212.68750000000057,0.26585937500000073,0.046399764746819804,0.8337596063165003,If I Had
TRMEKRF12903CC80A6,SOIWUME12A8C13BAFB,ARUU13E1187FB3EB48,Bouncing Souls_ The,Pervert,The Bad_ The Worse_ and The Out Of Print,2002,99.082,0.715551109546,0.469057797892,electronic,trance; psytrance; electronic; psychedelic; guitar,193,86,33.361655,0,243.0,102.0187500000001,0.12752343750000011,0.08445613694848594,0.8157980589681353,If I Had
TRMEUKT128F4263312,SODMGTM12A6D4F8DB6,ARI49UF1187B9B7438,Jay-Jay Johanson,Rush,Rush,2005,195.73506,0.645896263529,0.387365505099,electronic,downtempo; electronic; electronica; relax fm; blue hour,231,92,41.448764,0,335.0,71.27750000000022,0.08909687500000027,0.04747237484490129,0.8096106534542135,If I Had
TRADBOM128F4279782,SOWZAOY12CF530E5ED,ARTQ8QP1187FB3D220,Leonard Cohen,Ballad Of The Absent Mare,Death of a ladies man / Recent songs / The future,1979,383.00689,0.79522967914,0.564623405405,folk,folk; Canadian; singer-songwriter; leonard cohen; acoustic,451,189,50.059964,0,98.0,237.45499999999953,0.2968187499999994,0.13250286704388947,0.7181190475253627,Ken Kaniff
TRDUSIG12903CA5FCB,SOIWGDT12AB018A591,ARHDJIG1187B9AF524,Savatage,The Hourglass,Still The Orchestra Plays - Greatest Hits Volume 1 & 2,1997,486.97424,0.639999317102,0.507330127982,metal,Progressive metal; heavy metal; symphonic metal; savatage; metal,889,283,76.138033,0,314.0,463.2562500000001,0.5790703125000001,0.17368183275374832,0.7103733794556968,Ken Kaniff
TRGQRVQ128F42A2675,SOXSRAD12D02193301,ARYJSY01187B9B7C65,Dolly Parton,Joshua,Legends,1971,183.01342,0.765263787803,0.594469274524,country,country; female vocalists; singer-songwriter; names; tasty guitar licks and riffs,370,156,47.201695,0,299.0,284.98249999999996,0.35622812499999995,0.16930343171302092,0.669567524839786,Ken Kaniff
TRDKUSZ12903CF188B,SOTDFHU12AF729DB0B,ARKMIBT11F4C8430D9,The Antlers,Epilogue,Hospice,2009,328.88118,0.726299713385,0.466946703147,rock,indie; indie rock; acoustic; listen with your eyes closed; Good tune,273,131,35.860842,0,289.0,213.9699999999992,0.267462499999999,0.16606034822006507,0.524241439656014,My Darling
TRLJCEB128F93199D9,SOYMSGG12A58A76FB4,ARU9KWP1187B98B2A7,Busdriver,Avantcore,Avantcore,2005,144.71791,0.618002714909,0.349476327198,hip hop,underground hip-hop; Hip-Hop; piano; indie; snap those fucking fingers,355,185,31.240999,0,213.0,122.8825000000001,0.15360312500000015,0.11136245488934796,0.5206109396272245,My Darling
TRVWTFT128F93296FA,SOUXDNX12AB0188357,ARJ0D0S1187B9954C1,Jackie Greene,I'll Let You In,American Myth,2006,319.32036,0.644165799408,0.386481258392,country,americana; underrated; blues-rock; folk-rock; roots,257,110,39.711459,0,290.0,180.26124999999973,0.22532656249999966,0.12585145991358426,0.5143648822147244,My Darling
TRSNEKW128F93454C7,SOLYXDA12AB0183BE8,ARL99WU1187B98FB1F,Skip James,Hard Time Killin' Floor Blues,Cypress Grove Blues,1964,169.16853,0.623698243161,0.421795209615,blues,blues; delta blues; Old Blues; haunting; sad,148,69,22.494444,0,143.0,28.397500000000072,0.03549687500000009,0.03516611604257486,0.6843149665403541,8 Mile
TRBHTIG128F92F4B81,SOQWGSB12AB01820EB,AR0GKOG1187B990042,Rehab,Chest Pain,Graffiti The World,0,182.9873,0.73300955457,0.529700224941,hip hop,rap; white rap; Megadeth; psycho metal; rehab,482,208,39.648455,0,319.0,249.73000000000025,0.3121625000000003,0.17995303332632145,0.5597725802559957,8 Mile
TRLHQLO12903CECC48,SOZMCWK12AB018E91D,ARVWBEJ1187B9AF5CE,Hello Saferide,San Francisco,Introducing Hello Saferide,2005,204.2771,0.656462788821,0.437877451488,folk,singer-songwriter; swedish; indie; female vocalists; indie pop,238,115,25.670995,0,215.0,201.7662500000003,0.25220781250000035,0.22085781033932442,0.549786154273579,8 Mile
TRUNGLI128F425AD28,SOEAKDX12A8AE48FD9,ARMDA7X1187FB52EA8,The Derek Trucks Band,All I Do,Songlines,2006,393.50812,0.695097638667,0.520184923642,blues,blues; guitar; rock; blues rock; funk,215,61,39.382737,0,313.0,126.23875000000027,0.15779843750000033,0.08833907542060204,0.667718031491555,Love Was Here
TRAVJGH128F14ADDB7,SOBTWBZ12A6D4FBE3E,AR33DV81187FB4139B,Avalon,Overjoyed,The Creed,0,243.56526,0.629578511605,0.554674152502,pop,pop; christian,243,95,35.468296,0,317.0,230.1350000000003,0.28766875000000036,0.18118175374475978,0.6534939234987447,Love Was Here
TRKSSMT128E07948E7,SOBOHKS12A67AD72E3,ARK7U231187FB3B9B0,Billie Piper,Day And Night,The Very Best Of Billie Piper,2000,197.642,0.600578220261,0.350601894746,pop,pop; british; dance; guilty pleasure; catchy,352,72,59.211485,0,440.0,315.3449999999998,0.39418124999999976,0.14747128064306,0.6430239888722205,Love Was Here
TRGLJRY128F14841E2,SOQVVTI12A6D4F8155,ARZ5CKV1187B9AE71A,Brand New Heavies_ The,"You Are The Universe (Roger's Universal 7"" Edit)",You Are The Universe,0,230.47791,0.699823464073,0.491707533716,jazz,acid jazz; House; acidjazz,393,67,81.430952,0,655.0,354.27375000000063,0.4428421875000008,0.11953131151020835,0.672188455668513,Be With You
TRQYUKJ12903C9A1CE,SOVCUXV12A58A807E5,ARWQUD91187B9ACF59,Kevin Devine,It's Only Your Life,Brother's Blood,2008,353.69751,0.742073878888,0.447432326819,folk,folk; rock; acoustic; indie; indie rock,380,134,64.645185,0,589.0,296.2737500000006,0.3703421875000007,0.12669498534635446,0.659049380969708,Be With You
TRPBTSJ128F42A3168,SOCTMXF12A8C13BF5C,ARHLSMN1187B98D8D7,Harry Belafonte,Angelina,Harry Belafonte - I Miti Musica,1961,236.48608,0.667204447187,0.508376104749,latin,calypso; oldies; latin; names; jamaican,218,106,34.885527,0,353.0,100.29374999999978,0.12536718749999973,0.07958936001602886,0.6589093062048448,Be With You
TRACMOD128F42817B3,SOANNYT12A8C13E9C7,AREDRYV1187B9AF37E,Secos And Molhados,O Patrão Nosso De Cada Dia,Warner 30 Anos,1973,209.50159,0.557348096678,0.438461582565,rock,mpb; brasil; classic rock; experimental; tropicalismo,81,34,14.56022,0,2.0,-8.0325,-0.010040625000000001,-0.015053018756397975,0.7331925416990814,Locked Up
TRMWWQC128F1495ABB,SOLZMEP12A58A77F59,AR3THYK1187B999F1F,João Gilberto,Sampa,Joao,1991,301.87057,0.645192338747,0.471224329919,latin,latin; brasil; Bossa Nova; brazilian; male vocalists,140,53,22.181073,0,12.0,-16.064999999999998,-0.02008125,-0.019811619046184063,0.719498575424451,Locked Up
TRWMKRQ128F42A035D,SOEJEUQ12AF72A1FF6,ARZQ1KI1187FB4E578,Emilie Simon,Dame De Lotus,Live à l'Olympia,2006,245.73342,0.626595201213,0.460163314631,electronic,french; electronic; female vocalists; emilie simon; electronica,89,24,18.384776,0,0.0,-8.504999999999967,-0.010631249999999958,-0.012609994085181977,0.6979742257530752,Locked Up
TRJEUFZ128F92F3FAE,SOBPJPE12A8C1435DF,ARX8RCZ1187FB3995F,Bruce Hornsby and the Range,The Way It Is,50 Great Songs,1986,237.08689,0.582203849275,0.415225169992,rock,80s; soft rock; piano; bruce hornsby; rock,221,91,32.388269,0,164.0,175.82124999999928,0.2197765624999991,0.1507931453546306,0.5724026195496806,So Ghetto
TRJNANQ128F92D08C3,SOFZHCT12A6D4FA4F3,ARS73GR1187FB4AE00,Four Tops,Ain't No Woman (Like The One I've Got),Their Greatest Love Songs,0,188.94322,0.760812122473,0.460264221506,r&b/soul,soul; motown; 70s; oldies; smooth,355,107,47.159304,0,192.0,122.12500000000041,0.15265625000000052,0.07227110281984149,0.5456042637453635,So Ghetto
TRJNMGP128F92E0427,SOGXZZI12AAF3B2704,AR8UICP11C8A4154FD,Hey Monday,Josey,Hold On Tight,2008,199.28771,0.750449156749,0.602880095927,punk,punk; pop; hey monday; powerpop; female,244,84,34.088121,0,173.0,182.85999999999981,0.22857499999999978,0.1493895304882306,0.5341036482395028,So Ghetto
TRDCGJV12903CF298B,SOOZZJE12AC9072D9E,ARQ0B8P1187FB4D58B,7 Seconds,Man Enough To Care,New Wind,1986,120.13669,0.566306807827,0.428225975403,punk,punk; Old School Punk; old skool punk; hardcore skeeno,189,94,26.134269,0,210.0,126.49124999999988,0.15811406249999985,0.13493668555042732,0.677252557518912,Heart Of The City (Ain't No Love)
TRPYKXK128F145F107,SOECRQM12A6D4F6283,ARM7YQQ1187B9A84E7,Blondie,Bang A Gong/Funtime (Live),Live - Philadelphia 1978/Dallas 1980,0,927.29424,0.758537438514,0.55141512027,punk,Morose Deep dilate Crimson; New York Punk; T Rex,80,47,14.899664,0,98.0,115.46250000000032,0.1443281250000004,0.21369552582725246,0.6677995610485037,Heart Of The City (Ain't No Love)
TRZWUOC128F92CB5FE,SOVKYUG12A8C14088C,AR5BX3Y1187FB39E93,Slightly Stoopid,Everything You Need,Winter Tour '05 - '06,2003,251.81995,0.866171076427,0.488338989664,reggae,reggae; dub; slightly stoopid; rock; stoner,407,118,61.302528,0,545.0,259.51000000000016,0.3243875000000002,0.11723152495139157,0.6554811088154762,Heart Of The City (Ain't No Love)
TRBWQXE128F92E26F6,SOQCSDL12A8C142A45,AR76DOS1187FB5AE78,The Jeff Healey Band,I Think I Love You Too Much,LIVE AT MONTREUX,1990,343.27465,0.716854351769,0.414236247722,blues,blues; blues rock; guitar; rock; Mark Knopfler,213,70,43.737855,0,407.0,48.931250000000155,0.06116406250000019,0.03080689790641017,0.9897636854146827,Rabbit Run
TRDRHRG128F428BBDB,SOLXQHT12A8C13BE14,ARN9Q881187FB3D951,The Dells,I Miss You,Standing Ovation - The Very Best Of The Dells,1997,261.45914,0.591696068822,0.387333145782,r&b/soul,soul; rnb; smooth; Old School soul; oldie,293,107,59.059292,0,517.0,71.15749999999971,0.08894687499999965,0.033186793543869775,0.8335834149407342,Rabbit Run
TRAHBBS128F92CFBDC,SORFEJS12A8C140392,AR4RBOB1187B9AC209,Anastacia,I Can Feel You,I Can Feel You,0,210.20689,0.583808862216,0.323553746888,pop,pop; dance; anastacia; soul; rnb,327,73,70.441465,0,784.0,102.70750000000014,0.12838437500000016,0.04012480477623064,0.828126268722047,Rabbit Run
TRRZREZ128E078F7E4,SOEBLVC12A6702081E,ARHTHC01187B9B6D2A,Michael McDonald,Peace,In The Spirit-A Christmas Album,0,200.14975,0.712675204333,0.563362693588,r&b/soul,soulful; christmas; piano; strings; vocals,134,84,18.493242,0,120.0,53.5950000000001,0.06699375000000013,0.08081984439176729,0.6463663618136472,Splurge
TRULUAY128F425C0C4,SOYBZPR12A8C137A88,ARNAQSX1187B9ADBE4,Van Morrison,Rolling Hills,Into The Music,1979,171.54567,0.83810923474,0.521188105725,blues,blues; rock; classic rock; folk rock; folkrock,214,39,41.880783,0,58.0,-7.382500000000067,-0.009228125000000083,-0.004834435421981689,0.5511985489502673,Splurge
TRGSLPE128F426A55E,SOWLMTR12A8C131274,ARXDFN01187B9AE80E,The Presidents of the United States of America,Mach 5,II,1996,196.20526,0.698548137448,0.471550897954,rock,rock; 90s; fun; alternative rock; presidents of the united states of america,250,83,39.115214,0,70.0,61.309999999999775,0.07663749999999972,0.04312280885229405,0.5465136084152037,Splurge
TRZKMDX128F4277845,SOHAZHB12A8C13D09F,AR10B9G1187FB561CE,Lucky Dube,Slave,Best Of,1990,268.35546,0.663224673954,0.44697979301,reggae,reggae; slave; zimbabwe; african stuff; wonderful song,288,70,52.144031,0,189.0,50.18374999999981,0.06272968749999977,0.026361154575067994,0.800932849455575,St. Louie
TREHMYJ128F42BA1E6,SOBOEJV12A8C1424C0,ARAOQ5T1187FB435AB,Björk,Hunter,Hunter,1997,551.05261,0.853153520662,0.559129441527,electronic,electronic; alternative; experimental; female vocalists; bjork,107,50,23.259407,0,108.0,26.336250000000092,0.03292031250000012,0.031014517052821194,0.7986549248830949,St. Louie
TROEBNO128F42AAFB8,SORKHCW12A8C13D894,ARWENA51187B9A6A3E,Charlotte Church,Even God,Tissues And Issues,2005,248.65914,0.626299518718,0.434880620474,classical,Classical; Charlotte Church; pop; female vocalists; welsh,281,98,46.443514,0,229.0,154.1737500000002,0.19271718750000028,0.09193624299272088,0.7911061258129995,St. Louie
TRRPZRQ128F425E7C2,SOKQASI12A58A7CD01,ARRTIN91187FB4BC6F,Say Anything,Goodbye Young Tutor_ You've Now Outgrown Me,In Defense Of The Genre,0,260.10077,0.890873630843,0.555630814184,folk,acoustic; indie; my all time favorites; emo; alternative rock,150,69,27.64055,0,264.0,93.39749999999945,0.11674687499999932,0.0933507531055893,0.6716820340173438,Wrap Sumden
TRAESNJ128F4258D4B,SOBURAD12A8C136714,ARGKGSB1187B98BCDB,Whitecross,Walk With Me,Hammer And Nail,0,285.02159,0.601320394089,0.335218221991,classical,Baladas; Classical; christian rock; christian; worship,124,55,23.151674,0,235.0,40.95750000000047,0.05119687500000059,0.04874976840656801,0.6550850093193072,Wrap Sumden
TRRFMYC128EF348C72,SOFPUCR12A6D4F7F34,AR4GAFY1187B9B639D,B.B. King,You Done Lost Your Good Thing Now,The Blues Anthology,1965,315.53261,0.708735400038,0.542289933434,blues,blues; over 5 minutes long; Ballad; blues rock; classic,268,67,52.019227,0,715.0,37.93750000000002,0.04742187500000003,0.020124356620942373,0.6534788239690991,Wrap Sumden
TRPNLLB128F14956A5,SOPBLAJ12D02193A82,ARK4ZEK1187B990A4F,George Strait,Milk Cow Blues,Chill Of An Early Fall,1991,292.5971,0.772330210306,0.63812068502,country,country,258,114,32.710854,0,272.0,97.44249999999965,0.12180312499999957,0.08326296417864282,0.5919177797900688,Soon You'll Understand
TRTATZQ128F427EDD0,SOUNQKE12A8C13FE8A,ARX395D1187FB41D91,Emiliana Torrini,Sunny Road,Sunny Road,2005,347.66322,0.723279138432,0.524417302553,folk,female vocalists; icelandic; acoustic; singer-songwriter; folk,185,86,26.400758,0,229.0,122.85374999999958,0.15356718749999948,0.12928280778098655,0.576325861917014,Soon You'll Understand
TRIMQCD128F42732CC,SOPZZZY12A8C132C17,ARM5JLS1187FB3615B,Tammy Wynette,Another Lonely Song,SUPER HITS,1996,159.81669,0.606118645697,0.409196035655,country,country; lonely country; jo; top country songs; country taggradio,159,79,24.474477,0,161.0,47.27124999999981,0.05908906249999976,0.05374758943775983,0.5696564835116749,Soon You'll Understand
TRMJBIJ128F93391B9,SODOFEI12AAFF44BF1,ARRQZEV1187B98C8C2,Bow Wow,Sunshine,New Jack City II,0,207.35955,0.870870765597,0.531978917471,hip hop,hip hop; Hip-Hop; rnb; bow wow,506,186,63.285069,0,605.0,354.2862499999993,0.4428578124999991,0.15702884679927775,0.6662843817182833,Encore
TRBIMOX128F425EC2B,SOXGUFZ12A8AE4816F,AR8MGFQ1187B9AC4D1,Shayne Ward,Tangled Up,Breathless,2007,233.76934,0.685412301088,0.567248803925,r&b/soul,rnb; british; loves it; fun sex; cover vs original,422,102,69.195376,0,738.0,223.47750000000062,0.27934687500000077,0.08936580719763854,0.6536919617919914,Encore
TRNXNWU128F42340A9,SOESGPR12A81C22DB4,ARWA6NT1187FB3F15C,The Cure,High,The Cure - Greatest Hits (Deluxe Sound & Vision) PAL,1992,220.96934,0.811953040098,0.578993548664,rock,new wave; alternative; rock; 90s; The Cure,226,80,37.469988,0,300.0,72.16750000000006,0.09020937500000008,0.05327391164752244,0.6530285637073876,Encore
TRKYQUX128F42907C1,SOYEAJC12A8C13DDCE,ARDW1CO1187B9AD318,They Might Be Giants,Climbing The Walls,The Else,2007,195.16036,0.694956636943,0.54577612056,rock,alternative; pop; present participle; frustration; tmbg,315,98,42.308392,0,140.0,223.19000000000008,0.2789875000000001,0.1462254721604255,0.7120535052474302,Say Now
TRVWMAR128F425A2DA,SOMFMFC12A8AE45B47,AR13CXU1187B9AD30A,The Clash,1-2 Crush On You,Clash On Broadway,1978,181.21098,0.775797362701,0.601186059455,punk,punk; punk rock; british; rock; the clash,341,99,54.954527,0,365.0,175.46499999999997,0.21933124999999998,0.08798865830828626,0.6894585042572826,Say Now
TRRPZEH128F1466812,SOJRVID12A6D4F73F8,ARQCSP31187B9A17ED,Us3,I Got It Goin' On,Hand On The Torch,1993,318.48444,0.686350895519,0.474644868283,jazz,acid jazz; Jazz Hop; jazz; chillout; funk,443,169,66.813172,0,281.0,314.202500000001,0.39275312500000126,0.13002721921213836,0.6885582020919937,Say Now
TRPBTSJ128F42A3168,SOCTMXF12A8C13BF5C,ARHLSMN1187B98D8D7,Harry Belafonte,Angelina,Harry Belafonte - I Miti Musica,1961,236.48608,0.667204447187,0.508376104749,latin,calypso; oldies; latin; names; jamaican,218,106,34.885527,0,353.0,100.29374999999978,0.12536718749999973,0.07958936001602886,0.713714348878679,Been There Done That
TRHMLCK128F93085F2,SOQFPFX12AB017B8F9,ARCNYM11187FB3FEB1,Jeff Timmons,Can't You See,Whisper That Way,2004,238.602,0.577880792522,0.294843621803,pop,pop; rnb; male vocalists; american; english,307,72,66.468037,0,705.0,367.43249999999904,0.4592906249999988,0.15209145847836872,0.7060401258180394,Been There Done That
TRBEWAM128F145CA91,SOHZVBU12A6D4F7524,ARAYR671187B9923E6,Shannon McNally,Down And Dirty,Jukebox Sparrows,2001,293.53751,0.696663943756,0.370858691752,blues,blues; queer as folk; female vocalists; f singer-songwriter; annymix,306,122,54.083269,0,575.0,184.3937499999996,0.23049218749999953,0.09413593358055952,0.7038096574177413,Been There Done That
TRLTYLK128F92FE6FF,SOWVIEO12AB0182D10,AR03BDP1187FB5B324,Britney Spears,Radar,Radar,2007,353.33179,0.947327506635,0.607257279581,pop,pop; dance; Britney Spears; female vocalists; electronic,500,96,116.61475,0,657.0,209.61625000000024,0.2620203125000003,0.04936834858056426,0.6190564411636443,Magical
TRBVRFJ128F4261038,SOEHVZF12A8AE48C35,AR00MBZ1187B9B5DB1,Memphis Minnie,If You See My Rooster (Please Run Him Home),Columbia Original Masters,1991,198.29506,0.588571842057,0.360644227016,blues,blues; Classic Blues; delta blues; female vocalists; acoustic blues,180,68,28.896367,0,104.0,94.01875000000013,0.11752343750000016,0.0903363074885925,0.5727412981483047,Magical
TRISBQQ128F93217A2,SOSKAYL12AB01884DE,ARPXABO1187FB4D15F,2Pac,Strictly 4 My N.I.G.G.A.Z.,Strictly 4 My N.I.G.G.A.Z.,0,355.47383,0.873186809178,0.517255770086,hip hop,Hip-Hop; hardcore rap; west coast hip-hop; leapsandbounds tapecollection; kaudogg,921,288,104.316825,0,785.0,333.9875000000008,0.417484375000001,0.08954557503562413,0.5586909860415402,Magical
TRYWLDI128F92FE846,SOFCVLP12AB017E87C,AR6681Y1187FB39B02,Ike & Tina Turner,Rock Me Baby,Spotlight On The Four Aces,1987,165.09342,0.785640031695,0.466120647971,r&b/soul,Ike and Tina Turner; soul; blues; pop; best,168,37,36.945906,0,407.0,-4.673749999999928,-0.00584218749999991,-0.0034764568858376924,0.7428543094153002,Over
TRBIMOX128F425EC2B,SOXGUFZ12A8AE4816F,AR8MGFQ1187B9AC4D1,Shayne Ward,Tangled Up,Breathless,2007,233.76934,0.685412301088,0.567248803925,r&b/soul,rnb; british; loves it; fun sex; cover vs original,422,102,69.195376,0,738.0,223.47750000000062,0.27934687500000077,0.08936580719763854,0.7415110732740937,Over
TRYDNTB128F9331278,SOCEMVQ12AB0181AD2,ARKVLYL1187B98DD50,Ginuwine,Only When ur Lonely,Ginuwine... The Bachelor,1996,349.75302,0.78626800889,0.496705942843,r&b/soul,rnb; soft lips; 90s; chillin; raga love songs,362,114,57.463032,0,694.0,136.20249999999996,0.17025312499999995,0.06593049483250452,0.7412103505670413,Over
TRHQICO128F92F0146,SOTGGCN12A8C14552F,ARO7FVB1187B9A53D8,Mary Chapin Carpenter,Maybe World,time*sex*love*,2001,232.46322,0.615536129167,0.492031682694,folk,folk; favorite songs; catchy; sing along; good song,187,82,22.891046,0,145.0,171.87000000000003,0.21483750000000004,0.20882807234974277,0.6285206185471811,Wrap U Around Me
TRUVVFR128F4248609,SOHGOSZ12A8C134848,ARTBYYJ11F4C83C244,KRS ONE,I'm On The Mic,Life,0,245.4722,0.622034584456,0.544583987397,reggae,ElectglitchdubhoP; Hip-Hop; spy rap,506,213,49.305172,0,347.0,451.2412500000004,0.5640515625000004,0.2577548347584858,0.6230811563195938,Wrap U Around Me
TRJWBUM128C7196B23,SOWVMBK12A6310E83B,ARVNNXD1187B9AE50D,Marvin Gaye,That's The Way Love Is,Anthology,1969,217.91302,0.780520618011,0.54084755902,r&b/soul,soul; motown; 60s; funk; rnb,358,113,60.216277,0,464.0,299.01499999999965,0.37376874999999954,0.13706074064345553,0.6186794874813183,Wrap U Around Me
TRWMZQL128F9306DCB,SOQWWOQ12AAF3B22EA,ARKSZW81187B9B695D,Mariah Carey,I'll Be There,#1's,1993,263.94077,0.934935267398,0.787005468689,pop,pop; 90s; rnb; Mariah Carey; female vocalists,324,82,76.883028,0,351.0,27.77874999999993,0.03472343749999991,0.009915538168919108,0.793572943575263,Paper Planes
TRUVZOE128F421B011,SOIOXZD12A6D4FE787,AR7HM181187FB3CFC1,Nitty Gritty Dirt Band,Party On The Mountain,Welcome To Woody Creek,2004,199.65342,0.666056521303,0.520056817822,country,country; folk; Party On The Mountain,204,68,31.780497,0,88.0,178.035,0.22254374999999998,0.15444300290749421,0.767801287853324,Paper Planes
TRPDWLW128F424DF76,SOVGFWB12A8C134A17,ARC4HSQ1187FB55940,RyanDan,I'll Be There,RyanDan,2007,278.96118,0.636109170872,0.371573624485,classical,soft vocals; contemporary classical; easy; male vocalists; Classical,291,79,62.657801,0,336.0,47.21249999999987,0.059015624999999836,0.020731801389612572,0.7329636820630524,Paper Planes
TRZFCJS128E0784D05,SOJIJOV12A6701F264,ARNTVM11187B98B4B4,The Boomtown Rats,Diamond Smiles,The Fine Art Of Surfacing,1979,231.05261,0.616429301571,0.435669948703,rock,rock; british; new wave; punk; classic rock,227,137,24.083189,0,53.0,77.36500000000018,0.09670625000000023,0.090280148590081,0.5586788128389328,Set It Off
TRXJTJZ128F4295464,SOADEWJ12A8C13D4CF,AROVU6Z1187B9AE74E,The Corrs,Queen Of Hollywood ( LP Version ),Talk On Corners,1997,302.10567,0.687686737519,0.513196187359,pop,pop; irish; rock; the corrs; folk,596,114,77.858847,0,184.0,330.1275000000004,0.4126593750000005,0.11816515441934375,0.5431163452312806,Set It Off
TROBUHQ128F149D98B,SOMXSFN12A6D4FB088,AR3AY3R1187FB52CF0,Tracy Byrd,Right About Now,No Ordinary Man,0,198.42567,0.692973745052,0.442392092613,country,country; beautiful; my favorite; great song; classic country,201,97,22.045408,0,79.0,109.6174999999998,0.13702187499999974,0.13953531415908654,0.5124992210182767,Set It Off
TRVNOZX12903D0EA7F,SOAPOIG12AC468D375,AR72PJV1187B9A72CE,Kultiration,Sadhu,Grogrund,2005,165.3024,0.548457981763,0.401557596973,reggae,reggae; q3; favorite songs; roots reggae; Swedish reggae,61,26,5.656854,0,2.0,-2.3624999999999985,-0.0029531249999999983,-0.011378954700204742,0.8257889848820021,Ho
TRFXFJV128F92F419B,SOMXWKC12AAF3B55A8,ARYVFXL12086C12308,Jonathan Johansson,Högsta taket_ högsta våningen,En hand i himlen,2008,228.15302,0.586618935188,0.394275559267,pop,swedish; indie pop,39,21,4.358899,0,2.0,-2.5987499999999932,-0.0032484374999999913,-0.01627716902372957,0.7189787465447567,Ho
TRZTIKH128F92EDD42,SOCFGUD12A8C135F9F,AR4O0RH1187B9B2620,Björns vänner,Vad ska jag med ett foto på dig?,Får ett eget liv,2003,224.23465,0.451417205676,0.351302471656,reggae,sex; Skane; Skaane; Y; sv,237,58,9.643651,0,14.0,-2.9062500000000187,-0.003632812500000023,-0.008229605227180692,0.6192940150473474,Ho
TRHZHOW128F4230F35,SOYUOOF12A6D4FC841,ARLNQBR1187B9B9C4D,Devendra Banhart,My Dearest Friend,Smokey Rolls Down Thunder Canyon,2007,155.6371,0.753938466961,0.539207384932,folk,folk; memories; depressive; for soul; gorgeous,44,18,11.224972,0,59.0,39.0225000000001,0.04877812500000012,0.09521791806458246,0.6431990631011656,The What
TRLXCIQ128F429142D,SOXFRCM12A81C21CF6,AR6C4YD1187B9B246B,BAL-SAGOTH,The chronicle of shadows,Atlantis Ascendant,2001,334.91546,0.617393422742,0.472761718004,metal,black metal; Symphonic Black Metal; symphonic metal; epic metal; true britannic war metal,529,216,58.103356,0,234.0,420.39999999999924,0.5254999999999991,0.20059049269903378,0.6307699866661146,The What
TRXIIII128F934BDE6,SORZNNO12AB0187D3C,AR5SRYW1187B9B7A72,Hate Eternal,Proclamation Of The Damned,Fury And Flames,2008,253.59628,0.693946210684,0.446952621645,metal,death metal; Brutal Death Metal; metal; fast; us,227,76,37.64306,0,114.0,238.21624999999958,0.29777031249999947,0.17365807590840512,0.6278613473110062,The What
TRMXPBQ128F149661D,SOPBWKZ12A6D4FA754,ARPUBU61187B98A4E6,John Mayall,Don't Waste My Time,Turning Point,1970,297.09016,0.680263752998,0.397517215821,blues,blues; blues rock; harmonica; John Mayall; m rock,147,67,26.057628,0,245.0,74.63374999999989,0.09329218749999986,0.07926687320296188,0.671472200283434,Rowdy Rowdy
TRKAEFD128F428C723,SORKJWQ12D02199CB1,ARP29T31187B98DD5F,Keyshia Cole,I Changed My Mind,The Way It Is,2005,198.66077,0.779559452297,0.549555191469,r&b/soul,rnb; soul; r&b; urban; keyshia cole,468,150,72.124892,0,670.0,32.445000000000014,0.040556250000000016,0.012469782297061428,0.6649894351437382,Rowdy Rowdy
TRIWNZP128F4264D70,SOYACTL12A8C130183,ARO80D41187B9B8D8F,Jon B.,Love Don't Do,Bonafide,1995,404.76689,0.68683623629,0.453836455007,blues,slow; rhythm and blues; urban; Neo-Soul; slow jam,293,123,43.852024,0,492.0,103.64625000000022,0.12955781250000029,0.06558530017845779,0.65529940659649,Rowdy Rowdy
TRESRKO12903CAFA55,SOTFPPY12AB0183D2F,ARDOZOK1187FB5310E,Freemasons,When You Touch Me,Unmixed,2007,255.13751,0.699000740022,0.466730995274,electronic,House; dance; vocal house; club; electronic,434,98,77.678826,0,738.0,149.24750000000026,0.18655937500000033,0.053218868407662955,0.7125618145332253,Bang Out
TRHMNPK128F92F9809,SOMEXEY12A8C142B21,ARAYCK21187B98EBFD,John Lee Hooker,Wandering Blues,Detroit Blues 1950-1951,1950,182.33424,0.777911299757,0.471373274121,blues,-15t; -25t; -u5; bluesy; Like an old Hendrix,165,70,28.0,0,183.0,78.0349999999998,0.09754374999999975,0.07714471416843248,0.6710132159451271,Bang Out
TRHBXXJ128F1468CDB,SODMING12A6D4F7DB3,ARHPDQM1187FB3C318,Albert Collins,Master Charge,Collins Mix,1978,348.89098,0.628102577273,0.395608350317,blues,blues; Texas Blues; electric blues; MiK; funk,489,181,58.189346,0,401.0,190.17000000000047,0.23771250000000058,0.09128382920158139,0.6604431822381681,Bang Out
TRJCYOI128F9320EF6,SOZFTLF12AB0185FAE,ARF2SVO1187FB53E8F,Alison Krauss / Union Station,Baby Now That I've Found You,Essential Alison Krauss,0,232.85506,0.665145483773,0.425326121849,country,country; bluegrass; favourite; female favs; soothing,250,60,49.578221,0,537.0,91.77250000000002,0.11471562500000003,0.051076868446723024,0.8009911614635074,Snoopafella (Edited)
TRAHBBS128F92CFBDC,SORFEJS12A8C140392,AR4RBOB1187B9AC209,Anastacia,I Can Feel You,I Can Feel You,0,210.20689,0.583808862216,0.323553746888,pop,pop; dance; anastacia; soul; rnb,327,73,70.441465,0,784.0,102.70750000000014,0.12838437500000016,0.04012480477623064,0.7891214202394289,Snoopafella (Edited)
TRLMLGY128F9361350,SOQXOHK12A58A7CE3F,ARSHZBZ1187B98A445,Joe Bonamassa,I Don't Believe,You & Me,2006,202.68363,0.675919556522,0.511054353898,blues,blues rock; blues; rock; joe bonamassa; allboutguitar,173,50,39.68627,0,362.0,0.018749999999988415,2.343749999998552e-05,1.2988530075235453e-05,0.778409967768963,Snoopafella (Edited)
TRYXRXL128F427F13A,SOURTSB12A8C136AC3,ARENMIP1187FB5638D,Robbie Williams,It's De-Lovely,De-Lovely Music From The Motion Picture,2004,282.04363,0.849766883849,0.57861647281,jazz,cole porter; covers; easy listening; jazz; Soundtrack,348,152,60.737139,0,239.0,595.7012500000012,0.7446265625000015,0.2695973359072926,0.6706914775481154,Hair
TRJKYRB128F1498AF7,SOFANDC12A6D4F9855,ARLPFWM1187FB4CCCB,Blossom Dearie,It's Too Good To Talk About Now,My Gentleman Friend,0,188.52526,0.636627822666,0.396354468918,jazz,jazz vocals,201,53,48.249352,0,198.0,295.7824999999984,0.36972812499999796,0.16794750013506823,0.6443795388159748,Hair
TRHZTBL128F42537B5,SOVWVWG12AF72A770A,ARNGX901187B9B194F,Gorefest,Dragon Man,Soul Survivor / Chapter 13,1996,397.92281,0.626379529004,0.441945562125,metal,death metal; Melodic Death Metal; nederland; lifetime soundtrack; musipell,152,72,18.520259,0,61.0,32.39125000000011,0.040489062500000145,0.04816787943589995,0.6269786141700338,Hair
TRLQBZP12903CECC4A,SOLNXMU12AB018E934,ARVWBEJ1187B9AF5CE,Hello Saferide,Get Sick Soon,Introducing Hello Saferide,2005,176.63955,0.656462788821,0.437877451488,folk,singer-songwriter; swedish; indie; female vocalists; indie pop,204,87,36.207734,0,332.0,85.12875000000024,0.1064109375000003,0.06486602683076997,0.822445448093236,Happymess
TRNHSZN128F930FF03,SOQOIDA12AF72A1430,ARMV0L61187B9B4964,Clawfinger,Revenge,A Whole Lot Of Nothing,2001,242.75546,0.661176989938,0.46190246429,metal,metal; rap; industrial; crossover; industrial metal,522,171,87.441409,0,799.0,300.7424999999995,0.3759281249999994,0.0951429419717602,0.8112535815362977,Happymess
TRXRXMN128F934810E,SONMKFG12AB01846DE,ARFTQS41187FB4D96C,Bad Astronaut,Quiet,Acrophobe,2001,70.29506,0.628053257228,0.375726467579,punk,punk; quiet; post punk rock; leahlovesjake,263,82,44.732538,0,431.0,204.06375000000054,0.25507968750000065,0.12636392020927953,0.801762570715518,Happymess
TRLHFKY12903CEB798,SODUXHT12AC468E9D1,AR658OS1187FB5C451,Rachael Lampa,Blessed,Pope John Paul II - the Tribute Album,2002,243.04281,0.631989862551,0.468193874317,pop,pop; christian; <3; mind-blowing female vocals,290,101,46.872167,0,318.0,103.42625000000005,0.12928281250000007,0.060934909464696325,0.7799394269890042,Put Your Head On My Shoulder (Album Version)
TRZVKMX128F423D09D,SOWLOSL12A8C13303B,ARGRHGG1187B9AFBB7,Rolf Harris,Maximillian Mouse,The Best Of Rolf Harris,1980,216.63302,0.58145429708,0.407058593251,folk,kids; folk,265,120,39.661064,0,142.0,120.40374999999997,0.15050468749999996,0.08380230615332607,0.7742109361865629,Put Your Head On My Shoulder (Album Version)
TRJTTZO128E0784704,SOOBYDJ12A6701D97C,ARROWYU1187B9AB4BB,Big Bad Voodoo Daddy,What's Next?,This Beautiful Life,1999,220.42077,0.620995693213,0.521712405225,jazz,jazz; swing; quickstep; Big Band; male vocalists,172,88,26.305893,0,136.0,124.0349999999998,0.15504374999999976,0.13083176368687335,0.7668803104450103,Put Your Head On My Shoulder (Album Version)
TRBEWAM128F145CA91,SOHZVBU12A6D4F7524,ARAYR671187B9923E6,Shannon McNally,Down And Dirty,Jukebox Sparrows,2001,293.53751,0.696663943756,0.370858691752,blues,blues; queer as folk; female vocalists; f singer-songwriter; annymix,306,122,54.083269,0,575.0,184.3937499999996,0.23049218749999953,0.09413593358055952,0.7009991412614159,Stuck In The Middle With You (Non-Album Track)
TRPBTSJ128F42A3168,SOCTMXF12A8C13BF5C,ARHLSMN1187B98D8D7,Harry Belafonte,Angelina,Harry Belafonte - I Miti Musica,1961,236.48608,0.667204447187,0.508376104749,latin,calypso; oldies; latin; names; jamaican,218,106,34.885527,0,353.0,100.29374999999978,0.12536718749999973,0.07958936001602886,0.6856363160106911,Stuck In The Middle With You (Non-Album Track)
TRPXYXU128F428AE4B,SOEQFCY12AF72A8591,ARWXRV91187B9AF9B9,Millencolin,Birdie,Kingwood,2005,152.45016,0.7597877909,0.509833208839,punk,punk; punk rock; skate punk; swedish; pick myself up and keep going,296,81,48.342528,0,437.0,297.28374999999994,0.3716046874999999,0.1702580277839897,0.685578484254952,Stuck In The Middle With You (Non-Album Track)
TRGCYUP12903CF418D,SORCZYU12A8C141516,ARH09RT1187FB4A843,OV7,Angelica,CD00,2000,212.00934,0.577232155031,0.431448034568,latin,latin; pop; dance; radio kudai,222,72,40.5586,0,290.0,37.041249999999835,0.046301562499999796,0.02523287761092116,0.5676256609117875,You'll Never Find Another Love Like Mine (Album Version)
TRODIRC128F92FFD47,SOTELYR12A6D4FB697,ARFNJ4O1187B9A204B,Broadcast,Ominous Cloud,Haha Sound,2003,226.29832,0.691850736596,0.467885511383,electronic,electronic; indie; experimental; Dreamy; indie pop,186,74,26.907248,0,136.0,83.03499999999978,0.10379374999999973,0.0855497743913224,0.5617475309012975,You'll Never Find Another Love Like Mine (Album Version)
TRRKUMV128F9300330,SOOKMAO12AB0180C40,ARE2QID1187B98FA19,Sleepy John Estes,Milk Cow Blues,Blues From The Delta To The City - Country Blues And Spirituals_ Jug Bands And Hokum,1930,183.24853,0.519000072373,0.353035740145,blues,blues; delta blues; country blues; slgdmblues; Heroes of the Blues,170,93,18.681542,0,144.0,34.83124999999994,0.04353906249999993,0.051945662935447376,0.5588812555775249,You'll Never Find Another Love Like Mine (Album Version)
TRBUDSY128F428D976,SOJRAFF12A8C1391DD,ARJ6GR01187B98D64D,Lonestar,Please Come Home For Christmas,This Christmas Time,2000,169.01179,0.753475620346,0.529915121495,rock,christmas; xmas; rock; country; pop,140,71,17.776389,0,81.0,63.484999999999864,0.07935624999999984,0.09943533453821835,0.9322156893387056,Kiss me baby
TRNJMKH128F426749E,SORVBEQ12A8C133D6B,ARJ8MZP1187B9AF422,Beverley Craven,Promise Me,Beverly Craven,1990,219.34975,0.582181762656,0.371316711892,pop,female vocalists; pop; 90s; Love; Ballad,260,76,50.950957,0,399.0,134.88249999999945,0.16860312499999933,0.07306012256772647,0.5677728788418539,Kiss me baby
TROEJHY128F428F66D,SORKLCJ12AF72A5634,ARXOSRG1187FB4AE0D,Pharoahe Monch,Intro,Desire,1999,32.62649,0.692201720214,0.451648662267,hip hop,Hip-Hop; rap; gospel; new york shit; Pharoahe Monch,306,153,29.0,0,168.0,230.37125000000034,0.28796406250000045,0.22479589659794189,0.5640394088669951,Kiss me baby
TRGKRAK128F148B3D8,SOBRZDT12A6D4F955F,ARQFLML1187FB42060,Was (Not Was),How The Heart Behaves,Hello Dad...I'm In Jail,1990,234.9971,0.677741359685,0.391773653354,r&b/soul,body parts; the word heart; the word how; the word behave; funk,318,129,33.91165,0,111.0,73.30000000000014,0.09162500000000018,0.06070860342723282,0.5332536365918943,Let's Go
TRAIKSH128E07816DF,SOCVMHO12A6D4F9C77,ARODBRG1187FB3FD99,Nick Cave & The Bad Seeds,Stagger Lee,Murder Ballads,1996,315.08853,0.681581305435,0.479407675575,rock,alternative; rock; Nick Cave; singer-songwriter; alternative rock,377,160,36.837481,0,190.0,97.08624999999984,0.1213578124999998,0.07438408505239152,0.5233023873523341,Let's Go
TRMQVEX128F92F29D1,SORXNEH12AAF3B3740,AR12HYN1187FB4D7A8,MC Paul Barman,Anarchist Bookstore part 1,Paullelujah!,2002,212.03546,0.591142995039,0.357113962458,hip hop,Hip-Hop; male; nerdcore; amazon; nerd rap,429,197,37.669616,0,129.0,214.3062499999999,0.26788281249999985,0.16099729522580125,0.5101581058458754,Let's Go
TRSSXEH128F42295DD,SOJYOPE12CF5169FC1,ARJA1841187FB3A029,David Bowie,Time Will Crawl (1999 Digital Remaster),Sound And Vision,0,258.42893,0.845335176062,0.584666919432,pop,pop; glam rock; 80s; rock; brit rock,336,118,50.259327,0,110.0,203.30000000000018,0.2541250000000002,0.11159782937571755,0.5295610972778679,Moon Over Miami
TRLYTFL128F148B221,SOYQQAC12A6D4FD59E,ARWD25M1187FB4C563,Amy Winehouse,Just Friends,Back To Black,2006,191.84281,0.899709852629,0.583732613088,r&b/soul,soul; jazz; female vocalists; Amy Winehouse; british,172,62,30.347982,0,85.0,351.7437500000004,0.43967968750000047,0.3197707739554001,0.4968015063019677,Moon Over Miami
TROZAIF128F42725F0,SOWFRHZ12A58A7CBA5,AR6CKW31187B9B3D69,Uncle Tupelo,Looking For A Way Out,Still Feel Gone,1991,124.1073,0.61971870862,0.387774407849,country,Alt-country; country; americana; alt country; punk,236,99,32.924155,0,263.0,217.27749999999946,0.27159687499999935,0.18383207696364753,0.4953108796804878,Moon Over Miami
TRALLSP128F148AD75,SOCXKCF12AF729F898,ARDGPFY1187B9A371B,Long Beach Dub Allstars,Kablammin' It,Wonders Of The World,2001,282.61832,0.575412600552,0.417351055803,reggae,ska; long beach dub allstars-kablammin it,358,117,64.38944,0,385.0,349.90499999999855,0.43738124999999817,0.14960181784654442,0.6601420403848262,Hit That Jive Jack
TRVRIIT12903CD89B7,SOAWVCT12AB018F754,ARP6N4J1187FB36C7B,Marilyn Monroe,Do It Again,Diamonds Are A Girl's Best Friend,1987,194.0371,0.671222318535,0.5523280812,jazz,kot; jazzy; female; Seduction; chuchoterie,549,223,61.408468,0,494.0,384.6712499999999,0.48083906249999986,0.17685255679329084,0.6400873974453145,Hit That Jive Jack
TRLNQSB128F933844C,SOLTDSC12AB01811B7,AR3MVZ31187FB573C4,Danni Carlos,Falling In Love Again,"Rock""N'Road All Night By Danni Carlos",2005,173.60934,0.569189462456,0.422284008466,pop,pop; brazil; cover; pop dance,275,93,44.384682,0,361.0,177.57500000000056,0.2219687500000007,0.11120497146714516,0.6321141576552314,Hit That Jive Jack
TRHBXXJ128F1468CDB,SODMING12A6D4F7DB3,ARHPDQM1187FB3C318,Albert Collins,Master Charge,Collins Mix,1978,348.89098,0.628102577273,0.395608350317,blues,blues; Texas Blues; electric blues; MiK; funk,489,181,58.189346,0,401.0,190.17000000000047,0.23771250000000058,0.09128382920158139,0.6520487165575689,The Christmas Song
TRENDJC128F42790D9,SOFNBZH12A8C134BFB,AR5JPWN1187FB5B6DE,Amel Larrieux,Sweet Misery,Infinite Possibilities,2000,269.7922,0.687996785976,0.385201079073,r&b/soul,Neo-Soul; amel larrieux; soul; Neo Soul; female vocalists,399,91,64.961527,0,664.0,165.895,0.20736875000000002,0.07078503300367017,0.6498349641806631,The Christmas Song
TRKSXNO128E07937C2,SOWVRVI12A6701E0B4,AR5N8VN1187FB37A4E,Soundgarden,Outshined,Badmotorfinger,1991,310.59546,0.806359342993,0.545789126217,rock,Grunge; rock; 90s; alternative; hard rock,300,79,51.234754,0,316.0,79.92124999999986,0.09990156249999982,0.0431571559809272,0.647802919995991,The Christmas Song
TRKYKRF128F4281F31,SOBQGTB12A8C139B36,AR4GAFY1187B9B639D,B.B. King,Broken Heart,Definitive Greatest Hits,1987,165.72036,0.708735400038,0.542289933434,blues,blues; electric blues; men in blues,102,46,20.976177,0,192.0,38.847499999999954,0.04855937499999994,0.05106218275702885,0.778409967768963,Too Young
TRKBSYP128F42647E7,SOMKVEE12A8C133265,AR3R83L1187B9B01B0,Rosanne Cash,I Don't Know Why You Don't Want Me,The Very  Best Of Rosanne Cash,1985,200.28036,0.638384205204,0.513897736047,country,country; 80s; ChrisCountryPop; easy listening; chris-softcountry,359,91,78.396428,0,735.0,76.78499999999978,0.09598124999999973,0.026968153251973125,0.7758909901188878,Too Young
TRFLMQX128F9341492,SOAPIAQ12AB01887CA,AR5O86P1187FB3B8CD,Edith Piaf,Dont Cry,The Essential Collection (Digitally Remastered),0,169.24689,0.537686929663,0.46672003247,punk,punk; covers; bizarre; novelty; poprock,257,65,52.40229,0,598.0,154.1900000000002,0.19273750000000026,0.08101178404825927,0.7655129075831677,Too Young
TRTPMBB128F42934F8,SOKRKJD12A8C13C4AC,AR2N24K1187B999361,Sage Francis,Keep Moving,Human The Death Dance,2007,276.06159,0.724706201256,0.524949698458,hip hop,Hip-Hop; test; brilliant; I like; Great Lyricists,660,246,71.386273,0,546.0,287.51250000000033,0.3593906250000004,0.11319138138170197,0.7210089126716733,Unforgettable
TRGNBRZ128F9300AF5,SOQQCPC12A8C140EF3,ART70HI1187B9A37BC,Elmore James,Dust My Broom,Very Best Of The Blues,1965,169.9522,0.619366855459,0.43482343141,blues,blues; Chicago Blues; Classic Blues; guitar; electric blues,224,68,39.673669,0,130.0,20.057499999999987,0.025071874999999983,0.013940540278468798,0.6999035288533862,Unforgettable
TRGIGND128F92D45AA,SOXNHRA12A8C144BB3,ARJ1K7W1187FB3C1EB,Canned Heat,Dust My Broom,On The Road Again,1971,345.23383,0.6753573051,0.463889743073,blues,blues; blues rock; classic rock; 60s; rock,223,67,39.673669,0,130.0,20.057499999999987,0.025071874999999983,0.013940540278468798,0.6999035288533862,Unforgettable
TRAUNHR128F92DBBC1,SOGARXB12A8C143D8D,ARRTHFN11F4C83D56B,UGK (Underground Kingz),She Luv It,UGK 4 Life,0,232.48934,0.742388600489,0.44458261521,hip hop,rap; texas,735,159,113.446022,0,352.0,349.92000000000104,0.4374000000000013,0.08526045896644954,0.5084839663705671,Autumn Leaves
TRDZATL128F4260FFB,SOEYJGR12A8AE466BA,AR00MBZ1187B9B5DB1,Memphis Minnie,Down In The Alley,Columbia Original Masters,1991,180.27057,0.588571842057,0.360644227016,blues,blues; Classic Blues; Old Blues; delta blues; female jazz vocalist,257,85,37.389838,0,294.0,69.6950000000001,0.08711875000000013,0.05158145675301492,0.4924332061971145,Autumn Leaves
TRKWZYG128F428F53A,SOZAOWC12A8C13C64E,ARMZFC81187B9AC52C,Nick Drake,Strolling Down The Highway,Family Tree,1998,170.03057,0.686491332775,0.495138237881,folk,folk; singer-songwriter; acoustic; 60s; Mellow,118,49,19.078784,0,76.0,58.319999999999844,0.0728999999999998,0.08447066699082759,0.4835953565373316,Autumn Leaves
TRDDDDX128E0793212,SOIOOIR12A58A7EBB8,ARLAUED1187B9ACEAF,Eric Clapton,Alberta,Eric Clapton Blues,1992,172.22485,0.791830356538,0.635429400415,blues,blues; classic rock; rock; blues rock; eric clapton,84,35,18.439089,0,119.0,69.62750000000001,0.08703437500000001,0.1039758461486155,0.5965587590013044,Love Is A Many Splendored Thing
TRPYXDO128F92E6DCD,SOXVMFB12A6D4FAAFE,ARR9XGB1187B9912E6,Boyz II Men,A Song For Mama,Legacy,1997,302.0273,0.790922847956,0.601184941794,r&b/soul,rnb; BOYZ ll MEN- A SONG FOR MY SOUL; soul; Boyz II Men; 90s,457,109,77.051931,0,872.0,289.37374999999935,0.3617171874999992,0.10397217141834045,0.5489040618507599,Love Is A Many Splendored Thing
TRGETEA128F1455843,SOINCBX12A58A780F0,AREIW0I1187B99012E,Bebel Gilberto,Every Day You've Been Away,Bebel Gilberto,2004,246.15138,0.717538629239,0.528668584084,latin,Bossa Nova; brazilian; latin; female vocalists; Bossanova,111,25,29.46184,0,221.0,96.01249999999973,0.12001562499999967,0.08940066185732244,0.5350889838969736,Love Is A Many Splendored Thing
TRUWCIM128F14A3A92,SOUYDJQ12A6D4FC62E,ARQXAUH1187B9BA010,Bobbie Gentry,Fancy,Fancy,1969,258.84689,0.582460566903,0.384798909965,country,country; six feet under; vindictive; names; spiked-candy radio,661,228,67.749539,0,630.0,439.6774999999994,0.5495968749999992,0.1834114052854916,0.7221984610098442,Smoke Gets in Your Eyes
TRDIYGM128F425B1F1,SOLLPDP12CF5F87EC1,ARMM6WZ1187FB4958D,Willie Nelson,All Of Me,16 Biggest Hits_ Volume 2,1978,235.67628,0.773806910964,0.629128001261,country,country; classic country; Willie Nelson; jazz standard; Outlaws and Gypsys,181,49,34.641016,0,367.0,166.83750000000077,0.20854687500000096,0.13298300783449052,0.7076030347550246,Smoke Gets in Your Eyes
TRETHYH128F9307A6A,SOXFAOE12AF729F020,ARSX6IX1187B9B640C,Big Star,I Am The Cosmos,Columbia: Live at Missouri University 4/25/93,1993,252.60363,0.741040432796,0.496508118721,pop,power pop; 70s; classic; 5 star tracks; cardindex hit parade,241,55,47.67599,0,496.0,179.20624999999998,0.2240078125,0.10353817143533049,0.7035587020239884,Smoke Gets in Your Eyes
TREBQOW128F92C4549,SOLIKYJ12A8C13F7DA,AR54RGR1187FB51D10,Common,Book Of Life,thisisme then: the best of common,1994,306.85995,0.865128983978,0.53481975015,hip hop,Hip-Hop; hip hop; hiphop; rap; Jazz Hop,569,226,78.663842,0,373.0,293.21500000000054,0.36651875000000067,0.10351864197737916,0.7924035077705202,If You Can't Smile And Say Yes
TRFOGZN128F42882B5,SOGZIZN12A8C13836F,AR3MSAN1187B98F06B,OutKast,Claimin' True,Southernplayalisticadillacmuzik,1994,283.76771,0.796420043773,0.574497025958,hip hop,Hip-Hop; G-funk; hip hop; outkast; kaudogg,471,215,52.820451,0,351.0,201.00500000000034,0.2512562500000004,0.10669624832948886,0.7861149984395214,If You Can't Smile And Say Yes
TRECYJW128F4289D1C,SODZKUG12A8C13C579,ARPKK761187FB4D53C,The Ataris,Myself,...Anywhere But Here,1997,138.65751,0.827853769867,0.517328583566,punk,punk rock; life; pop punk; The Ataris; Downloads,260,119,41.701319,0,265.0,54.95374999999988,0.06869218749999985,0.03655499483569,0.783866779135188,If You Can't Smile And Say Yes
TRRVQTP128F1452759,SOFCBPR12A6D4F72A5,AR3O4111187B9B7816,The Marvelettes,Way Over There,Soul Satisfaction 5 - Things That Make You Go MMMM-Motown,1965,145.03138,0.620487922779,0.44903557188,jazz,drjazzmrfunkmusic; easy listening; jazz; soul; Happy Music,347,77,67.074585,0,215.0,108.05375000000012,0.13506718750000016,0.04441504460974366,0.63034595265323,She's Funny That Way
TRQWXVK12903CF4705,SOCBANQ12A8C13793B,AR052WY1187FB55B1C,We The Kings,Stay Young,We The Kings,2007,167.47057,0.824799832236,0.563273083275,punk,pop punk; we the kings; Love; power pop; punk,312,79,55.190579,0,152.0,593.8499999999998,0.7423124999999997,0.29741897272080114,0.5290355469607031,She's Funny That Way
TRHHLCK128F92E3C65,SOBXRCO12A8C144B92,ARZHPKG1187FB4A298,Judee Sill,There's A Rugged Road,Live In London - The BBC Recordings 1972 - 1973,1973,262.76526,0.540126437934,0.396156671896,folk,folk; singer-songwriter; quiet country; Judee Sill; female vocalists,246,102,31.400637,0,77.0,89.19999999999963,0.11149999999999954,0.07853193800263306,0.5175425723893259,She's Funny That Way
TRCFPJF128F428A872,SOKCCML12D021B0FC6,AR66H0N1187B9AE91E,Etta James,I Just Want To Make Love To You,Live From San Francisco,1960,182.25587,0.774411519667,0.641347950577,blues,blues; soul; female vocalists; jazz; 50s,263,57,51.797683,0,559.0,59.73375000000017,0.07466718750000022,0.03170896238615531,0.8602212578815764,The Ruby And The Pearl (2003 Digital Remaster)
TRHIZHZ128F4295EFA,SOLYDEE12A8C13B199,AR3JMC51187B9AE49D,Backstreet Boys,Don't Want You Back,Millennium,1999,206.49751,0.851417628847,0.592614927352,pop,pop; boybands; backstreet boys; dance; 90s,366,96,73.824115,0,614.0,119.98249999999973,0.14997812499999966,0.044743906063969455,0.8284790747478227,The Ruby And The Pearl (2003 Digital Remaster)
TREBGAA128E078FC52,SOVYGAV12A58A7C3A9,AR24DZB1187FB3C869,Erykah Badu,I Want You,Worldwide Underground,2003,653.13914,0.855731901717,0.584841725537,r&b/soul,soul; Neo-Soul; female vocalists; rnb; Erykah Badu,617,98,153.163312,0,1246.0,889.1887500000007,1.1114859375000008,0.15911386708581834,0.8264336871502513,The Ruby And The Pearl (2003 Digital Remaster)
TRTKXNY12903CB661C,SOMRXGA12AB01867E2,AREPYZO1187B9B9C2D,Gil Scott-Heron,Me And The Devil,Me And The Devil,2010,218.33098,0.674976018785,0.556550250998,blues,blues; spoken word; recommendations from rumble; trip hop; 2010,263,139,26.11513,0,220.0,110.74999999999991,0.13843749999999988,0.119795593584414,0.5968675616148561,The Very Thought Of You
TRZRBOX128EF3435A7,SOUUAHI12A67AD822A,ARYXOV81187B99831D,Seventh Day Slumber,Broken Buildings,Finally Awake,2007,260.8322,0.609181991921,0.509243098679,rock,christian rock; christian; rock; post-grunge; top christian,138,71,22.494444,0,224.0,85.17749999999997,0.10647187499999995,0.10491558399565247,0.5930414797492458,The Very Thought Of You
TRQFRJG128F4260199,SOVJLIF12A8C137957,ARHXK5N1187B98F942,Opeth,The Moor,Still Life,1999,686.0273,0.772951363198,0.593469923779,metal,Progressive metal; progressive death metal; death metal; Progressive; Melodic Death Metal,247,132,27.367864,0,169.0,146.12874999999963,0.18266093749999954,0.14896244110247783,0.5812763812852317,The Very Thought Of You
TRENDJC128F42790D9,SOFNBZH12A8C134BFB,AR5JPWN1187FB5B6DE,Amel Larrieux,Sweet Misery,Infinite Possibilities,2000,269.7922,0.687996785976,0.385201079073,r&b/soul,Neo-Soul; amel larrieux; soul; Neo Soul; female vocalists,399,91,64.961527,0,664.0,165.895,0.20736875000000002,0.07078503300367017,0.6848522115083484,Rudolph The Red-Nosed Reindeer
TRJCYOI128F9320EF6,SOZFTLF12AB0185FAE,ARF2SVO1187FB53E8F,Alison Krauss / Union Station,Baby Now That I've Found You,Essential Alison Krauss,0,232.85506,0.665145483773,0.425326121849,country,country; bluegrass; favourite; female favs; soothing,250,60,49.578221,0,537.0,91.77250000000002,0.11471562500000003,0.051076868446723024,0.6835287634705961,Rudolph The Red-Nosed Reindeer
TRYYRLU12903D082FF,SOKNZNC12AC4689423,ARBHBE91187B9A1F58,Jonny Lang,Breakin Me,Live at the Ryman,2009,474.64444,0.698969925264,0.486783024923,blues,blues; jonny lang; singer-songwriter; rock; guitar,229,111,32.526912,0,339.0,103.3324999999998,0.12916562499999976,0.08863786303046929,0.6820996207799838,Rudolph The Red-Nosed Reindeer
TRKLAOB12903C9A1CD,SOGTQWN12AB018837A,ARWQUD91187B9ACF59,Kevin Devine,Fever Moon,Brother's Blood,2009,202.39628,0.742073878888,0.447432326819,folk,singer-songwriter; lalalala loOoOoooOove; rock; folk; acoustic,205,115,29.427878,0,256.0,161.83750000000052,0.20229687500000065,0.15276661942189437,0.7645413846117451,December
TRCDLUM128F9331CA9,SOOOJWM12A8C13AC0E,ARPDVPJ1187B9ADBE9,Usher,Love Was Here,Usher,1994,337.13587,0.856448923652,0.851233891127,hip hop,hip hop; rnb; hip hop tag,385,104,60.572271,0,544.0,178.13124999999974,0.22266406249999968,0.08174314816203959,0.759042196768557,December
TRNHSZN128F930FF03,SOQOIDA12AF72A1430,ARMV0L61187B9B4964,Clawfinger,Revenge,A Whole Lot Of Nothing,2001,242.75546,0.661176989938,0.46190246429,metal,metal; rap; industrial; crossover; industrial metal,522,171,87.441409,0,799.0,300.7424999999995,0.3759281249999994,0.0951429419717602,0.745137226719784,December
TREVSIA128F92CB79A,SOFRRAL12A58A7C9F4,ARCACVC1187B98CA90,Opera IX,Anphisbena,Anphisbena,2004,462.39302,0.508309837733,0.381063186616,metal,black metal; folk metal; metal; symphonic metal; folk,268,120,25.357445,0,44.0,221.79874999999987,0.27724843749999983,0.24315845332385524,0.48480295519905003,Don't Know Why (Live)
TRRKYWZ128E078B55B,SOWFNFX12A67020B32,AR7SC9F1187B98B064,Moxy Fruvous,The Greatest Man In America,The 'B' Album,1996,189.54404,0.552397164447,0.360496252078,folk,moxy fruvous; Canadian; folk; indie; alternative,253,124,24.899799,0,97.0,231.7825000000001,0.2897281250000001,0.26046684169777673,0.47646575441927735,Don't Know Why (Live)
TRJZXOC128F933A199,SORWVQQ12A8C13A8E5,ARJW1SP1187FB4CA51,Pink Martini,Tea For Two (Featuring Jimmy Scott),Hey Eugene!,2007,304.90077,0.782432392887,0.623894562804,jazz,jazz; wojmile; fifi ulubione; chill out; romantic,246,91,31.717503,0,211.0,443.1674999999999,0.5539593749999999,0.38915663342301526,0.46375310998530644,Don't Know Why (Live)
TRGTQCP128F932573A,SOXGDGO12D021B3D6B,ARWS1TU1187B9B2560,Hilary Duff,Play With Fire,Best Of Hilary Duff,2007,181.52444,0.803470043929,0.554576050061,pop,pop; hilary duff; dance; female vocalists; pop rock,404,134,63.06346,0,862.0,139.71375000000032,0.1746421875000004,0.06151752168601437,0.7891633608680811,Humble Me
TRIUACN128F9333554,SOCCJNI12AB018339C,AR6NBDC1187FB4D96D,Chuck Berry,How You've Changed,Rock At The Philharmonic,1958,165.40689,0.735926365084,0.60487233271,blues,blues; rock; Rock  Roll; RollBlues; BLUEZZZ,102,52,20.518285,0,241.0,33.97375000000001,0.04246718750000001,0.045564442047971054,0.7763672294518155,Humble Me
TREXHBK128F9312A37,SONCSOX12AB017F3A5,ARTN7KV1187FB4CF64,Amerie,Higher,In Love & War,2009,172.22485,0.824199579564,0.512522676107,r&b/soul,real; soul; groovy; vocalization; feel good,397,106,62.705662,0,720.0,121.25749999999967,0.15157187499999958,0.053614605415264895,0.7637793101450445,Humble Me
TRDCGJV12903CF298B,SOOZZJE12AC9072D9E,ARQ0B8P1187FB4D58B,7 Seconds,Man Enough To Care,New Wind,1986,120.13669,0.566306807827,0.428225975403,punk,punk; Old School Punk; old skool punk; hardcore skeeno,189,94,26.134269,0,210.0,126.49124999999988,0.15811406249999985,0.13493668555042732,0.6167981080241418,I've Got To See You Again
TRLZGEE128F14AEBE0,SODLAYQ12A6D4FA224,ARYA7ZI1187B9AF253,The Cruel Sea,The Honeymoon Is Over,Empire Records,1993,186.20036,0.546877117316,0.358423054376,rock,rock; australian; 90s; 90s aussie rock; drive a mack truck in yo ass,169,83,25.729361,0,238.0,59.61750000000011,0.07452187500000014,0.06446870254640208,0.614057666798837,I've Got To See You Again
TRPBTSJ128F42A3168,SOCTMXF12A8C13BF5C,ARHLSMN1187B98D8D7,Harry Belafonte,Angelina,Harry Belafonte - I Miti Musica,1961,236.48608,0.667204447187,0.508376104749,latin,calypso; oldies; latin; names; jamaican,218,106,34.885527,0,353.0,100.29374999999978,0.12536718749999973,0.07958936001602886,0.6135437342381805,I've Got To See You Again
TRRKJGZ128F148128F,SOAQCXS12D02191FC1,ART1UFU1187FB4C9B6,Hawk Nelson,Something On My Mind,Smile_ It's The End Of The World,2006,259.18649,0.738435974303,0.621969634968,rock,cross2life; alternative; favorites; christian; funky rock,345,92,51.913389,0,276.0,207.47124999999934,0.25933906249999916,0.11113233979470195,0.5186255708995723,Sinkin' Soon (iTunes Live Session)
TRCIOCW12903CD1DD6,SODGIKA12AB0189D13,ARDN4WU1187FB4CFB1,999,Me And My Desire,999,1978,229.35465,0.57798944235,0.46980983721,punk,punk; punk rock; 77davez-all-tracks; Old School Punk; three,184,72,27.349589,0,205.0,109.09000000000022,0.13636250000000028,0.11062159245620384,0.5178392165002902,Sinkin' Soon (iTunes Live Session)
TRZLNPM128F42B3BF5,SOMKTOZ12A8C13F7DC,ARZH3SW1187B98C96E,Onyx,Feel Me,Onyx/ Bacdafucup II,2002,332.5122,0.636582379001,0.421287262511,hip hop,Hip-Hop; hiphop; rap; hip hop; cool,601,246,57.532599,0,535.0,328.01750000000004,0.41002187500000004,0.16206600029290563,0.5133402630914672,Sinkin' Soon (iTunes Live Session)
TRWSGYS128E0785C86,SOJQOKW12A6702164D,ARJXVSV1187B9A252F,Goldie Lookin Chain,Roller Disco,Greatest Hits,2002,188.39465,0.15671274185,0.462737056844,hip hop,Hip-Hop; comedy; rap; british; welsh,428,196,42.976738,0,199.0,139.4162500000003,0.17427031250000038,0.09108883974795917,0.6775072360496661,The Long Way Home
TRWNERP128F9339C0F,SOBQJFN12AB01820B3,ARLHO5Z1187FB4C861,Beastie Boys,Hey Ladies (2009 Digital Remaster),Paul's Boutique (20th Anniversary Remastered Edition),0,227.60444,0.853124523276,0.591628024008,hip hop,groovy; hip hop; fav fox; leapsandbounds CDCollection; octwoct,589,230,61.473572,0,365.0,196.34125000000006,0.24542656250000008,0.08981586413701838,0.6160782071236234,The Long Way Home
TRBDWRY128F427991E,SOQXGVE12CF5F86D20,ART3O5Z1187B9AB043,Stevie Ray Vaughan And Double Trouble,Tin Pan Alley (aka Roughest Place In Town),The Essential Stevie Ray Vaughan And Double Trouble,2005,551.91465,0.783037109548,0.544257505725,blues,blues; blues rock; guitar; stevie ray vaughan; Guitar Gods,180,82,24.698178,0,58.0,82.34250000000004,0.10292812500000005,0.09237520885257423,0.613365530727246,The Long Way Home
TRABZRZ128F42628AD,SOBKPCA12A8C131AD9,ARSF0K11187B9AF319,James Taylor,Steamroller Blues,James Taylor Live,0,324.85832,0.826513628554,0.628228387313,blues,blues; rock; folk; james taylor; funky,127,58,20.493902,0,133.0,54.374999999999915,0.0679687499999999,0.07324721412781855,0.9933630215849821,Those Sweet Words
TRSCACN12903CBA2C9,SOENGRJ12AB018DBE0,AR10R6Q1187B999F3D,Midnite,Bushman,Unpolished,0,368.79628,0.589939239486,0.477576368441,reggae,reggae; roots reggae; roots; 2giveme5; soulful,488,149,82.28001,0,357.0,172.83999999999972,0.21604999999999966,0.05778711889172122,0.7688580608534284,Those Sweet Words
TRHSDRF128F9309C33,SOHXFKE12A58A7F761,ARDLRLV1187B99ABE4,Mc Chris,hoodie ninja,mc chris is dead,2008,179.51302,0.738366505452,0.542901788316,hip hop,nerdcore; Tag; Teenage angst; ninja; hip hop,481,160,76.065761,0,330.0,334.2025,0.417753125,0.12101346135151485,0.7510047053985542,Those Sweet Words
TRKTQRV128F427B8CB,SOFQWQJ12A8C13B5E1,AR9NA5G1187B98F460,The Raconteurs,Salute Your Solution,Consolers Of The Lonely,2008,179.27791,0.839021531225,0.562834751355,rock,rock; alternative; alternative rock; Garage Rock; 00s,353,94,59.422218,0,299.0,173.2512499999996,0.2165640624999995,0.08049933749918962,0.577123421821596,Wish I Could (Live)
TRVLDMJ128E07963B0,SOIMOOH12A67ADF322,ARQ1YVN1187B98F652,Jimmy Nail,Only One Heart,Crocodile Shoes,1994,227.99628,0.526202889916,0.400194226864,folk,folk rock; childhood memories; chilled vocal; rose thorns; yellow mellow,215,86,35.39774,0,186.0,72.45875000000004,0.09057343750000005,0.05677342719146429,0.5657894828749822,Wish I Could (Live)
TREUANG12903CF5E8E,SOSJTRL12AB0184AE6,ARNQ7691187B9AD25F,Crotchduster,Let Me Into Starfish Land,Big Fat Box Of Shit,2004,201.1424,0.503697124459,0.442230055384,metal,Progressive metal; funny; hardcore; electronic; alternative,237,118,32.031235,0,252.0,82.41999999999999,0.10302499999999998,0.07132932078250138,0.555509740208037,Wish I Could (Live)
TRKLJAG128F42B31CF,SOTGRDJ12A8C13FE2A,ARB8DSE1187FB3CFC4,Mario Vazquez,Everytime I...,Mario Vazquez,2006,241.71057,0.723005147335,0.395148687525,r&b/soul,mario vazquez; Everytime I; soul; rnb; r&b,511,114,125.658267,0,731.0,212.68750000000057,0.26585937500000073,0.046399764746819804,0.8267231318470578,My Dear Country
TRUPCGD128F4282340,SOQWCBD12A8C137B09,AR7GVU91187B99F7E2,Omarion,I'm Gon' Change,O,2005,258.66404,0.82502799479,0.600131865098,r&b/soul,Love; rnb; Omarion; soul; hiphop,596,116,113.789279,0,845.0,230.36999999999998,0.28796249999999995,0.055832621984324086,0.8159300546759948,My Dear Country
TRQMGEQ128F145F0AF,SOJSKMM12A6D4F623E,ARDSWIE1187FB39056,Gang Starr,Gotta Get Over (Taking Loot) (Explicit),Full Clip: A Decade Of Gang Starr,0,224.67873,0.705881776978,0.491178953749,hip hop,hip hop; Hip-Hop; influential; underrated; us,542,216,65.268675,0,411.0,287.302500000001,0.35912812500000124,0.12295450130785444,0.8098207602635835,My Dear Country
TRVVIWJ128F42697BA,SOGVLHO12A8AE48809,AR2XI6G1187B9AE7DA,Fat Joe,Preacher On A Sunday Morning,The Elephant In The Room,2008,208.66567,0.822908534132,0.572027853681,hip hop,fat joe; Hip-Hop; new york; gangsta; freeway - til the sun comes up,544,208,68.956508,0,688.0,154.39624999999998,0.1929953125,0.06255088958520676,0.6782620363865318,I Love The Way You Say Goodnight
TRRJXRE128F93141F6,SOSCXNJ12AB017B875,ARJRB241187FB556A3,Calvin Harris,Ready For The Weekend,Live Lounge 4,2009,218.40934,0.777565296434,0.532735422235,electronic,electronic; dance; House; british; 2009,390,98,56.762664,0,281.0,403.59749999999985,0.5044968749999998,0.19676799435477485,0.6750246601106777,I Love The Way You Say Goodnight
TRPYPOE128F4248543,SONFHQQ12A8C132784,ARU1LDO1187B9B19D2,KATAKLYSM,Beyond Salvation,Shadows And Dust Deluxe Edition,2002,251.01016,0.71229958559,0.547300555596,metal,death metal; Brutal Death Metal; Melodic Death Metal; metal; extreme death metal,108,52,19.052559,0,152.0,68.86374999999992,0.0860796874999999,0.09941576898801688,0.6703596100206974,I Love The Way You Say Goodnight
TRWRQRX128E0795077,SOPSBSI12A67ADA4D2,AROM5MF1187B99E2C9,Cornelis Vreeswijk,Balladen om ett munspel,Live,1993,177.78893,0.587765644873,0.422160565483,pop,pop; Visor; tungt; lugnt0; lx-,104,36,7.416198,0,8.0,-3.0162499999999963,-0.0037703124999999955,-0.011096157316558804,0.8816552712460906,White Christmas
TRAATMI128F9366CA1,SOABYIT12AB0183026,AR98ZSW1187B98E82C,Kalle Baah,Vilda vindar,Blacka Rasta,1985,266.13506,0.505492574099,0.399713399837,reggae,swedish; reggae; Swedish reggae,95,37,5.744563,0,8.0,-3.0712500000000014,-0.0038390625000000018,-0.014585065616292608,0.7984472665856134,White Christmas
TRIPIME128F934BC06,SOYRWYG12AB0185D86,AR60TJ61187FB426CC,Veronica Maggio,Gammal sång,Och vinnaren är...,2008,207.12444,0.623525953395,0.437307167757,pop,pop; soul; swedish; indie rock; 2008,128,40,11.789826,0,14.0,-5.906250000000025,-0.007382812500000031,-0.013661047247211391,0.7615278272809162,White Christmas
TRBEWAM128F145CA91,SOHZVBU12A6D4F7524,ARAYR671187B9923E6,Shannon McNally,Down And Dirty,Jukebox Sparrows,2001,293.53751,0.696663943756,0.370858691752,blues,blues; queer as folk; female vocalists; f singer-songwriter; annymix,306,122,54.083269,0,575.0,184.3937499999996,0.23049218749999953,0.09413593358055952,0.7727408980197984,Memories Are Made Of This
TRJIQFW128F428DE49,SOIHXFR12A8C13E921,ARW2FBY1187FB4D587,7L & Esoteric,Boxcutter Rap,Moment Of Rarities,2005,153.7824,0.624913954247,0.431346085731,hip hop,Hip-Hop; spacey beat,368,191,40.657103,0,380.0,72.06375000000004,0.09007968750000005,0.04929344456160464,0.7581920693524316,Memories Are Made Of This
TRPBTSJ128F42A3168,SOCTMXF12A8C13BF5C,ARHLSMN1187B98D8D7,Harry Belafonte,Angelina,Harry Belafonte - I Miti Musica,1961,236.48608,0.667204447187,0.508376104749,latin,calypso; oldies; latin; names; jamaican,218,106,34.885527,0,353.0,100.29374999999978,0.12536718749999973,0.07958936001602886,0.758151763878044,Memories Are Made Of This
TRMXWWN128F145907F,SOGFRPS12A6701F719,ARTN3HU1187FB4CF68,American Music Club,Will You Find Me,Mercury,1993,246.30812,0.612767560465,0.438379256518,rock,beautiful; Heartbreaking; us indie; maudlin; bolje ne slusaj,192,88,32.588341,0,280.0,69.1999999999997,0.08649999999999963,0.058633136950528374,0.6287499002914747,Little Room
TRPFDHQ128F42B97F9,SOKMUOV12A8C142A3D,ARPYV1F1187FB444FA,Vashti Bunyan,Hidden,Lookaftering,2005,202.47465,0.629071556474,0.419298886112,folk,folk; singer-songwriter; freak folk; peaceful; beautiful,141,78,23.216374,0,192.0,124.05124999999965,0.15506406249999957,0.14827951635690656,0.6203234417281484,Little Room
TRVWTFT128F93296FA,SOUXDNX12AB0188357,ARJ0D0S1187B9954C1,Jackie Greene,I'll Let You In,American Myth,2006,319.32036,0.644165799408,0.386481258392,country,americana; underrated; blues-rock; folk-rock; roots,257,110,39.711459,0,290.0,180.26124999999973,0.22532656249999966,0.12585145991358426,0.6148057261890091,Little Room
TRQXHBL128F42A56FE,SOEUTXD12A58A80CFF,ARS23GQ1187FB4F71A,Ledisi,Best Friend,Lost And Found,2007,280.55465,0.746619436962,0.535121107496,r&b/soul,soul; Neo-Soul; Neo Soul; ledisi; chillout,443,120,79.246451,0,644.0,195.8300000000009,0.24478750000000113,0.06843334314985564,0.7379632368125466,Bei Mir Bist Du Schön
TRZCHKB128F92CB740,SOFCVMN12A8C141F62,AR4RBOB1187B9AC209,Anastacia,Club Megamix,Pieces Of A Dream,0,708.72771,0.583808862216,0.323553746888,rock,Slow Rock; pop; dance; party; female vocalist,749,201,98.020406,0,1056.0,332.2399999999991,0.4152999999999989,0.09500332699422537,0.7307685645090995,Bei Mir Bist Du Schön
TRSLGXM12903CE5B9C,SOKXRPY12AC3DFB0AC,ARQL56C1187FB41279,Melissa Etheridge,Fearless Love,Fearless Love,2010,267.65016,0.665018220464,0.556407234613,rock,rock; 7P; magic female voice; 10s; 2010,348,102,55.722527,0,441.0,123.25125000000021,0.15406406250000027,0.06119951458610377,0.7262965810601715,Bei Mir Bist Du Schön
TRSXWOE12903CA7F6E,SOCJZSC12A58A7B1D0,AR1M4LH1187B9B9F32,Z-RO,Pain,Straight Profit,2001,245.57669,0.774642898383,0.498348706084,hip hop,z-ro; pain; rap; classic; texas,658,255,71.203932,0,335.0,336.5125000000006,0.42064062500000077,0.13284476998757327,0.7062739769981032,Don't Sit Under The Apple Tree
TRQFZWZ128F1460B71,SONOYGQ12A6D4F631D,ARKQ9JM1187FB57521,AZ,Wanna Be There,Aziatic,2002,237.97506,0.640695920704,0.449602655974,hip hop,Hip-Hop; hip hop; brilliant; tight; feel-good,402,218,34.394767,0,315.0,210.36125000000015,0.2629515625000002,0.17477375887391275,0.7039092511471324,Don't Sit Under The Apple Tree
TREBQOW128F92C4549,SOLIKYJ12A8C13F7DA,AR54RGR1187FB51D10,Common,Book Of Life,thisisme then: the best of common,1994,306.85995,0.865128983978,0.53481975015,hip hop,Hip-Hop; hip hop; hiphop; rap; Jazz Hop,569,226,78.663842,0,373.0,293.21500000000054,0.36651875000000067,0.10351864197737916,0.7023123924453811,Don't Sit Under The Apple Tree
TRDENDW128F42747AE,SOTXPMT12A8C134C98,ARFM0TP1187B9A0745,Delta Goodrem,Predictable,Innocent Eyes,2003,220.89098,0.742814725048,0.459946749674,pop,pop; female vocalists; delta goodrem; female vocalist; australian,254,82,48.010416,0,524.0,174.42624999999924,0.21803281249999906,0.10025555970785506,0.7496601725973403,Falling In Love Again
TRHBVPF128F14A5A7E,SOBICTI12A6D4FB42D,ARZPIIG123E26703A0,CSS,Poney Money Honey,Off The Hook,0,158.04036,0.751007862031,0.549889277176,rock,indie; electronic; alternative; good; female vocalists,111,63,19.209373,0,200.0,160.08375,0.20010468750000002,0.2303157387335069,0.7410844282240376,Falling In Love Again
TRNZPAS128F148D3EB,SODLMGE12A6D4F8B22,ARK9IDJ1187FB4365F,Jesse Johnson,Love Struck,Ultimate Collection: Jesse Johnson,1988,321.2273,0.531554135646,0.352168588026,r&b/soul,soul; funk; pop; rock; Jesse Johnson  Love Struck,321,108,55.865911,0,642.0,125.33874999999973,0.15667343749999968,0.06185872180744481,0.7329487105072346,Falling In Love Again
TRZECBZ128F9321386,SOJPBLT12AB01821C7,ARWQ3W11187FB3F35E,Eleanor McEvoy,There's More To This Woman,Snapshots,0,262.19057,0.552742313523,0.344592816579,folk,celtic; female vocalists; folk; minor key; muyeres,283,124,34.014703,0,311.0,164.8987500000002,0.20612343750000026,0.13572859004664867,0.6387123279756043,Heebie Jeebies
TRXCHZD128E0789005,SOEMSTS12A67021852,AR9Z2O31187B9B49F9,Fischerspooner,Invisible,#1,2000,313.80853,0.750022314552,0.515069139906,electronic,Electroclash; electronic; electronica; techno; electro,275,87,44.988888,0,507.0,153.77249999999984,0.1922156249999998,0.09461533277731367,0.6305520365732519,Heebie Jeebies
TRPUIHY128F4268BF3,SOMVMAP12A58A7A18A,AREQIT21187B9AEB7F,Dusty Springfield,Send It To Me,Reputation & Rarities,1990,236.79955,0.670854098371,0.50042382202,r&b/soul,soul,293,88,45.53021,0,457.0,223.48124999999976,0.2793515624999997,0.13575357253745168,0.6210290196447004,Heebie Jeebies
TRCYYII12903CB5FCA,SOKBCXE12A3F1EC83A,AROPXGU1187B98987F,Sanctus Real,Dear Heart,Pieces Of A Real Heart,2010,180.37506,0.275213975967,0.585526472298,rock,rock; christian rock,226,81,44.485953,0,303.0,231.0412499999995,0.2888015624999994,0.14310316780320148,0.739756713967603,I Will Survive
TRQZIIC128F932D273,SOUVTEO12AB018369C,AR6J5DI1187FB4CF6E,America,Horse With No Name,Live In Chicago,1995,262.89587,0.602058835618,0.468797401926,rock,70s; rock; classic rock; folk rock; soft rock,359,106,69.144776,0,148.0,147.14124999999999,0.18392656249999997,0.05848249999704309,0.7139103854090875,I Will Survive
TRCJENI128E0781B04,SOYDXEN12AF729D542,ARKVITV1187B9AE854,Blur,This Is A Low,Parklife,1994,307.33016,0.7466241888,0.551300084257,pop,britpop; 90s; indie; british; rock,227,79,57.236352,0,126.0,86.58500000000014,0.10823125000000017,0.041416627043605464,0.711245451366806,I Will Survive
TROIQZW128F9314A09,SOEWCQY12AB017AED2,AR7LJ7N1187FB4AD1F,Ana Gabriel,Miedo,Vivencias,1996,209.03138,0.671298832464,0.40255540553,latin,latin; texas; Laredo,108,60,16.583124,0,30.0,-16.301249999999975,-0.02037656249999997,-0.02702471151535317,0.6314791467935464,In The Mood
TRCNGAX128F428D64D,SOSUVOQ12A8C138276,AR2ZHQR1187B9A5566,Ska-P,Kemalo,Eurosis,1998,186.48771,0.732556717639,0.490460186609,reggae,ska; ska punk; spanish; ska-punk; skapunk,149,49,25.337719,0,0.0,-21.735000000000007,-0.02716875000000001,-0.0235210186144404,0.6263468502832856,In The Mood
TRSYMRH128F147F1CC,SOFUNFH12A6D4F7643,ARWG0541187FB364EC,Las Ketchup,Imagina,Un Blodymary,2006,224.54812,0.59322673485,0.36356385166,pop,pop; Chilled spanish; i love your music,78,38,15.716234,0,0.0,-13.466250000000006,-0.016832812500000006,-0.023493835555911374,0.6146588440759456,In The Mood
TRJYHEK128E078FF06,SOHQTUL12A6702152F,AR8L6W21187B9AD317,Diana Ross,Don't Explain,Lady Sings The Blues,1972,130.97751,0.735615111893,0.544792156486,jazz,jazz; soul; cover; jazzy; influential,156,51,27.549955,0,295.0,130.99625000000012,0.16374531250000016,0.1310508007643913,0.7731027320822291,Kiss
TRKBSYP128F42647E7,SOMKVEE12A8C133265,AR3R83L1187B9B01B0,Rosanne Cash,I Don't Know Why You Don't Want Me,The Very  Best Of Rosanne Cash,1985,200.28036,0.638384205204,0.513897736047,country,country; 80s; ChrisCountryPop; easy listening; chris-softcountry,359,91,78.396428,0,735.0,76.78499999999978,0.09598124999999973,0.026968153251973125,0.7685435592159912,Kiss
TRICZAH128F92E7BFA,SOBMIXU12A8C144306,ARRJY231187B9ADE40,Pearls Before Swine,If You Don't Want To (I Don't Mind),The Wizard Of Is,0,236.95628,0.549017609043,0.424862816163,rock,Psychedelic Rock; singer-songwriter; folk rock; acid folk,149,80,21.931712,0,164.0,37.57874999999991,0.04697343749999988,0.04770284404976318,0.7646699289131342,Kiss
TRPNKXE128F933B0D1,SOONGJS12A6701DAAA,AR1FLAG1187FB39B0E,Gillian Welch,Elvis Presley Blues,Time [The Revelator],2001,296.41098,0.682689868468,0.531634190674,country,country; folk; female vocalists; gillian welch; alt country,355,80,66.27971,0,190.0,111.77875000000033,0.1397234375000004,0.04643063071724121,0.5406483463813858,Let Me Go Lover
TREOTUB128F4294FD4,SOFEEHI12A8AE4884F,ARH3TO11187FB39019,Rory Gallagher,Bourbon,Jinx,1982,243.51302,0.680883300105,0.490098730917,blues,blues rock; rock; blues; fecking great; roy gallagher,286,113,35.355339,0,62.0,141.60750000000036,0.17700937500000044,0.11180756305059378,0.5388831895917146,Let Me Go Lover
TRULVRD12903CE4C49,SOIJXEJ12A8C132D20,AR9HZXB1187B988B80,Mississippi Sheiks,He Calls That Religion,Stop and Listen,1994,206.2624,0.505559734328,0.385749928134,blues,blues; religion; mississippi; acoustic; religious,282,91,55.578773,0,110.0,37.15125000000009,0.046439062500000114,0.018342896109964126,0.5191824088689979,Let Me Go Lover
TRTPMBB128F42934F8,SOKRKJD12A8C13C4AC,AR2N24K1187B999361,Sage Francis,Keep Moving,Human The Death Dance,2007,276.06159,0.724706201256,0.524949698458,hip hop,Hip-Hop; test; brilliant; I like; Great Lyricists,660,246,71.386273,0,546.0,287.51250000000033,0.3593906250000004,0.11319138138170197,0.6600277810508374,On An Evening In Roma (Sott'er Celo De Roma)
TRDSUZH128F425BAC3,SORIMSV12A8AE46EEC,ARV7VUX1187B9B8D1C,RODNEY CROWELL,Preachin' To The Choir,Fate's Right Hand,2003,308.34893,0.563911026338,0.422743143426,country,country; singer songwriter; country-rock; progressive country; gwd,364,179,41.521079,0,219.0,183.4650000000001,0.2293312500000001,0.12302010392865731,0.6576514750983639,On An Evening In Roma (Sott'er Celo De Roma)
TRIMQCD128F42732CC,SOPZZZY12A8C132C17,ARM5JLS1187FB3615B,Tammy Wynette,Another Lonely Song,SUPER HITS,1996,159.81669,0.606118645697,0.409196035655,country,country; lonely country; jo; top country songs; country taggradio,159,79,24.474477,0,161.0,47.27124999999981,0.05908906249999976,0.05374758943775983,0.6494630817871657,On An Evening In Roma (Sott'er Celo De Roma)
TRCIQEN128F4232A6D,SOUSNPH12A8AE45A82,ARGBG2T1187B9B1670,Massive Töne,Topmodel (Album Version),Zurück in die Zukunft,2005,220.05506,0.583841122018,0.371878155243,hip hop,german; hip hop; german hip-hop; deutscher rap,386,111,65.726707,0,24.0,-21.337500000000034,-0.026671875000000043,-0.008896246749313766,0.6732245812546921,No Puedo Mas Sin Ti (I'm Your Man)
TRJQQGA12903CE162B,SOMQTYG12AB018B205,ARDLX3G1187FB50369,Bratze,Ich und die Geister,Korrektur nach Unten,2010,235.04934,0.618379695192,0.383335213468,electronic,ELECTROGEFUCKEL,90,52,15.198684,0,4.0,-8.466250000000008,-0.010582812500000009,-0.015282429726720021,0.6561707589759428,No Puedo Mas Sin Ti (I'm Your Man)
TRASMXM128F425EA62,SOIGPWH12A8C137FB8,ARWJR6V1187B99B8E1,Roger Cicero,Wovon träumst du nachts,Wovon träumst du nachts,2007,232.28036,0.55585081486,0.442045323955,jazz,swing; deutsch; german; Big Band; male vocalists,103,39,22.869193,0,12.0,-3.246249999999975,-0.0040578124999999686,-0.0038848141877281628,0.6534231697382612,No Puedo Mas Sin Ti (I'm Your Man)
TRNHSZN128F930FF03,SOQOIDA12AF72A1430,ARMV0L61187B9B4964,Clawfinger,Revenge,A Whole Lot Of Nothing,2001,242.75546,0.661176989938,0.46190246429,metal,metal; rap; industrial; crossover; industrial metal,522,171,87.441409,0,799.0,300.7424999999995,0.3759281249999994,0.0951429419717602,0.7976879013215348,En Tus Pupilas
TRQXHBL128F42A56FE,SOEUTXD12A58A80CFF,ARS23GQ1187FB4F71A,Ledisi,Best Friend,Lost And Found,2007,280.55465,0.746619436962,0.535121107496,r&b/soul,soul; Neo-Soul; Neo Soul; ledisi; chillout,443,120,79.246451,0,644.0,195.8300000000009,0.24478750000000113,0.06843334314985564,0.7946559604430885,En Tus Pupilas
TRBMJPW128F425746D,SOBOOPW12A8AE449F4,AR8I56U1187B991182,Victims Family,Product,4 Great Thrash Songs,1994,153.57342,0.49716844476,0.387681200046,jazz,jazzcore,195,112,25.238859,0,141.0,90.68874999999994,0.11336093749999993,0.09967370008031706,0.7888753693246178,En Tus Pupilas
TRFAGVC128F42BBB7A,SOMWEBR12A8C13F914,ARBRCJR12131B4B7C6,Nina Simone,Ain't Got No/I Got Life,Remixed & Reimagined,1990,198.94812,0.661601101289,0.0,jazz,jazz; nina simone; soul; female vocalists; drjazzmrfunkmusic,223,63,65.681047,0,86.0,45.27750000000005,0.05659687500000007,0.018857350599991454,0.645408343448302,Que Me Quedes Tu
TRVFUON128F92E2B10,SOEJSIU12A58A764F7,AR56P361187B9AC4DB,Gary Moore,Ain't Nobody,OLD_ NEW_ BALLADS_ BLUES,2006,291.42159,0.761362238446,0.467110648585,blues,blues; rock; guitar; blues rock; Guitar Gods,146,46,32.848135,0,204.0,84.35874999999994,0.10544843749999994,0.07039572305118662,0.623678226121925,Que Me Quedes Tu
TRJHQUI128F9355211,SOBVXRL12AB017CB59,ARMDKIJ1187FB3BB7F,Judy Garland,I Got Rhythm,I Got Rhythm,0,171.36281,0.245007707544,0.0,pop,pop; oldies; musicals; catchy; judy garland,175,63,35.44009,0,94.0,84.25500000000005,0.10531875000000007,0.06553121394210773,0.5640631786142054,Que Me Quedes Tu
TRIXAYK128F427F151,SOZWWFF12A8C13B072,ARLF0QY1187FB4FDCC,Heavenly,Tool,Le Jardin De Heavenly,1992,191.4771,0.587594370673,0.468158756358,pop,female vocalist; party; Sarah Records; twee pop; 1990s,198,89,32.83291,0,292.0,135.47500000000016,0.1693437500000002,0.1143722737356506,0.7824706759290919,Sombra De Ti
TRMCESQ128E078FC96,SOJXNUJ12A6701FC6E,AR22L3X1187B9AE0C7,Espen Lind,Niki's Theme,Red,1997,285.20444,0.524687871184,0.371743273124,pop,pop; favorites; soft; norwegian; male vocalists,273,92,44.418465,0,375.0,252.70124999999982,0.3158765624999998,0.15788633133997493,0.7808625942472797,Sombra De Ti
TRNHSZN128F930FF03,SOQOIDA12AF72A1430,ARMV0L61187B9B4964,Clawfinger,Revenge,A Whole Lot Of Nothing,2001,242.75546,0.661176989938,0.46190246429,metal,metal; rap; industrial; crossover; industrial metal,522,171,87.441409,0,799.0,300.7424999999995,0.3759281249999994,0.0951429419717602,0.7746235590205797,Sombra De Ti
TRQCXUL128E078A9D6,SOIAMAG12A6701DCFC,ARIHE7O1187FB47DED,The Streets,The Irony Of It All (Album Version),Original Pirate Material,0,208.92689,0.772909488109,0.562158308286,electronic,electronica,640,270,63.142696,0,396.0,518.3637500000006,0.6479546875000007,0.23180277747484282,0.7236607917463584,Te Dejo Madrid
TRBAKQW128F42662AA,SONQGKR12A8C133F46,ARFZP3N1187FB369EF,The Charlie Daniels Band,Sweetwater Texas,Saddle Tramp,1976,338.49424,0.671558674208,0.512394651096,country,country,243,126,26.134269,0,77.0,142.29375000000002,0.17786718750000002,0.15292457364808543,0.7052981657791619,Te Dejo Madrid
TRNVKOI128E0799173,SOIYRHZ12A67AD8126,ARZ5H0P1187B98A1DD,Snoop Dogg,Snoopafella (Edited),The Best Of Snoop Dogg,0,263.54893,0.853831633625,0.608910282835,hip hop,rap; 90s hip-hop; FAV all time,948,322,98.833193,0,670.0,382.57000000000016,0.4782125000000002,0.10868260493110884,0.7008661968980305,Te Dejo Madrid
TRYMREJ128F4281BCD,SOFNQVC12A58A7ACCD,AR46LG01187B98DB5D,The Detroit Cobras,Green Light,Tied & True,2007,163.39546,0.615525415186,0.463771782304,r&b/soul,soul; color song; light-lite,229,40,57.896459,0,96.0,-8.61250000000002,-0.010765625000000025,-0.004078811567507011,0.5733500905977438,Tú
TRPUDDI128F1456BB7,SOIXTDH12A6310D7CE,ARTXGGI1187B9B3D58,Blackalicious,Greenlight: Now Begin,Blazing Arrow,2002,192.83546,0.697113662713,0.518784102366,hip hop,rap; hip hop,395,129,62.521996,0,243.0,231.3062499999998,0.2891328124999998,0.10203254457493577,0.4633162391450259,Tú
TRAQQVR128F4255A3A,SOBRZCG12A6702187D,ARAXU5Z1187B98FECD,Gorillaz,White Light,Demon Days,2005,128.41751,0.775086058383,0.605191152965,rock,alternative; electronic; gorillaz; rock; Hip-Hop,66,5,32.557641,0,0.0,11.659999999999952,0.01457499999999994,0.009751963199175161,0.4414768802531591,Tú
TRWIGAS128F4299964,SOXKEVX12A8C141167,ARHKLFI1187B9ADBC2,Immortal Technique,Positive Balance,Revolutionary Vol. 1 (Bonus Edition),2001,195.5522,0.791229365419,0.475612577311,hip hop,Hip-Hop; Political Hip Hop; rap; listen to more; big zoo,477,221,42.76681,0,333.0,186.9987499999998,0.23374843749999974,0.1229818169218426,0.7442887974947774,La Chica De Ayer
TRMOUUU128F14ADE16,SOJFEHH12A6BD546BE,ART1UFU1187FB4C9B6,Hawk Nelson,From Underneath,Letters To The President,2005,167.31383,0.810950081237,0.621969634968,rock,christian; christian rock; rock; alternative; christian punk rock,225,91,32.54228,0,268.0,107.40374999999997,0.13425468749999997,0.09178901587826543,0.7408748605797268,La Chica De Ayer
TRVNXAG128E079098F,SOAMZHU12A670213BE,AR26X1C1187B9B0A1B,Conway Twitty,Where I Stand,The Road That I Walk,2004,131.00363,0.663231984801,0.493711076643,country,country; starter; Never Played,236,89,40.410395,0,305.0,138.20625000000004,0.17275781250000005,0.09469191399747526,0.735916797097136,La Chica De Ayer
TRZJNDV128E078E185,SOVKNNQ12A67020A06,ARH6HL01187B99A26B,The Associates,Logan Time,The Affectionate Punch,1980,251.24526,0.576055035074,0.420726067083,punk,post-punk; 1980s; The Associates; new wave; 80s and 90s,85,49,22.226111,0,92.0,34.40750000000003,0.04300937500000004,0.04233036715961113,0.5511878391902273,Adicto
TRTATZQ128F427EDD0,SOUNQKE12A8C13FE8A,ARX395D1187FB41D91,Emiliana Torrini,Sunny Road,Sunny Road,2005,347.66322,0.723279138432,0.524417302553,folk,female vocalists; icelandic; acoustic; singer-songwriter; folk,185,86,26.400758,0,229.0,122.85374999999958,0.15356718749999948,0.12928280778098655,0.48993008614916594,Adicto
TRVWHVW128F4291201,SOXYDPG12AF729ABF5,ARKQ2YY1187FB3B581,High On Fire,Nemesis,Surrounded By Thieves,2002,214.64771,0.720782206605,0.47586447919,metal,stoner metal; doom metal; metal; Stoner Rock; Sludge,156,59,28.089144,0,186.0,145.05124999999978,0.18131406249999973,0.14237185362159135,0.4767097147710492,Adicto
TRFSQXF128F9311B25,SOCHMTD1288D3E7D9D,ARVKJGO12086C15075,LMFAO,I Am Not A Whore,Party Rock,2008,195.76118,0.750760977079,0.644904097514,electronic,electronic; lmfao; electro; pimpinin awsome; party rock,209,57,48.373546,0,193.0,28.034999999999872,0.03504374999999984,0.015852730255086565,0.7588052718669176,Al Despertar
TRMZAGF128F92EF35B,SOVTVJE12A8C143A18,ARYNKUB1187B995EDE,Alice In Videoland,Going Down,Maiden Voyage,2003,196.44036,0.645128004394,0.461116412395,electronic,electronic; electronica; synthpop; Electroclash; amazing,138,79,23.043437,0,116.0,65.83125000000013,0.08228906250000016,0.07892384766042461,0.7514062405906656,Al Despertar
TREBQOW128F92C4549,SOLIKYJ12A8C13F7DA,AR54RGR1187FB51D10,Common,Book Of Life,thisisme then: the best of common,1994,306.85995,0.865128983978,0.53481975015,hip hop,Hip-Hop; hip hop; hiphop; rap; Jazz Hop,569,226,78.663842,0,373.0,293.21500000000054,0.36651875000000067,0.10351864197737916,0.7500754109900855,Al Despertar
TRLVRJP128F93519FB,SOOENST12AC9E1344B,ARZYMH91187B99CEFC,Atmosphere,Hair,God Loves Ugly,0,1.82812,0.879475075015,0.607960565364,hip hop,Hip-Hop; rap; hip hop; underground hip-hop; leapsandleeloo,718,280,73.42343,0,615.0,369.7937499999997,0.4622421874999996,0.14273599485324537,0.7126397644366588,Alguien Como Tú
TRDPGXU128F9339C2A,SOELYON12AB01876A3,ARLHO5Z1187FB4C861,Beastie Boys,B-Boy Bouillabaisse: A.W.O.L. (2009 Digital Remaster),Paul's Boutique (20th Anniversary Remastered Edition),0,105.56036,0.853124523276,0.591628024008,hip hop,hip hop; leapsandbounds CDCollection,1746,505,153.652205,0,1067.0,751.1762500000004,0.9389703125000005,0.1386179883576813,0.7051394415868772,Alguien Como Tú
TRTPMBB128F42934F8,SOKRKJD12A8C13C4AC,AR2N24K1187B999361,Sage Francis,Keep Moving,Human The Death Dance,2007,276.06159,0.724706201256,0.524949698458,hip hop,Hip-Hop; test; brilliant; I like; Great Lyricists,660,246,71.386273,0,546.0,287.51250000000033,0.3593906250000004,0.11319138138170197,0.7010718572974884,Alguien Como Tú
TRWWUSA12903CF1CD2,SOKZOXU12A6D4F6DFA,ARK8OHG1187B99016A,Shadows Fall,A Fire In Babylon,The Art Of Balance,2002,450.66404,0.733433226583,0.455558796993,metal,thrash metal; metalcore; metal; death metal; heavy metal,246,84,29.427878,0,113.0,147.6175000000002,0.18452187500000025,0.13880278025052376,0.47885900204908155,Inalcanzable
TRUNNVP128F147F8A9,SOEEVZS12A58A7CDE8,AR58PJ31187B9B2E0A,Seth Lakeman,The Colliers,Freedom Fields,2006,196.49261,0.621898377948,0.45726991697,folk,folk; rustycanuckforspp; political; guitar; party,202,100,21.424285,0,51.0,107.68875000000001,0.13461093750000003,0.14054218670444402,0.44785513533513144,Inalcanzable
TRKMFRP12903CA3EF4,SOCQZAW12AB01885BC,ARJRYSJ1187B9B27C0,CREMATORY,The Prophecy,...Just Dreaming,0,292.25751,0.649628831371,0.490306141841,metal,doom metal; gothic death metal; death gothic metal,189,52,22.427661,0,16.0,31.083750000000016,0.03885468750000002,0.038136668046787704,0.4441389076402537,Inalcanzable
TRZBPGN128F92EDF7E,SOCWRGP12AF72A124D,ARWA2J51187FB36F21,HELLYEAH,Nausea,HELLYEAH,2007,299.7024,0.749765218206,0.474081186948,metal,Southern metal; groove metal; metal; Nu Metal; heavy metal,390,116,58.429445,0,632.0,300.0925000000011,0.3751156250000014,0.14260496452259444,0.6212069087499223,Lloro Por Ti
TROKUOP12903CA7867,SOAJBLS12AB0189EEF,ARTIHCD1187FB4FC8D,Bunny Wailer,Roots,Hall of Fame,0,241.68444,0.645853448308,0.450240730259,reggae,reggae; roots; legend; roots reggae,267,77,33.466401,0,221.0,99.09000000000012,0.12386250000000015,0.08157352285351305,0.5890006377302999,Lloro Por Ti
TRHJIOT128F1459DDA,SOUSRPE12AF729DE98,AROMCEV1187B9B3F58,Drive-By Truckers,Dead_ Drunk And Naked,Southern Rock Opera,0,295.49669,0.713664891082,0.531438052732,country,Alt-country; rock; Southern Rock; americana; chaser i,232,119,26.627054,0,239.0,208.34875000000017,0.2604359375000002,0.21981052632746642,0.5684062813824857,Lloro Por Ti
TRNHSZN128F930FF03,SOQOIDA12AF72A1430,ARMV0L61187B9B4964,Clawfinger,Revenge,A Whole Lot Of Nothing,2001,242.75546,0.661176989938,0.46190246429,metal,metal; rap; industrial; crossover; industrial metal,522,171,87.441409,0,799.0,300.7424999999995,0.3759281249999994,0.0951429419717602,0.755592638949545,Mamacita
TRETHYH128F9307A6A,SOXFAOE12AF729F020,ARSX6IX1187B9B640C,Big Star,I Am The Cosmos,Columbia: Live at Missouri University 4/25/93,1993,252.60363,0.741040432796,0.496508118721,pop,power pop; 70s; classic; 5 star tracks; cardindex hit parade,241,55,47.67599,0,496.0,179.20624999999998,0.2240078125,0.10353817143533049,0.7473500420025206,Mamacita
TROUCXE128F426B6E7,SOPITLV12A8C13998D,AR3WWZM1187B996646,Weeping Willows,Your Eyes,Broken Promise Land,1997,245.68118,0.591783764353,0.38123506136,pop,swedish; pop; indie pop,198,91,32.32646,0,301.0,161.60125,0.20200156249999998,0.13838003872254284,0.7357821043197802,Mamacita
TRCYEZX128F9336C8E,SOSEFKY12A58A757A6,AROUBGL11E2835D696,Blind Pilot,Paint or Pollen,3 Rounds and a Sound,2008,214.83057,0.673664421807,0.468636122016,folk,folk; indie; acoustic; indie pop; chill out,185,106,21.679483,0,150.0,126.34249999999997,0.15792812499999997,0.1623984603816782,0.6180378527319964,Miss You
TRDYUWI128F93189E1,SOVKOSB12AC46880FB,ARDUP8K1187FB53253,Swollen Members,Therapy,Heavy,2003,228.96281,0.748779772214,0.420043342867,hip hop,smoove; nice rapshit; MTB,590,214,67.955868,0,467.0,392.96249999999964,0.4912031249999995,0.16216909683483008,0.5988641423676946,Miss You
TRLYAKZ128F42A3750,SOVAHEZ12A8C13BB28,ARAWX5Q1187B9A0905,Ignite,In Moderation,A Place Called Home,2000,112.27383,0.729165894637,0.453023064296,metal,hardcore; punk; melodic hardcore; punk rock; hardcore punk,252,126,30.331502,0,243.0,90.11249999999959,0.11264062499999948,0.0828452634413376,0.5976932758343294,Miss You
TRCMUBD128EF357158,SOYAMSA12A6D4F4A8C,AR0OPP01187FB3C863,Sonya Kitchell,Train,Words Came Back To Me,2006,255.9473,0.584166427426,0.350866287111,folk,singer-songwriter; female vocalists; Sonya Kitchell; female vocalist; jazz,243,141,28.635642,0,103.0,141.00250000000023,0.1762531250000003,0.1374126312079395,0.6568149590820835,Para De Jugar
TRGLGNR128F1487A6F,SOHTMAA12A6D4F5F41,ARYZ8BG1187FB52ABB,Manafest,Runaway,Glory,2006,198.19057,0.591937418994,0.56333533018,hip hop,Christian Rap; great song; rap; Hip-Hop; ladny churek,551,191,85.924385,0,468.0,435.0887499999998,0.5438609374999998,0.14024079938871972,0.6319106050748508,Para De Jugar
TRSGEGE128F932612B,SOFQXSI12AB0182AC0,ARNEL2O1187FB4421A,Bukka White,Black Train Blues,Bukka White And Big Bill`s Broonzy  Blues Selection,1940,164.96281,0.572470887784,0.424487598725,blues,blues; delta blues; folk; acoustic; singer-songwriter,178,69,26.664583,0,102.0,0.16125000000004475,0.00020156250000005594,0.00016731112338900473,0.6271739253662331,Para De Jugar
TRVNXAG128E079098F,SOAMZHU12A670213BE,AR26X1C1187B9B0A1B,Conway Twitty,Where I Stand,The Road That I Walk,2004,131.00363,0.663231984801,0.493711076643,country,country; starter; Never Played,236,89,40.410395,0,305.0,138.20625000000004,0.17275781250000005,0.09469191399747526,0.7174257992449281,She Be The One
TRFVQEA128F4218DD2,SORGJGA12A6D4FD9C4,ARI4O061187B991624,Matt Nathanson,More Than This,At The Point,2000,237.13914,0.786524697693,0.538058877175,folk,acoustic; singer-songwriter; matt nathanson; just chill; guitar playing boys,131,71,22.315914,0,149.0,106.54000000000015,0.13317500000000018,0.13191698142364744,0.7039248282345303,She Be The One
TRFSJRW128F4292A99,SONQGWI12A8C1399B3,ARNJ9LU1187B9A56A6,Il Divo,Mama,Il Divo,2004,198.00771,0.769757193856,0.579216383633,classical,Il Divo; Classical; vocal; pop; mitsingen und traurig sein,215,75,39.025633,0,325.0,159.87624999999986,0.19984531249999982,0.11310732658032667,0.6829228490556605,She Be The One
TRKEINR128F4258B98,SOMYBOF12A8C139A8D,ARPYJHS1187FB5BC03,Albert Hammond Jr,G Up,¿Como Te Llama?,2008,160.36526,0.573550714279,0.505604785489,rock,indie rock; rock; indie; alternative; helplessness,161,65,29.206164,0,225.0,87.32625000000026,0.10915781250000033,0.08269999021332322,0.8100800277820065,Trapecista
TRZCHKB128F92CB740,SOFCVMN12A8C141F62,AR4RBOB1187B9AC209,Anastacia,Club Megamix,Pieces Of A Dream,0,708.72771,0.583808862216,0.323553746888,rock,Slow Rock; pop; dance; party; female vocalist,749,201,98.020406,0,1056.0,332.2399999999991,0.4152999999999989,0.09500332699422537,0.8097786208426687,Trapecista
TROXHLM128F4266510,SOMPUQO12A8C13A574,ARFB30B1187FB42AB9,Blues Traveler,Hook,Live at Lollapalooza 2006: Blues Traveler,1994,254.77179,0.782882968096,0.47363161033,blues,blues rock; rock; 90s; blues; harmonica,378,161,48.062459,0,365.0,257.59749999999985,0.3219968749999998,0.14937749456144822,0.8019385595698869,Trapecista
TRXHFMI128F429B2F2,SOPSDTK12A8C13C52D,ARIRE5Q1187FB4DC13,Rufio,Over It (Acoustic),Punk Goes Acoustic,0,114.23302,0.707525588474,0.493312154342,punk,punk; emo; rock; acoustic; punk rock,526,92,135.716617,0,692.0,456.11124999999953,0.5701390624999995,0.0921709794113497,0.894831499784845,Tu Vacio
TRUENGK128F427CA16,SORRVGP12A8C13EFB9,AR0IHVF1187B9A0E30,The Beautiful Mistake,On Building,Light A Match_ For I Deserve To Burn,2002,255.63383,0.610059002252,0.369850612163,punk,emo; emocore; screamo; alternative rock; romantic,132,53,26.019224,0,120.0,80.83125000000025,0.10103906250000032,0.08552809639784577,0.747036742487463,Tu Vacio
TRPQMTK128F932DC0E,SOVXLUX12A8C13A8C5,AR8KM711187B98CD0D,Belleruche,Alice,Turntable Soul Music,2007,217.5473,0.656679523919,0.431448862226,jazz,trip-hop; nu jazz; belleruche; jazzy; female vocalists,323,119,50.803543,0,312.0,187.25124999999983,0.23406406249999978,0.10234808509573048,0.7401752846009213,Tu Vacio
TRRPFIV128F9308F6F,SODSMLB12AB017D846,ARDKBON122BCFCC434,The Mick Fleetwood Blues Band,Looking for Somebody,Blue Again,2008,301.71383,0.288823568646,0.0,blues,Fleetwood Mac; blues rock; blues; christine mcvie; Peter Green,65,32,11.958261,0,103.0,33.588750000000005,0.04198593750000001,0.07765364932774857,0.8576875936815694,Volveré
TRFSOAL128F931B19F,SORWBPX12A58A7C19E,AR7BMMV1187FB5B2D7,Robben Ford,The Way You Treated Me (You're Gonna Be Sorry),Blue Moon,2002,404.55791,0.604820431918,0.383877493634,blues,blues; guitar; chillout; blues rock; blues guitarist,228,71,44.687806,0,419.0,206.62375000000017,0.2582796875000002,0.12748723214836674,0.5890844852788046,Volveré
TRGFXCY128F42A6AD7,SOONWSO12A8C13EB72,ARDSMT71187FB52D10,Avant,Hooked,Private Room,2003,239.12444,0.850584461589,0.573337429721,r&b/soul,rnb; r and b; slow jams; slowjamz; avant,732,161,111.870461,0,1360.0,283.7387499999988,0.35467343749999847,0.07016271682824977,0.5887989798342682,Volveré
TRBYZYU128F9342104,SOPVPQA12AB01863B6,ARZWN6W1187FB3EF25,Company Flow,Tragedy Of War (In III Parts),Funcrusher Plus,1997,227.94404,0.596429820827,0.405395600857,hip hop,underground hip-hop; new york; Def Jux; turntablism; Definitive Jux,394,221,31.22499,0,155.0,232.89875000000023,0.2911234375000003,0.2100069610704136,0.6248223190659329,Estoy Aquí
TRGDBPO128F4298104,SOKDAYO12A8AE45ABB,ARQNLH31187B9ADC1D,The Cat Empire,The Rhythm,Two Shoes,2002,206.96771,0.685071701775,0.55166407686,latin,salsa; latin; funky; ska; rock,371,134,47.254629,0,332.0,279.9437500000006,0.34992968750000075,0.16546069550953565,0.6051672237410276,Estoy Aquí
TREFVJI128F423DC67,SOCYHZR12A8AE469CF,ARF041T1187FB3B4FF,Aborted,Gestated Rabidity,The Haematobic Ep,2004,253.28281,0.691535858494,0.467995294132,metal,death metal; Brutal Death Metal; grindcore; belgian; metal,116,49,12.806248,0,24.0,71.71500000000003,0.08964375000000004,0.1538742113283601,0.5947835081798986,Estoy Aquí
TRWVXWR128F92CF848,SOBMPUY12A8C14357E,ARWVVVP1187FB52F31,Mark Wills,She's In Love,The Definitive Collection,1998,283.84608,0.679789023574,0.483035298046,country,country; mark wills; beautiful; Favourite Songs; hand-picked country,330,102,59.329588,0,347.0,169.18000000000004,0.21147500000000005,0.07884592908145438,0.7400608183812527,Life Is Anew
TRDRJJC128F42353C3,SOHPHAH12A8C1328CD,ARPVU5T1187FB4DD10,Lloyd Cole,vin ordinaire,The Negatives,2001,256.60036,0.596429598135,0.508014651495,rock,alternative; test; alcohol; drinks; Lloyd Cole,178,70,28.774989,0,110.0,191.09000000000034,0.23886250000000042,0.1838178187923546,0.6648526043471938,Life Is Anew
TRNBFHD128F4259E4F,SOXCCVF12A8C135A27,ARZ79B31187FB4F562,Al Jarreau,Ain't No Sunshine,Master Classics,0,126.95465,0.745844867409,0.511892124936,jazz,jazz; soul; vocal jazz; al jarreau; Smooth Jazz,237,41,52.858301,0,96.0,61.442499999999754,0.0768031249999997,0.03193791539424594,0.6457425995365567,Life Is Anew
TRITIFV128F4294213,SOUJGZV12A8C1397FF,ARHJIKW1187B9ACE16,Pop Will Eat Itself,I've Always Been A Coward Baby,16 Different Flavours Of Hell,1993,208.40444,0.602499629683,0.39855222137,electronic,industrial; techno; trance; electronica; club,215,84,30.967725,0,259.0,130.18374999999983,0.1627296874999998,0.11672303593051629,0.6401766373602283,Donde Estas Corazon
TRPUCJZ12903D12FDD,SOFIMDJ12AC4689A02,ARGK0DM1187FB36A52,Das Ich,Lügen Und Das Ich,Die Propheten,1991,222.45832,0.638778197691,0.383392805399,electronic,ebm; Gothic; darkwave; electronic; electronica,166,63,34.278273,0,66.0,-5.47624999999998,-0.006845312499999975,-0.004383273949534834,0.6287694619975158,Donde Estas Corazon
TRUWJOP128F42420DC,SOAYDJG12A8AE487A4,ARWW0KV1187FB551A6,Linda Ronstadt,Lies  (LP Version),Get Closer,1982,154.61832,0.689773295231,0.419024182402,folk,folk; female vocalists,241,64,45.891176,0,366.0,160.13500000000107,0.20016875000000134,0.0963869597590884,0.6225176217771732,Donde Estas Corazon
TRSUGJH128F428A47C,SORLVKM12A8C1384DA,ARGFFA01187B9A2D11,Pennywise,Nothing,Unknown Road,1993,123.76771,0.81699818908,0.512229189391,punk,punk rock; punk; hardcore; favorites; consumed,317,108,47.843495,0,389.0,157.44875000000002,0.19681093750000003,0.09131178131910339,0.6662296514334262,Octavo Día
TRLDRYJ128F930BBB4,SOTGJNY12AB017E23D,ARH7H5K1187B98FA67,Pain of Salvation,Spitfall,Scarsick,2007,437.002,0.692216738815,0.521275882557,metal,Progressive metal; Progressive; Progressive rock; Gangsta Rap; Pain Of Salvation,986,292,111.337325,0,1044.0,748.734999999999,0.9359187499999987,0.18767492558578347,0.6599320991266192,Octavo Día
TREVTQG128F9312034,SOELZNT12AB017F3E0,ARPVGD81187FB4BD3D,Unter Null,Disgrace (Unholy Remix),Sacrament,0,238.75873,0.65214320212,0.45539340204,classical,orchestral; atmospheric; dramatic; symphonic electro; drone,102,66,16.03122,0,128.0,78.33624999999986,0.09792031249999983,0.13494148838592146,0.6418897313072509,Octavo Día
TRVOXNR128F421A58C,SOXBDSV12B34F25FFB,ARI0EWU1187FB3F1C8,Bracket,Cynically Depressed,When All Else Fails,2000,203.2322,0.56214365629,0.405817777185,punk,punk,182,75,36.633318,0,159.0,77.14500000000001,0.09643125000000001,0.057924999487127767,0.7186960510880485,Te Necesito
TRVUTUU12903CD46E5,SOEEAKI12AB018F292,ART70HI1187B9A37BC,Elmore James,Dust My Blues,Memphis Blues,1960,163.47383,0.619366855459,0.43482343141,blues,blues; blues rock; guitar; Classic Blues; Slide Blues,151,54,28.757608,0,158.0,9.10625000000001,0.011382812500000013,0.008731887264939956,0.718656061963659,Te Necesito
TRUCWAP128F428976A,SOHRIAV12A8C136938,AR76DOS1187FB5AE78,The Jeff Healey Band,Highway 49,Platinum & Gold Collection,1995,214.25587,0.716854351769,0.414236247722,blues,blues rock; rock; guitar; tungt06-; cover,166,56,26.851443,0,96.0,37.63374999999987,0.04704218749999984,0.03874797173232981,0.7082628612272691,Te Necesito
TRFUNRS128F9346BF4,SOTHROA12AB0188152,AR51X3T1187B99417E,Tony Sly,On the Outside,Acoustic,2004,185.93914,0.588373149788,0.43090681398,folk,acoustic; Acoustic Rock; favo nu; Tony Sly; ARTISTE BIO,252,115,34.234486,0,219.0,515.6075000000004,0.6445093750000005,0.4211866709030756,0.6666772337473669,Evil Ways
TRQGHUV128F930909C,SOPJRRK12AB017C8A1,ARZ1YNY1187B9B673A,Carolyn Arends,We've Been Waiting For You,Sieze The Day And Other Stories,0,295.20934,0.494269054553,0.378208270572,rock,alternative; christian; weve been waiting for you; chistian inspirational,292,115,39.949969,0,312.0,614.9375000000008,0.768671875000001,0.42920880422837915,0.6464692112923754,Evil Ways
TRFYBJS128F145F5FA,SOOEBXF12A58A78509,AR9BQRE1187B9953E2,Sammie,I Like It (Remix),From The Bottom To The Top,0,250.122,0.72545001948,0.455681268663,hip hop,sammie; Sammie-I Like It; hip hop; rnb; remix,481,102,92.91932,0,907.0,674.9399999999998,0.8436749999999997,0.20024540553337086,0.6175576499209641,Evil Ways
TRCHZXW128E079288A,SOMEJDK12D0219BB71,ARTH9041187FB43E1F,Eminem,8 Mile,8 Mile,2002,359.3922,0.886183647684,0.852677055416,hip hop,rap; Hip-Hop; Eminem; Soundtrack; hip hop,1141,328,132.992481,0,768.0,507.52375000000114,0.6344046875000015,0.10709045199029754,0.6372165832326339,Anna (el negro zumbon)
TRJPNAE128F425FAFB,SOZVCKM12A8C138484,ARRQWQW1187FB49844,King Tee,Act A Fool,Act A Fool,1988,258.82077,0.495738582877,0.372391990635,hip hop,Hip-Hop; rap; hip hop; West Coast Rap; west coast hip-hop,624,251,66.730802,0,399.0,309.89125000000035,0.38736406250000044,0.13063086945828908,0.6077534756389996,Anna (el negro zumbon)
TRLURQM128F1484267,SOIHBBD12A6D4F8EE9,ARPFHN61187FB575F6,Lupe Fiasco,Hurt Me Soul (Explicit Album Version),Lupe Fiasco's Food & Liquor,0,262.89587,0.902062926903,0.554633230574,hip hop,hip hop; soul; rap; Freakshit; looooooooooooooooooooooooove this song,508,229,57.043843,0,390.0,299.11499999999984,0.3738937499999998,0.1465367589859697,0.6015394654179127,Anna (el negro zumbon)
TRWWLCH128F9307E59,SOJGWWD12AF72A2D60,ARVIQL81187FB4E62B,Astrud Gilberto,And Roses And Roses,The Silver Collection - Astrud Gilberto,1984,157.12608,0.669441035226,0.491050468852,jazz,Bossa Nova; brazilian; vocal; Bossanova; astrud gilberto,164,73,20.34699,0,174.0,87.54000000000013,0.10942500000000016,0.11927409600799257,0.6520805604100922,Piensa en mi
TRSLGXM12903CE5B9C,SOKXRPY12AC3DFB0AC,ARQL56C1187FB41279,Melissa Etheridge,Fearless Love,Fearless Love,2010,267.65016,0.665018220464,0.556407234613,rock,rock; 7P; magic female voice; 10s; 2010,348,102,55.722527,0,441.0,123.25125000000021,0.15406406250000027,0.06119951458610377,0.6374657574594913,Piensa en mi
TRNEDXS128EF347095,SOLCYFA12AF7299CE9,ARTSGR41187B9912C6,W.A.S.P.,Fistful Of Diamonds,The Last Command,1985,253.85751,0.727497337342,0.537267237341,metal,heavy metal; 80s; metal; hard rock; barbwire wasp,173,69,24.959968,0,147.0,167.24875000000034,0.20906093750000043,0.18442237874278497,0.6311391808738567,Piensa en mi
TRDIPYW128F92CFF98,SOVMANN12A58A7C69C,ARX94AN1187FB4B54B,Hollywood Undead,Bottle And A Gun,Swan Songs,2008,202.4224,0.703475783381,0.576625773695,hip hop,rapcore; hollywood undead; rap; Scene Rap; alternative rock,557,176,66.370174,0,600.0,209.75875000000062,0.26219843750000077,0.08836922603618994,0.7677022368913359,Esperando
TRPOHPA128F148B0EF,SOONCUM12A6D4F9756,ARI4O061187B991624,Matt Nathanson,Bent,Beneath These Fireworks,2002,232.72444,0.786524697693,0.538058877175,folk,acoustic; singer-songwriter; matt nathanson; pop; Mellow,295,91,49.0,0,462.0,203.44875000000016,0.2543109375000002,0.11509411183001356,0.7318739128050554,Esperando
TRTMJLR128F1463837,SOKXDXX12A6D4F971C,AREQIT21187B9AEB7F,Dusty Springfield,Meditation,Dusty... Definitely,2001,117.05424,0.670854098371,0.50042382202,jazz,jazz,207,89,30.870698,0,297.0,189.3487499999996,0.2366859374999995,0.1708408718262277,0.7282659145525506,Esperando
TRMKSRP128E07923B2,SOSSBPI12A6701FDC9,ARUAG4R1187FB53500,Joe Cocker,I Think It's Going To Rain Today,The Anthology,1975,241.55383,0.779429593652,0.482374978496,rock,rock; vocals; rain; randy newman cover; Joe Cocker,99,53,13.453624,0,50.0,29.226250000000036,0.036532812500000046,0.06012898102862323,0.9900295649700432,Beautiful Liar (Bello Embustero)
TROIYWE128F146BD93,SOCWQBT12A6D4F81FD,ARYX6CC1187B9A84D3,Bird York,Lovely Thing,Wicked Little High,2003,251.08853,0.601395137815,0.414863778413,pop,alternative pop; Love; fall; beautiful voices,136,82,18.138357,0,105.0,71.72125000000023,0.08965156250000028,0.10994181173967864,0.6034568494561511,Beautiful Liar (Bello Embustero)
TRZPHVT128F4298109,SOXRZDG12A8C1389E1,ARQNLH31187B9ADC1D,The Cat Empire,The Car Song,Two Shoes,2005,262.42567,0.685071701775,0.55166407686,reggae,ska; australian; happy; alternative; jazz,404,155,48.877398,0,181.0,227.9437500000008,0.28492968750000097,0.13002009808869847,0.5827895474479238,Beautiful Liar (Bello Embustero)
TRWBAGY128F93034BF,SOXIVQT12AB0181061,ARLAUED1187B9ACEAF,Eric Clapton,Before You Accuse Me (Take A Look At Yourself),Eric Clapton Blues,1999,280.11057,0.791830356538,0.635429400415,blues,blues; blues rock; rock; classic rock; guitar,104,56,15.165751,0,117.0,16.319999999999958,0.020399999999999946,0.030024097303177705,0.885745926261553,Rosario Tijeras
TRKKXHG128F421A24C,SOHLNWN12A6D4FD5FF,ARQRSO41187B997463,Dance Hall Crashers,Othello,The Old Record,1993,216.63302,0.537568678189,0.436114774999,reggae,ska; favorites; ska punk; female vocalists,229,117,31.511903,0,337.0,137.93125000000018,0.17241406250000021,0.12198171375034651,0.6141639128735934,Rosario Tijeras
TRDYWIO128F92C2EE7,SOKCZGD12D021914EE,ARW3LUX1187FB5C4C0,The Jacksons,State Of Shock,Michael Jackson: The Ultimate Collection,1994,269.60934,0.740044219292,0.521849850096,pop,80s; pop; rock; motown; michael jackson,263,69,49.132474,0,627.0,222.18999999999926,0.2777374999999991,0.12472385327324767,0.6055386503774179,Rosario Tijeras
TRGFXCY128F42A6AD7,SOONWSO12A8C13EB72,ARDSMT71187FB52D10,Avant,Hooked,Private Room,2003,239.12444,0.850584461589,0.573337429721,r&b/soul,rnb; r and b; slow jams; slowjamz; avant,732,161,111.870461,0,1360.0,283.7387499999988,0.35467343749999847,0.07016271682824977,0.8617911911830001,Animal Nocturno
TRNCIOP128F426A93D,SOUAPIV12A8C132B47,ARH0A381187FB3C2F2,Brownstone,Kiss And Tell,STILL CLIMBING,1998,285.67465,0.5847411597,0.405802611613,r&b/soul,rnb; soul; urban; brownstone; Favourite Songs,351,88,63.285069,0,749.0,163.91124999999957,0.20488906249999947,0.07172901982544659,0.7919260139062002,Animal Nocturno
TRENNUC128F427B111,SOLHMRS12A8C13D86B,ARHTHC01187B9B6D2A,Michael McDonald,You Don't Know Me,Soul Speak,0,192.73098,0.712675251311,0.542264696345,r&b/soul,michael mcdonald; wistful; piano; rnb; cover,153,75,27.12932,0,344.0,28.924999999999986,0.03615624999999998,0.029487745080530477,0.7809826348012643,Animal Nocturno
TRGRTJG128F4280BCA,SOVRWTV12A8C13C7AB,ARNEL2O1187FB4421A,Bukka White,Shake 'Em On Down,The Panama Limited,1937,183.35302,0.572470887784,0.424487598725,blues,blues; delta blues; bukka white; country blues; acoustic blues,250,93,45.133136,0,181.0,106.67874999999964,0.13334843749999956,0.0651882475566096,0.48122160383935497,Alejate De Mi
TRYPVSX128F427362D,SOPTCEE12A8C13569E,ARZH4M81187B98BC10,Allure,When The Shades Go Down,The Best Man - Music From The Motion Picture,1999,296.202,0.610585374815,0.450019660265,r&b/soul,rnb; melody; Dry; Allure; bar,424,120,58.369513,0,306.0,226.99874999999975,0.2837484374999997,0.10765554599779026,0.38748020310050824,Alejate De Mi
TRLQNZG128F424C024,SOBCLEV12A6D4F5E60,ARNLVQB1187B9AEAB0,Steve Miller Band,Behind The Barn,Living In The 20th Century,1994,217.93914,0.771814848175,0.469812941975,blues,blues; steve miller,152,39,24.494897,0,126.0,53.59500000000001,0.06699375000000002,0.060350185941288735,0.37918252624368975,Alejate De Mi
TRDABFS128F148AF1D,SOASMKK12A6D4F89F0,ARPEUYM1187FB4A97A,Slim Harpo,Still Rainin' In My Heart,The Excello Singles Anthology,1995,182.17751,0.551565175468,0.371302546517,blues,blues; electric chicago blues,108,54,19.364917,0,117.0,88.08374999999998,0.11010468749999998,0.12567687040978423,0.7490827724624296,Entre Tus Alas
TRRAYKA128F145B10D,SOWDSGZ12AF72A0B28,ARIZ8KE1187FB3F2A2,Rachelle Ferrell,Welcome To My Love,Rachelle Ferrell,1992,339.48689,0.587246278452,0.415518531218,r&b/soul,easy listening; toccara0217; Lounge Love; Neo Soul; love songs,332,97,45.442271,0,365.0,181.44875000000008,0.2268109375000001,0.11103904001217703,0.6527264016783311,Entre Tus Alas
TREZUYB128F42572A7,SOCKOZI12AF72A0DCF,ARDL94Q1187FB3B6AF,Mortal Love,Everything,I Have Lost,2005,223.73832,0.592396350767,0.443583052499,metal,Gothic Metal; symphonic metal; Female fronted metal; female vocalists; metal,124,52,21.863211,0,97.0,50.79250000000013,0.06349062500000016,0.06391719713819283,0.6370782029551896,Entre Tus Alas
TRTXUMP128F42833E0,SOGEPEU12A58A7E5B1,ARG4J2T1187FB3A8B8,Lori McKenna,Swallows Me Whole,Paper Wings & Halo,2002,253.20444,0.673947573217,0.42960930152,folk,female vocalists; folk; americana; singer-songwriter,291,93,49.487372,0,434.0,152.8662500000001,0.19108281250000012,0.08552198839683027,0.8005947845230386,Me Basto
TRCTLQY128F92F1539,SOTGISK12D02193153,ARVK1GC1187FB58452,Next,I Still Love You,Platinum & Gold Collection,0,254.77179,0.692429970086,0.543021553721,r&b/soul,rnb; next; soul; pop; r&b,501,102,102.878569,0,830.0,394.60000000000036,0.49325000000000047,0.10574953393380689,0.7958893041522146,Me Basto
TRJCYOI128F9320EF6,SOZFTLF12AB0185FAE,ARF2SVO1187FB53E8F,Alison Krauss / Union Station,Baby Now That I've Found You,Essential Alison Krauss,0,232.85506,0.665145483773,0.425326121849,country,country; bluegrass; favourite; female favs; soothing,250,60,49.578221,0,537.0,91.77250000000002,0.11471562500000003,0.051076868446723024,0.7733494317293671,Me Basto
TRJPNAE128F425FAFB,SOZVCKM12A8C138484,ARRQWQW1187FB49844,King Tee,Act A Fool,Act A Fool,1988,258.82077,0.495738582877,0.372391990635,hip hop,Hip-Hop; rap; hip hop; West Coast Rap; west coast hip-hop,624,251,66.730802,0,399.0,309.89125000000035,0.38736406250000044,0.13063086945828908,0.7120850364686789,Va Para Ti
TRQXNHC12903CD80BA,SOFKHCP12A8AE460AF,ARV4GYZ1187B9B8171,Violent Femmes,Add It Up,Permanent Record: The Very Best Of The Violent Femmes,1983,284.3424,0.699072894926,0.522720094203,rock,alternative; 80s; rock; punk; indie,479,145,60.74537,0,454.0,201.80749999999975,0.2522593749999997,0.0927098941327491,0.7008142759294502,Va Para Ti
TRQXHBL128F42A56FE,SOEUTXD12A58A80CFF,ARS23GQ1187FB4F71A,Ledisi,Best Friend,Lost And Found,2007,280.55465,0.746619436962,0.535121107496,r&b/soul,soul; Neo-Soul; Neo Soul; ledisi; chillout,443,120,79.246451,0,644.0,195.8300000000009,0.24478750000000113,0.06843334314985564,0.6989528108872113,Va Para Ti
TROYKQM128F428CCED,SOTGYAV12A8C139BF5,AR3MSAN1187B98F06B,OutKast,Mainstream,ATLiens,1996,320.23465,0.796420043773,0.574497025958,hip hop,outkast; hip hop; rap; southern hip-hop; 90s,863,310,83.114379,0,657.0,608.712499999999,0.7608906249999987,0.20777241877608912,0.6074664400673787,Fui
TRVHPJA128F92F0055,SOFEVAD12AAF3B1CA2,ARW15K31187B9AE845,Mos Def,Quiet Dog,The Ecstatic,2009,176.97914,0.772522796828,0.577598977693,hip hop,Hip-Hop; hip hop; mos def; Arguman-loved tracks; rap,456,174,50.199602,0,328.0,341.5650000000005,0.42695625000000065,0.1902996883956737,0.5729143334687931,Fui
TRNFNNE128F14A94F7,SOXCKDF12A6D4F9919,ARENMIP1187FB5638D,Robbie Williams,Never Touch That Switch (Dark Horse Dub Mix),She's Madonna,0,272.27383,0.849766883849,0.57861647281,pop,pop; robi; Yohan,229,79,33.985291,0,244.0,124.76624999999986,0.15595781249999982,0.10168997003175906,0.5626068396314963,Fui
TRXZRLT128F425DCA6,SOBDGOF12A6D4FBE66,AR5ZVJ91187B99083A,Soulwax,KracK,Any Minute Now,2004,151.90159,0.803087354948,0.501825943654,electronic,electronic; electro; rock; alternative; dance,130,55,23.664319,0,142.0,121.48499999999964,0.15185624999999955,0.14145319996136183,0.6409635978224454,Ilusionado
TRTYLFM12903CD2C97,SOEWOFC12AF729CECF,ARWC1WN1187FB516CE,Eric B. & Rakim,I Know You Got Soul,Paid In Full,1987,295.78404,0.625190484531,0.500946375671,hip hop,Hip-Hop; old school; hip hop; rap; 80s,769,244,106.334378,0,809.0,517.1237500000002,0.6464046875000002,0.13504155115996402,0.6217817876405344,Ilusionado
TRYXRXL128F427F13A,SOURTSB12A8C136AC3,ARENMIP1187FB5638D,Robbie Williams,It's De-Lovely,De-Lovely Music From The Motion Picture,2004,282.04363,0.849766883849,0.57861647281,jazz,cole porter; covers; easy listening; jazz; Soundtrack,348,152,60.737139,0,239.0,595.7012500000012,0.7446265625000015,0.2695973359072926,0.6040510242193935,Ilusionado
TRAWSJK128F42767F2,SOONJAI12A8C135254,ARXGWNG1187FB503A5,Ini Kamoze,Here Comes The Hotstepper,100 R&B Classics - The Anthems,1995,242.59873,0.621825361751,0.434930157918,reggae,reggae; 90s; dancehall; Hip-Hop; pop,411,95,75.146524,0,348.0,225.77875000000037,0.28222343750000045,0.08248899836111984,0.7482033071241,Piel De Ciudad
TRDXEIG128F4292FF1,SOGLDHO12A8C13B55D,ARX8RCZ1187FB3995F,Bruce Hornsby and the Range,The Red Plains,The Way It Is,1986,300.43383,0.582203849275,0.415225169992,folk,singer-songwriter; pop rock; lovesick; Nite Beats; Midnite Guitar,277,96,50.576674,0,77.0,246.08000000000018,0.3076000000000002,0.1339591315325239,0.745319991672631,Piel De Ciudad
TRJJNLV128F92DF509,SOIEOOR12A8C144460,ARXF40D1187B9A3FB3,Tiziano Ferro,Universal Prayer,Unity - The Official ATHENS 2004 Olympic Games Album,0,244.27057,0.689757988323,0.548375918525,pop,pop; rnb; english; World Music; duet,446,128,55.136195,0,314.0,775.0050000000008,0.968756250000001,0.39308643880981153,0.690579989718959,Piel De Ciudad
TRVZLLH128F92DCF0D,SOIEGMD12A58291648,ARYWISE1187B98E4E8,Jadakiss,By Your Side,Massive R&B Winter 2008,2004,231.36608,0.785398935528,0.525101180239,hip hop,Hip-Hop; rap; jadakiss by your side; favorites; hiphop,620,206,78.089692,0,681.0,231.04000000000033,0.2888000000000004,0.08270711554758693,0.6342000195917434,Quedate
TREUANG12903CF5E8E,SOSJTRL12AB0184AE6,ARNQ7691187B9AD25F,Crotchduster,Let Me Into Starfish Land,Big Fat Box Of Shit,2004,201.1424,0.503697124459,0.442230055384,metal,Progressive metal; funny; hardcore; electronic; alternative,237,118,32.031235,0,252.0,82.41999999999999,0.10302499999999998,0.07132932078250138,0.6269138031188425,Quedate
TRIPIMD128F92D3E12,SOQSJPL12AF729C98D,ARVRTM31187B9A80FC,Ryan Leslie,Just Right,Ryan Leslie,2005,285.70077,0.710724395917,0.55479905738,r&b/soul,rnb; chill; r&b; love songs; cool lyrics,684,122,109.187911,0,992.0,625.2500000000008,0.781562500000001,0.1587412439543924,0.6250706597891501,Quedate
TRADFVJ12903CA80F0,SOWMMHJ12AB0188B11,ARJIQGE127D395D4E3,Madness,Cardiac Arrest,7,1981,172.43383,0.0,0.538965631568,reggae,ska; british; 80s; new wave; pop,418,190,42.76681,0,319.0,320.63625000000013,0.40079531250000017,0.2113557991615994,0.5726433615753105,Brother Sport
TRHQAPS128F42A51F4,SOSWVVV12A8C13C21C,AR6J3X81187FB59A7B,Matisyahu,Fire and Heights,Live at Stubb's,2005,260.15302,0.83059250647,0.639798164281,reggae,reggae; jewish reggae; jazz; instrumental; jewish american,621,190,71.386273,0,587.0,420.01750000000015,0.5250218750000002,0.1645954773746067,0.5471364023632895,Brother Sport
TRHPKWO128F92E01D5,SOSRIAT12AB017A92E,ARVN9FZ1187FB393F1,Snow Patrol,The Lightning Strike,A Hundred Million Suns,2008,978.442,0.818319359139,0.667294595643,rock,epic; indie; Masterpiece; rock; hooray britpop,589,231,55.470713,0,411.0,471.2312499999995,0.5890390624999994,0.24043335878929478,0.5448915527915409,Brother Sport
TRLTTDC128E079380E,SOCTYHG12A679D7E2B,ARE0WH81187B9A7BA3,Rufus Wainwright,Baby,Rufus Wainwright,1998,313.12934,0.754130066262,0.64041969134,folk,singer-songwriter; afternoon; cloudy; beauty; rufus,245,84,43.255058,0,369.0,60.20624999999992,0.0752578124999999,0.03844785583284048,0.7450292308711804,The Prince
TRSRIFV128F92E0C06,SONCKGT12AB017DD6E,ARP0C6B1187B99631B,Batmobile,Kiss me now,Bail set at $6M,1988,195.47383,0.632946054346,0.430788631049,rock,psychobilly; rockabilly; 80s; punk rock; rytmiczne,154,81,22.693611,0,209.0,50.57874999999987,0.06322343749999984,0.06195113782022695,0.7443071341374926,The Prince
TRNHSZN128F930FF03,SOQOIDA12AF72A1430,ARMV0L61187B9B4964,Clawfinger,Revenge,A Whole Lot Of Nothing,2001,242.75546,0.661176989938,0.46190246429,metal,metal; rap; industrial; crossover; industrial metal,522,171,87.441409,0,799.0,300.7424999999995,0.3759281249999994,0.0951429419717602,0.7410884108162855,The Prince
TRYPVSX128F427362D,SOPTCEE12A8C13569E,ARZH4M81187B98BC10,Allure,When The Shades Go Down,The Best Man - Music From The Motion Picture,1999,296.202,0.610585374815,0.450019660265,r&b/soul,rnb; melody; Dry; Allure; bar,424,120,58.369513,0,306.0,226.99874999999975,0.2837484374999997,0.10765554599779026,0.6150205376051,Second Heartbeat
TRQMBFX128F9309F32,SOIEKKQ12AB01849AC,AR9TAKL1187B998B56,Radio 4,Party Crashers,Stealing Of A Nation,2004,298.55302,0.627840526666,0.375927295791,rock,Veronica Mars; dance; indie; post-punk; indie disco,209,83,34.409301,0,222.0,122.83749999999989,0.15354687499999986,0.09859146464967927,0.5332522200149127,Second Heartbeat
TRATKJA128F931B7A6,SOUIIMR12AB0186572,AR7QOOZ1187B98E1BE,The Hives,Lost And Found,Main Offender,2001,205.03465,0.766851999781,0.572167880525,punk,punk; b-side; cover; punk rock; single tracks,247,83,30.149627,0,208.0,160.40374999999977,0.20050468749999972,0.148527213892267,0.5091853598524485,Second Heartbeat
TRZOOGX128F42AD931,SOVRUMX12D021B3E00,ARFSZXM1187FB5A941,Roy Orbison,California Blue,The Essential Roy Orbison,1989,236.12036,0.777305258908,0.53108840351,rock,oldies; rockabilly; rock; classic rock; blue songs,172,70,26.532998,0,153.0,72.98000000000012,0.09122500000000015,0.0762112420434424,0.5375346397614659,To End The Rapture
TRFCRZS128F42954AF,SOEHZYT12A8C13BD77,AR7NTTO1187B995A0C,Manhattan Transfer,The Blues Are Brewin',The Spirit Of St. Louis,2000,377.99138,0.622610420866,0.396203288661,blues,blues; 2000; louis armstrong; tmt; blue songs,138,73,22.226111,0,171.0,119.01249999999965,0.14876562499999957,0.14788943293811052,0.5156485467720825,To End The Rapture
TRQBTYN128F92EA704,SOBCLJC12D021B0B38,AR4ZNBW1187FB554B8,Tony Bennett,You're All The World To Me,MTV Unplugged,1993,135.54893,0.758949615466,0.538305314101,jazz,jazz; Ja,145,66,26.248809,0,229.0,186.19375000000036,0.23274218750000045,0.19484914303886583,0.5142461127213938,To End The Rapture
TRQFNCQ128F42809CC,SOAYBMQ12A58A78014,ARCNW7U1187FB3B219,Jane Monheit,Why Can't You Behave?,Taking A Chance On Love,2004,247.14404,0.665133016515,0.499298211006,jazz,jazz; female vocalists; 1052 loved; Mellow; vocal,111,56,21.817424,0,157.0,46.31999999999991,0.05789999999999988,0.058444101928619575,0.6448814499539011,Witness
TRRREHG128F9319163,SOLUZBT12AB017C505,AR7Y6JX1187FB4D9B3,Bad Brains,Don't Bother Me (Bad Brains),Generations 1: A Punk Look At Human Rights,0,161.25342,0.726298027446,0.555414575816,punk,punk; hardcore; reggae; punk rock; hardcore punk,166,62,33.985291,0,406.0,34.32624999999993,0.04290781249999991,0.027811003012207562,0.6183600773513386,Witness
TRGOMIJ128F4263AD6,SOVLGBC12A8C130EF9,ARW3LUX1187FB5C4C0,The Jacksons,The Hurt,Victory,1984,326.922,0.685072024415,0.521849850096,pop,80s; 80's; eighties; pop; 1980s,325,90,60.621778,0,535.0,93.52624999999978,0.11690781249999972,0.04266035097685349,0.6126414671227918,Witness
TRWWLCH128F9307E59,SOJGWWD12AF72A2D60,ARVIQL81187FB4E62B,Astrud Gilberto,And Roses And Roses,The Silver Collection - Astrud Gilberto,1984,157.12608,0.669441035226,0.491050468852,jazz,Bossa Nova; brazilian; vocal; Bossanova; astrud gilberto,164,73,20.34699,0,174.0,87.54000000000013,0.10942500000000016,0.11927409600799257,0.7782876675750277,Heartache Every Moment
TRNVKOI128E0799173,SOIYRHZ12A67AD8126,ARZ5H0P1187B98A1DD,Snoop Dogg,Snoopafella (Edited),The Best Of Snoop Dogg,0,263.54893,0.853831633625,0.608910282835,hip hop,rap; 90s hip-hop; FAV all time,948,322,98.833193,0,670.0,382.57000000000016,0.4782125000000002,0.10868260493110884,0.7641372799437365,Heartache Every Moment
TRYLVAV128F931F5AF,SOCRKUN12AB017FA3F,ARKBTPV1187FB38A79,Faron Young,Riverboat,30 Of His Best,1994,99.76118,0.590473194252,0.418989674563,country,country; rockabilly; mississippi; male vocalists; Catchy Tune,216,102,25.70992,0,152.0,133.21625000000017,0.1665203125000002,0.14370636514667048,0.7581797524359011,Heartache Every Moment
TRBWKZD128F428AAEB,SORXNTB12CF5F87A51,AR4WHYC1187B9896E7,A Tribe Called Quest,Hot Sex,The Love Movement,1992,165.66812,0.79073032369,0.544262014739,hip hop,Hip-Hop; hip hop; rap; 90s; urban,431,184,46.957428,0,334.0,169.69124999999974,0.21211406249999967,0.1013092470528298,0.8511715086549821,Sigillum Diaboli
TRAZHNL12903CC1B6C,SOOYUHQ12A8AE47FAD,AR1W00P1187B9A3A3D,Mac Lethal,Rotten Apple Pie,11:11,0,223.45098,0.679273405444,0.454081153949,hip hop,Hip-Hop; underground hip-hop; downtempo; moody; american,461,213,47.191101,0,359.0,278.3837499999996,0.3479796874999995,0.16578394253818413,0.8487203888550777,Sigillum Diaboli
TRNHSZN128F930FF03,SOQOIDA12AF72A1430,ARMV0L61187B9B4964,Clawfinger,Revenge,A Whole Lot Of Nothing,2001,242.75546,0.661176989938,0.46190246429,metal,metal; rap; industrial; crossover; industrial metal,522,171,87.441409,0,799.0,300.7424999999995,0.3759281249999994,0.0951429419717602,0.840660226847078,Sigillum Diaboli
TRIGERV128F1478764,SOCTCEF12A6D4F729F,ARRRWAI1187FB4070F,Con Funk Shun,Electric Lady,Definitive Collection,1985,234.78812,0.576539832864,0.38937334741,r&b/soul,funk; oldskool; 80dance; durock music,371,172,46.978719,0,307.0,188.4712499999999,0.2355890624999999,0.11212744332545327,0.6650886675530826,Refined By Your Embrace
TRBDCAH128EF362D31,SOSTXYN12A6D4F67D4,AR82DJK1187B991107,The Pharcyde,Passin' Me By,Bizarre Ride II,1993,303.46404,0.756063870843,0.491468881637,hip hop,hip hop; 90s; rap; classic; songs about the opposite sex,697,235,90.465463,0,644.0,258.33750000000026,0.3229218750000003,0.07965492277250799,0.6376256710304137,Refined By Your Embrace
TRMFZJU128F92D7BBB,SOFGWAL12A8C142600,AR1LT8R1187B9B7111,Ozomatli,(Who Discovered) America?,Live At The Fillmore,2004,251.55873,0.72112966859,0.510663562223,latin,latin; Hip-Hop; funk; rock; loved,253,131,31.749016,0,134.0,91.9150000000003,0.11489375000000038,0.08101484893152264,0.6351578676420364,Refined By Your Embrace
TREXPAZ128F4213420,SORPNEX12A6D4FBDE8,ARTXGGI1187B9B3D58,Blackalicious,As the World Turns,Nia,1999,341.57669,0.697113662713,0.518784102366,hip hop,Hip-Hop; top rated tracks; yagada; dffdg; hip hop 90s,500,182,64.676116,0,227.0,313.2087500000001,0.39151093750000016,0.13490296654546557,0.6332378461655391,The Innocence Spilled
TRRYBBN128F42B15B8,SOFPXUA12A58A78C4C,ARAOBIZ1187FB38574,Johnny Winter,Prodigal Son,Raised On Rock,1970,259.89179,0.749711707474,0.452380503907,blues,blues rock; blues; guitar; classic rock; Blues guitar god,150,73,22.113344,0,78.0,55.94124999999998,0.06992656249999998,0.0701613416978355,0.5811221640970253,The Innocence Spilled
TRNHJCI128E0782358,SOAGSRS12A6310F2B0,ARNF13I1187FB562A5,Massive Attack,Teardrop (Mad Professor Mazaruni Instrumental),Teardrop,1998,384.05179,0.773048027297,0.577617539889,electronic,trip-hop; electronic; dub; electronica; relax fm,100,33,21.725561,0,68.0,37.935000000000024,0.04741875000000003,0.04777495497315004,0.5574518556304138,The Innocence Spilled
TREBQOW128F92C4549,SOLIKYJ12A8C13F7DA,AR54RGR1187FB51D10,Common,Book Of Life,thisisme then: the best of common,1994,306.85995,0.865128983978,0.53481975015,hip hop,Hip-Hop; hip hop; hiphop; rap; Jazz Hop,569,226,78.663842,0,373.0,293.21500000000054,0.36651875000000067,0.10351864197737916,0.6461481930826978,An American Dream
TRPUCBD128F428BB20,SODRCYU12A8C13A553,ARCKUWP1187B9A2415,Westbound Train,When I Die,Transitions,2006,252.05506,0.645156618335,0.397183465315,reggae,ska; acusticoolz; Mellow; acoustic; reggae,356,146,46.184413,0,217.0,143.30624999999984,0.1791328124999998,0.08661479024919343,0.6376375886659505,An American Dream
TRZCHKB128F92CB740,SOFCVMN12A8C141F62,AR4RBOB1187B9AC209,Anastacia,Club Megamix,Pieces Of A Dream,0,708.72771,0.583808862216,0.323553746888,rock,Slow Rock; pop; dance; party; female vocalist,749,201,98.020406,0,1056.0,332.2399999999991,0.4152999999999989,0.09500332699422537,0.6293043512287654,An American Dream
TRMGWBO128F428A374,SOJPMXC12A58A7C2BA,ARF3GX71187FB3EB66,Martina McBride,Blessed,Greatest Hits,2001,276.61016,0.850817606892,0.628246419191,country,country; Blessed; billboard country number ones; Truly I have been blessed and I am thankful to our troops are fighting for us to be able to express it; greatest-hits,320,95,56.80669,0,267.0,307.55875000000066,0.3844484375000008,0.1494638091675924,0.8278538092333663,The Changing Of Times
TREPSVG128F93451E2,SOLQCYW12AB0189CAD,ARF2SVO1187FB53E8F,Alison Krauss / Union Station,Looking In The Eyes Of Love,So Long So Wrong,1997,256.36526,0.665145483773,0.425326121849,country,Love; country; folk; country ballads female; female vocalists,184,88,31.717503,0,223.0,156.83750000000043,0.19604687500000054,0.1369454718081154,0.7733906604482538,The Changing Of Times
TRZKNSG128F9326727,SOBPFAB12AB0187F5F,AR9IIVS1187FB566F1,Alice Peacock,Here I Go Again,Who I Am,2006,267.7024,0.569275941137,0.334558468128,folk,acoustic; singer-songwriter; folk rock,193,98,32.863353,0,147.0,105.25500000000014,0.13156875000000018,0.08848174286381617,0.7627447466045083,The Changing Of Times
TRHSDRF128F9309C33,SOHXFKE12A58A7F761,ARDLRLV1187B99ABE4,Mc Chris,hoodie ninja,mc chris is dead,2008,179.51302,0.738366505452,0.542901788316,hip hop,nerdcore; Tag; Teenage angst; ninja; hip hop,481,160,76.065761,0,330.0,334.2025,0.417753125,0.12101346135151485,0.7809904494809436,Autumn
TROPXWC128F934AEF5,SONKELQ12AB0185449,ARIRNUG1187B9B0D8D,Riot,Loanshark,Restless Breed,1982,250.25261,0.576408737278,0.404971082679,metal,metal; hard rock; heavy metal; speed metal,209,78,38.691084,0,219.0,65.01875000000024,0.0812734375000003,0.04622498077031404,0.7610376496040071,Autumn
TRSCACN12903CBA2C9,SOENGRJ12AB018DBE0,AR10R6Q1187B999F3D,Midnite,Bushman,Unpolished,0,368.79628,0.589939239486,0.477576368441,reggae,reggae; roots reggae; roots; 2giveme5; soulful,488,149,82.28001,0,357.0,172.83999999999972,0.21604999999999966,0.05778711889172122,0.7591428938060677,Autumn
TRUNLGW128F92F9569,SODTTVG12AB0181FC0,AR32EVG1187B9B7802,Gamma Ray,Heavy Metal Universe (live),Hell Yeah,0,627.06893,0.698380905339,0.513919308013,metal,metal; Power metal; rock,320,102,36.646964,0,143.0,874.0412499999991,1.0925515624999989,0.6613666078568532,0.6490805303444069,Chorus Of Angels
TRUWPMO128F92F89DC,SONREBX12A8C142DBA,ARWA8AH1187FB3FC84,Hot Chip,I Feel Better,One Life Stand,2010,280.0322,0.852638932219,0.53576315772,electronic,electronic; indie; british; electronica; vocoder,374,70,64.109282,0,185.0,604.9825000000002,0.7562281250000003,0.26086283021505446,0.619593566912183,Chorus Of Angels
TRUVVFR128F4248609,SOHGOSZ12A8C134848,ARTBYYJ11F4C83C244,KRS ONE,I'm On The Mic,Life,0,245.4722,0.622034584456,0.544583987397,reggae,ElectglitchdubhoP; Hip-Hop; spy rap,506,213,49.305172,0,347.0,451.2412500000004,0.5640515625000004,0.2577548347584858,0.6042220845328881,Chorus Of Angels
TRJYHEK128E078FF06,SOHQTUL12A6702152F,AR8L6W21187B9AD317,Diana Ross,Don't Explain,Lady Sings The Blues,1972,130.97751,0.735615111893,0.544792156486,jazz,jazz; soul; cover; jazzy; influential,156,51,27.549955,0,295.0,130.99625000000012,0.16374531250000016,0.1310508007643913,0.5940420187580161,Follow The Wolves
TRBJSDA128F42413CC,SOEJRJB12A8C13177C,ARP2SG11187FB5A81B,Once Nothing,The Dust Of A Town,First Came The Law,2008,214.93506,0.652811338259,0.466069512599,metal,hardcore; metalcore; christian; Good Stuff; melodic metalcore,143,87,17.0,0,121.0,80.8312500000003,0.10103906250000037,0.1331608606000627,0.5879819809813255,Follow The Wolves
TRAFLMU128F4274A4D,SOLYAYO12A8C13C04D,ARRXG5Y1187B9AA016,G-Unit,I Don't Want To Talk About It,T.O.S. (Terminate On Sight),0,274.78159,0.845373303812,0.534429713657,hip hop,rap; Hip-Hop; G-Unit; Gangsta Rap; 50 Cent,549,210,70.859015,0,502.0,171.75875000000073,0.21469843750000092,0.06753931030331772,0.582907331160924,Follow The Wolves
TRPNSHU128F428049F,SOWFRAG12A8C13B3A6,ARG4O9Y1187B9ACC81,The Darkness,Givin' Up (Clean Version),Permission To Land,2003,213.60281,0.798559020507,0.499930949501,rock,rock; hard rock; rock n roll; alternative; doom metal,251,79,62.920585,0,78.0,51.40374999999988,0.06425468749999985,0.02234738314192856,0.725425385791916,I Am You
TREAUAV128EF33FE50,SOGTUPY12A67ADBD9D,ARDIHUE1187FB5783D,Electrelane,Cut And Run,No Shouts_ No Calls,2007,207.90812,0.669548918068,0.457274839916,punk,Alternative  Punk; bounce and be happy; my heart is a jerk; all my failed romantic interests wrapped up in a beautiful little bow called this song; sigh,364,85,80.572948,0,519.0,367.2025000000015,0.4590031250000019,0.1253482451391795,0.7183957958773031,I Am You
TRUOWXS128F4232239,SOWKTKB12A8159E8F7,ARQH3WI1187FB5647C,Little Anthony & The Imperials,Shimmy_ Shimmy_ Ko-Ko-Bop (Single Version),Doo Wop Classics_ Vol. 2,0,130.35057,0.0,0.412211331107,latin,little anthony; stevewaz; waz fm oldies; waz fm latino 2,165,87,22.293497,0,119.0,34.88625,0.043607812499999996,0.04333180584318115,0.7032263953977265,I Am You
TRMIUJY128F4292965,SOSKRXH12A8C139418,ARH3TO11187FB39019,Rory Gallagher,I Take What I Want,Against The Grain,1975,261.56363,0.680883300105,0.490098730917,blues,blues rock; blues; rock; guitar; 70s,240,61,51.990384,0,296.0,73.89874999999984,0.0923734374999998,0.0391291780987106,0.7863710493415911,The Science Of Lies
TRQMGEQ128F145F0AF,SOJSKMM12A6D4F623E,ARDSWIE1187FB39056,Gang Starr,Gotta Get Over (Taking Loot) (Explicit),Full Clip: A Decade Of Gang Starr,0,224.67873,0.705881776978,0.491178953749,hip hop,hip hop; Hip-Hop; influential; underrated; us,542,216,65.268675,0,411.0,287.302500000001,0.35912812500000124,0.12295450130785444,0.7855847097593757,The Science Of Lies
TRKLJAG128F42B31CF,SOTGRDJ12A8C13FE2A,ARB8DSE1187FB3CFC4,Mario Vazquez,Everytime I...,Mario Vazquez,2006,241.71057,0.723005147335,0.395148687525,r&b/soul,mario vazquez; Everytime I; soul; rnb; r&b,511,114,125.658267,0,731.0,212.68750000000057,0.26585937500000073,0.046399764746819804,0.7840911654145002,The Science Of Lies
TRDPGXU128F9339C2A,SOELYON12AB01876A3,ARLHO5Z1187FB4C861,Beastie Boys,B-Boy Bouillabaisse: A.W.O.L. (2009 Digital Remaster),Paul's Boutique (20th Anniversary Remastered Edition),0,105.56036,0.853124523276,0.591628024008,hip hop,hip hop; leapsandbounds CDCollection,1746,505,153.652205,0,1067.0,751.1762500000004,0.9389703125000005,0.1386179883576813,0.758552189169887,Slow Down
TROXHLM128F4266510,SOMPUQO12A8C13A574,ARFB30B1187FB42AB9,Blues Traveler,Hook,Live at Lollapalooza 2006: Blues Traveler,1994,254.77179,0.782882968096,0.47363161033,blues,blues rock; rock; 90s; blues; harmonica,378,161,48.062459,0,365.0,257.59749999999985,0.3219968749999998,0.14937749456144822,0.756381455883275,Slow Down
TRAFLMU128F4274A4D,SOLYAYO12A8C13C04D,ARRXG5Y1187B9AA016,G-Unit,I Don't Want To Talk About It,T.O.S. (Terminate On Sight),0,274.78159,0.845373303812,0.534429713657,hip hop,rap; Hip-Hop; G-Unit; Gangsta Rap; 50 Cent,549,210,70.859015,0,502.0,171.75875000000073,0.21469843750000092,0.06753931030331772,0.7561220426091677,Slow Down
TRLVRJP128F93519FB,SOOENST12AC9E1344B,ARZYMH91187B99CEFC,Atmosphere,Hair,God Loves Ugly,0,1.82812,0.879475075015,0.607960565364,hip hop,Hip-Hop; rap; hip hop; underground hip-hop; leapsandleeloo,718,280,73.42343,0,615.0,369.7937499999997,0.4622421874999996,0.14273599485324537,0.6636809330053702,Steal Away (The Night)
TRVDTEO128F14956CF,SOBQHTA12A6D4F882C,ARLILJF11F50C4E231,Eric B. & Rakim,What's On Your Mind,Don't Sweat The Technique,1991,331.88526,0.578056456166,0.382919739008,hip hop,old school rap; rap; East Coast; hip hop; Hip-Hop,723,265,78.243211,0,679.0,407.92000000000036,0.5099000000000005,0.14683042544772087,0.6633353540461244,Steal Away (The Night)
TRJPNAE128F425FAFB,SOZVCKM12A8C138484,ARRQWQW1187FB49844,King Tee,Act A Fool,Act A Fool,1988,258.82077,0.495738582877,0.372391990635,hip hop,Hip-Hop; rap; hip hop; West Coast Rap; west coast hip-hop,624,251,66.730802,0,399.0,309.89125000000035,0.38736406250000044,0.13063086945828908,0.6459845740893495,Steal Away (The Night)
TRPMNRL128F9302AD7,SOEVGOY12AB0181053,ARCGJ6U1187FB4D01F,Akon,Be With You,Freedom,2008,230.97424,1.0,0.826777013491,hip hop,Love; beautiful; Hip-Hop; rnb; chillout,534,119,96.020831,0,717.0,364.0725000000003,0.45509062500000036,0.10473960926511638,0.7587421192543752,Black Curtains (2004 Digital Remaster)
TRNHSZN128F930FF03,SOQOIDA12AF72A1430,ARMV0L61187B9B4964,Clawfinger,Revenge,A Whole Lot Of Nothing,2001,242.75546,0.661176989938,0.46190246429,metal,metal; rap; industrial; crossover; industrial metal,522,171,87.441409,0,799.0,300.7424999999995,0.3759281249999994,0.0951429419717602,0.7460702583741529,Black Curtains (2004 Digital Remaster)
TRGAGNZ128F42712C3,SOQNWOO12A8C137675,ARSF6AM1187FB58133,Room Eleven,Bitch,Bitch,2007,236.19873,0.608620460178,0.452819712406,jazz,jazz; female vocalist; cover; dutch; Mellow,251,92,48.114447,0,278.0,63.568750000000016,0.07946093750000002,0.03634193313891159,0.7269333760368516,Black Curtains (2004 Digital Remaster)
TREBQOW128F92C4549,SOLIKYJ12A8C13F7DA,AR54RGR1187FB51D10,Common,Book Of Life,thisisme then: the best of common,1994,306.85995,0.865128983978,0.53481975015,hip hop,Hip-Hop; hip hop; hiphop; rap; Jazz Hop,569,226,78.663842,0,373.0,293.21500000000054,0.36651875000000067,0.10351864197737916,0.817698102913848,Die Dead Enough
TREZUTJ128F4250CFF,SOFNAPZ12A58A7CAAD,AR1W9AQ1187B9B97A9,On Thorns I Lay,Unsung Songs,Egocentric,2003,398.73261,0.540597251952,0.356221030776,punk,sad; beautiful; autumn; nostalgic; brilliant,139,90,20.904545,0,92.0,70.9412499999996,0.0886765624999995,0.09434529434881042,0.7993064367499395,Die Dead Enough
TRZVKMX128F423D09D,SOWLOSL12A8C13303B,ARGRHGG1187B9AFBB7,Rolf Harris,Maximillian Mouse,The Best Of Rolf Harris,1980,216.63302,0.58145429708,0.407058593251,folk,kids; folk,265,120,39.661064,0,142.0,120.40374999999997,0.15050468749999996,0.08380230615332607,0.7924585489800636,Die Dead Enough
TRPJBLC128F933B748,SOFPRGJ12AB018332B,ARFKYP71187FB3A9B6,Daryl Hall,Help Me Find A Way To Your Heart,Soul Alone,1993,288.67873,0.504471045506,0.413450381922,r&b/soul,AOR; daryl hall john oates; 80s; soul; sad,442,127,63.142696,0,671.0,387.6812499999993,0.48460156249999914,0.1711977569918897,0.6872304220637818,Bodies
TRKLJAG128F42B31CF,SOTGRDJ12A8C13FE2A,ARB8DSE1187FB3CFC4,Mario Vazquez,Everytime I...,Mario Vazquez,2006,241.71057,0.723005147335,0.395148687525,r&b/soul,mario vazquez; Everytime I; soul; rnb; r&b,511,114,125.658267,0,731.0,212.68750000000057,0.26585937500000073,0.046399764746819804,0.6795205113195891,Bodies
TRPCZOM128F931C65C,SOCQTPY12AB0180FEB,AR0N7RH1187B9B7497,The Yardbirds,The Nazz Are Blue,Live At BB King Blues Club,1966,252.02893,0.706352638491,0.469646169761,blues,blues rock; blues; classic rock; guitar; rock,123,56,22.135944,0,131.0,58.48500000000004,0.07310625000000005,0.0729392710051342,0.6737087400576383,Bodies
TRXDZMT128F92C5255,SOOPYMB12A8C14139A,ARYLQXI1187FB3CDFC,Matthew Ryan,Autopilot,Concussion,2001,207.20281,0.693924063519,0.387751278886,folk,folk; americana; singer-songwriter; alt country; cool but sad,155,77,27.45906,0,175.0,36.452500000000036,0.04556562500000005,0.0367181062703576,0.5815520302880963,Rotting Head
TRVXFFT12903CB6033,SOCSRYL12A58A7BBE0,AROF4LP1187FB41C51,Selena,Captive Heart,La Leyenda,0,263.26159,0.748320703067,0.54586591707,latin,classic; favorites; 90s; latin pop; favorite song,317,89,45.464272,0,188.0,49.70125000000016,0.0621265625000002,0.030310116141204935,0.565673228085914,Rotting Head
TRISBQQ128F93217A2,SOSKAYL12AB01884DE,ARPXABO1187FB4D15F,2Pac,Strictly 4 My N.I.G.G.A.Z.,Strictly 4 My N.I.G.G.A.Z.,0,355.47383,0.873186809178,0.517255770086,hip hop,Hip-Hop; hardcore rap; west coast hip-hop; leapsandbounds tapecollection; kaudogg,921,288,104.316825,0,785.0,333.9875000000008,0.417484375000001,0.08954557503562413,0.5620767804387576,Rotting Head
TRRTNCJ128E0789AB0,SOXCQAD12A6701C19C,ARTYSP51187FB58D11,The Magic Numbers,Long Legs,The Magic Numbers,2005,202.44853,0.725559333231,0.542823500077,rock,indie; alternative; rock; indie pop; indie rock,232,50,47.265209,0,295.0,97.0249999999996,0.1212812499999995,0.05659257788074013,0.6359364546205933,Gehenna
TRKSXRS128F14AA089,SOPUEXQ12A6D4F9E98,ARBM4TC1187FB5CE98,Natalie Cole,I'm Catching Hell (Living Here Alone) (Digitally Remastered 02),Natalie Cole Anthology,0,376.05832,0.690446937791,0.507781667405,jazz,jazz; soul; blues; hhh; Avond,519,178,61.611687,0,578.0,257.32500000000005,0.32165625000000003,0.11774921600102185,0.6276388697254046,Gehenna
TRTPUKX128E078FC8A,SOHYLIY12A58A7C1D0,ARZPYZ11187FB4938A,Le Tigre,Sixteen,This Island,2004,205.73995,0.714932337211,0.525420024726,rock,indie; electronic; female vocalists; riot grrrl; le tigre,100,45,23.259407,0,136.0,35.556249999999956,0.044445312499999945,0.04200963675777686,0.6176016115321094,Gehenna
TRFOGZN128F42882B5,SOGZIZN12A8C13836F,AR3MSAN1187B98F06B,OutKast,Claimin' True,Southernplayalisticadillacmuzik,1994,283.76771,0.796420043773,0.574497025958,hip hop,Hip-Hop; G-funk; hip hop; outkast; kaudogg,471,215,52.820451,0,351.0,201.00500000000034,0.2512562500000004,0.10669624832948886,0.7017478138327079,[sic] [Explicit]
TREBQOW128F92C4549,SOLIKYJ12A8C13F7DA,AR54RGR1187FB51D10,Common,Book Of Life,thisisme then: the best of common,1994,306.85995,0.865128983978,0.53481975015,hip hop,Hip-Hop; hip hop; hiphop; rap; Jazz Hop,569,226,78.663842,0,373.0,293.21500000000054,0.36651875000000067,0.10351864197737916,0.6995027533685166,[sic] [Explicit]
TRJPNAE128F425FAFB,SOZVCKM12A8C138484,ARRQWQW1187FB49844,King Tee,Act A Fool,Act A Fool,1988,258.82077,0.495738582877,0.372391990635,hip hop,Hip-Hop; rap; hip hop; West Coast Rap; west coast hip-hop,624,251,66.730802,0,399.0,309.89125000000035,0.38736406250000044,0.13063086945828908,0.6994958958883556,[sic] [Explicit]
TRQUJCP128F4238206,SOICNJH12A81C22263,ARLAUED1187B9ACEAF,Eric Clapton,Kind Hearted Woman Blues (Album Version),Me And Mr. Johnson,2004,246.49098,0.791830356538,0.635429400415,blues,blues; blues rock; rock; classic rock; eric clapton,129,66,19.183326,0,216.0,27.01249999999993,0.03376562499999991,0.039102991392503006,0.9482073883144873,Gunshots by Computer
TRXTLLG128F930416B,SOEFVKK12AB017C56A,ARYNSN31187FB4C573,Bizzy Bone,I Need You,A Song for You,2008,233.74322,0.75418083313,0.4762541622,hip hop,slow jams; lovin; 90s rap; Try Me,415,154,57.7408,0,684.0,169.95000000000016,0.2124375000000002,0.08205597829458787,0.6937333828021409,Gunshots by Computer
TRZLNPM128F42B3BF5,SOMKTOZ12A8C13F7DC,ARZH3SW1187B98C96E,Onyx,Feel Me,Onyx/ Bacdafucup II,2002,332.5122,0.636582379001,0.421287262511,hip hop,Hip-Hop; hiphop; rap; hip hop; cool,601,246,57.532599,0,535.0,328.01750000000004,0.41002187500000004,0.16206600029290563,0.6911307115657935,Gunshots by Computer
TRRDSTH12903CF37F7,SOBXMXV12AC468A74F,ARL99WU1187B98FB1F,Skip James,Devil Got My Woman,Devil Got My Woman,1931,314.43546,0.623698243161,0.421795209615,blues,blues; delta blues; Classic Blues; acoustic; country blues,236,83,36.783148,0,343.0,38.09624999999993,0.04762031249999991,0.02873822689535476,0.5696912691762414,Hope Is... (Album Version)
TRFSOAL128F931B19F,SORWBPX12A58A7C19E,AR7BMMV1187FB5B2D7,Robben Ford,The Way You Treated Me (You're Gonna Be Sorry),Blue Moon,2002,404.55791,0.604820431918,0.383877493634,blues,blues; guitar; chillout; blues rock; blues guitarist,228,71,44.687806,0,419.0,206.62375000000017,0.2582796875000002,0.12748723214836674,0.5577570277273353,Hope Is... (Album Version)
TRYVYKU128F426F26F,SOPPUBI12B0B80C00C,AR8W8P31187B9A4063,Lauryn Hill,Interlude 1,MTV Unplugged No. 2.0,2002,116.00934,0.697206464376,0.580125198887,r&b/soul,soul; Neo Soul; lauryn; rnb; hip hop,272,126,35.411862,0,316.0,248.0249999999996,0.31003124999999954,0.19522700630222078,0.5491798622456296,Hope Is... (Album Version)
TRLTYLK128F92FE6FF,SOWVIEO12AB0182D10,AR03BDP1187FB5B324,Britney Spears,Radar,Radar,2007,353.33179,0.947327506635,0.607257279581,pop,pop; dance; Britney Spears; female vocalists; electronic,500,96,116.61475,0,657.0,209.61625000000024,0.2620203125000003,0.04936834858056426,0.6707954378006729,The Moor
TRKMLTU128F930D49C,SOEMSNR12AB017D666,ARC3DNB1187FB4F824,Country Joe McDonald,Air Algiers,The Best of Country Joe McDonald,1971,149.08036,0.537266845663,0.358283734311,blues,blues; favorite songs; woodstock; gotanygoodmusic; halftoned singles club,152,60,22.671568,0,64.0,1.9574999999999902,0.0024468749999999877,0.0023806303211002136,0.6678079489402965,The Moor
TRQYMVP12903CD6EDE,SOLYXXX12AB018B36F,ARE5LT91187B9B04DE,Teenage Bottlerocket,Without You,They Came from the Shadows,2009,130.82077,0.757641682109,0.484978755611,punk,punk rock; need more,333,86,62.26556,0,444.0,117.41624999999985,0.1467703124999998,0.052054787489394724,0.6454510584725331,The Moor
TREHMYJ128F42BA1E6,SOBOEJV12A8C1424C0,ARAOQ5T1187FB435AB,Björk,Hunter,Hunter,1997,551.05261,0.853153520662,0.559129441527,electronic,electronic; alternative; experimental; female vocalists; bjork,107,50,23.259407,0,108.0,26.336250000000092,0.03292031250000012,0.031014517052821194,0.8157133205628747,This Flesh A Tomb (Instrumental Version)
TRBLXKO128F1481994,SOGHLPM12A6D4F8009,AR1O4NH1187B98F0C9,Papa Roach,Alive,The Paramour Sessions,2006,202.1873,0.834247516456,0.613473977536,rock,rock; metal; hard rock; alternative; alternative metal,318,77,65.946948,0,226.0,83.55875000000013,0.10444843750000016,0.03484138093421148,0.8109251776857375,This Flesh A Tomb (Instrumental Version)
TRGAGNZ128F42712C3,SOQNWOO12A8C137675,ARSF6AM1187FB58133,Room Eleven,Bitch,Bitch,2007,236.19873,0.608620460178,0.452819712406,jazz,jazz; female vocalist; cover; dutch; Mellow,251,92,48.114447,0,278.0,63.568750000000016,0.07946093750000002,0.03634193313891159,0.8090141376911277,This Flesh A Tomb (Instrumental Version)
TROGKPC128E07953DF,SOTFZBX12A67ADAF05,ARHMCWM1187FB37D67,Damian Marley,Move!,Welcome to Jamrock,2005,224.28689,0.713114587617,0.537442074217,reggae,reggae; dancehall; damian marley; Move; ragga,401,193,39.874804,0,178.0,259.46500000000015,0.3243312500000002,0.1815335145250468,0.5431015704241443,A Higher Standard
TRXAPVF128F428A35D,SOACYAM12A8C13F597,ARBVVJP1187FB4A452,The Samples,We All Move On,Here And Somewhere Else,0,173.66159,0.604528532749,0.361927871222,reggae,reggae,181,63,53.795911,0,74.0,455.25499999999994,0.5690687499999999,0.23147202229006114,0.5397812574778632,A Higher Standard
TRDUSIG12903CA5FCB,SOIWGDT12AB018A591,ARHDJIG1187B9AF524,Savatage,The Hourglass,Still The Orchestra Plays - Greatest Hits Volume 1 & 2,1997,486.97424,0.639999317102,0.507330127982,metal,Progressive metal; heavy metal; symphonic metal; savatage; metal,889,283,76.138033,0,314.0,463.2562500000001,0.5790703125000001,0.17368183275374832,0.48523401763216895,A Higher Standard
TRMNZBR128F424EF16,SOBCOJC12A8C1324DD,ARF799P1187B9A97D5,Róisín Murphy,Checkin' On Me,Overpowered,2007,278.96118,0.801408131596,0.560522590512,pop,pop; electronic; female vocalists; electropop; West Coast swing,475,124,84.249629,0,893.0,369.830000000001,0.46228750000000124,0.12130418027112337,0.7617548306391395,Redemption
TROKYHH128F9316FAB,SOBBTLV12AB0184410,ARDSMT71187FB52D10,Avant,Y.O.U.,Avant,2008,244.37506,0.850584461589,0.573337429721,blues,rhythum and blues tag; avant-YOU; male vocalists; makes me want to fall in love,249,87,43.65776,0,492.0,42.55249999999978,0.05319062499999973,0.026943484475970614,0.7537167818494559,Redemption
TRKDJQL128F428AFC8,SODYHQD12A8C136E16,AR8OA1A1187B989025,From Zero,Jeer,One Nation Under,2001,250.48771,0.601553268539,0.34730622436,metal,metalcore,283,119,42.37924,0,481.0,212.35500000000044,0.26544375000000053,0.13917285446217137,0.7424968674042005,Redemption
TRQBDFJ12903D082F6,SOKWBNH12AC468940B,ARBHBE91187B9A1F58,Jonny Lang,Bump In The Road,Live at the Ryman,2006,229.95546,0.698969925264,0.486783024923,blues,blues; jonny lang; songsof2006; singer-songwriter; blues rock,334,111,45.934736,0,262.0,243.32249999999945,0.3041531249999993,0.14745972684965833,0.5773398559389262,We Die Alone (Bonus Track)
TRQDVMT128F92C48B2,SOAFMCZ12AAF3B391C,ARJI1B41187FB57AC1,The White Tie Affair,If I Fall,Walk This Way,2007,216.65914,0.709543302282,0.521730412016,pop,powerpop; alternative rock; fun; pop; audioxs,483,80,76.006579,0,344.0,207.75875000000053,0.25969843750000066,0.07591492621815807,0.5591669275251999,We Die Alone (Bonus Track)
TRCJADX128F428D3E0,SOKPSGM12A8C1381DE,AR03BDP1187FB5B324,Britney Spears,Let Me Be,Britney,2001,171.10159,0.947327506635,0.631289507585,pop,pop; Britney Spears; female vocalists; dance; Let Me Be,460,81,89.420356,0,856.0,124.52249999999998,0.15565312499999998,0.03844847507636246,0.5472310223167384,We Die Alone (Bonus Track)
TRGDBXO128F1480976,SOITJML12A6D4F8508,ARBZIN01187FB362CC,Paris Hilton,Not Leaving Without You (Album Version),Paris,2006,215.32689,0.711293276173,0.562610443079,pop,sexy; paris; pop; female vocalists; not leaving wo you,541,90,85.889464,0,736.0,937.8037500000007,1.1722546875000008,0.3037620195119116,0.608199003414445,Elements
TRWXMJX128F9340D54,SOJPPMC12AB0183F09,AR6J5DI1187FB4CF6E,America,You Can Do Magic,View From The Ground,1982,236.43383,0.602058835618,0.468797401926,rock,classic rock; 70s; pop; soft rock; 80s,327,89,51.555795,0,441.0,169.26750000000067,0.21158437500000082,0.09089857833603569,0.5984303231168616,Elements
TROUDDG128F931B4A9,SOXDTCF12AB017ED60,ARF2SVO1187FB53E8F,Alison Krauss / Union Station,It All Comes Down To You,New Favorite,2001,164.88444,0.665145483773,0.425326121849,country,country; bluegrass; americana; alison krauss and union station; Alt-country,197,72,29.223278,0,294.0,194.1450000000005,0.24268125000000063,0.1839623558065909,0.590366308774936,Elements
TRVJCBD128F4268421,SONHHON12A8C1392AA,AR261YW1187FB374B3,Warrant,Bad Tattoo,Greatest & Latest,0,231.23546,0.696450939342,0.489149816628,metal,metal; rock; hard rock; alternative; heavy metal,217,64,40.69398,0,367.0,143.6950000000003,0.17961875000000038,0.09744442188878334,0.6552596777324119,Know The Difference
TRGPUVY128F9313AD9,SOLXSNH12AB018073F,AREV0ZO1187B997221,Doyle Bramhall,Dimples,Fitchburg Street,0,243.87873,0.628560155936,0.292968170475,jazz,West Coast swing,133,27,34.770677,0,268.0,4.358749999999991,0.005448437499999989,0.003433205093156635,0.6187185674368255,Know The Difference
TRSTDLM128EF3431B6,SOSDLMN12A67AE0E22,ARN03F71187FB4E3F4,Ayo,Only You,Joyful,2006,234.89261,0.52259018455,0.390641235878,r&b/soul,soul; female vocalists; Ayo; Neo-Soul; reggae,186,89,32.787193,0,301.0,146.43625000000034,0.18304531250000042,0.12327615798752434,0.6164341452711488,Know The Difference
TRTVTYS128E0792887,SORCZHK12A6701FFB0,ARTH9041187FB43E1F,Eminem,Rabbit Run,8 Mile,2002,190.53669,0.871010615313,0.804830427831,hip hop,rap; Hip-Hop; Eminem; Soundtrack; american,674,245,80.870266,0,558.0,351.95250000000084,0.43994062500000103,0.12181444066042574,0.7432425394377623,Peephole
TRXTZAK128F423626D,SOGXTWI12A8AE47802,ARE36MM1187B991E50,Blind Lemon Jefferson,Broke And Hungry,The Complete Classic Sides Remastered: Chicago 1926 Disc A,1927,182.77832,0.594866645475,0.3828469015,blues,blues; Blind Lemon Jefferson; delta blues; Classic Blues; singer-songwriter,220,93,32.939338,0,287.0,40.766250000000085,0.05095781250000011,0.03432301042048349,0.742732827438595,Peephole
TRFUJLG128F4255312,SOELKTY12A8C135CCC,ARN0YZ71187B9BA57B,Michael Bublé,Stuck In The Middle With You (Non-Album Track),Call Me Irresponsible,2007,217.3122,0.825482552139,0.792990130445,jazz,jazz; drjazzmrfunkmusic; male vocalists; male; cover,311,93,42.813549,0,299.0,189.17374999999947,0.23646718749999934,0.12277678552190531,0.7383357751779219,Peephole
TRGLNKG128F9307689,SOFVLYU12AB017F502,ARTH9041187FB43E1F,Eminem,My Darling,Relapse [Deluxe],2009,320.49587,0.871010615313,0.879236744738,hip hop,rap; detroit; Hip-Hop; Horrorcore; MOONH8SUN,1055,293,140.089257,0,1342.0,526.13875,0.6576734375,0.10487690141652044,0.7505680169387632,Hellhounds on My Trail
TRFFJLM128F148BCEF,SOELHJS12A6D4F8EDE,ARXBWB01187B98F417,Momus,Closer To You,Slender Sherbet,1987,445.70077,0.567682022369,0.376768822539,electronic,Pervy; sexual; electronic; indie pop; slow jam,799,276,86.919503,0,807.0,525.1787499999995,0.6564734374999993,0.16966177888918008,0.7441028104942534,Hellhounds on My Trail
TRVVIWJ128F42697BA,SOGVLHO12A8AE48809,AR2XI6G1187B9AE7DA,Fat Joe,Preacher On A Sunday Morning,The Elephant In The Room,2008,208.66567,0.822908534132,0.572027853681,hip hop,fat joe; Hip-Hop; new york; gangsta; freeway - til the sun comes up,544,208,68.956508,0,688.0,154.39624999999998,0.1929953125,0.06255088958520676,0.7385304958524763,Hellhounds on My Trail
TRMSQFN128F4294259,SOEFFRX12A8C140395,ARL46O21187B995E9E,Jazzamor,a piece of my heart,A Piece of My Heart,2004,298.68363,0.636027603295,0.421074977589,electronic,chillout; electronica; lounge; jazz; electronic,148,77,24.33105,0,98.0,77.7049999999997,0.09713124999999963,0.0882898319628363,0.6990943346451098,No Commands
TRRZREZ128E078F7E4,SOEBLVC12A6702081E,ARHTHC01187B9B6D2A,Michael McDonald,Peace,In The Spirit-A Christmas Album,0,200.14975,0.712675204333,0.563362693588,r&b/soul,soulful; christmas; piano; strings; vocals,134,84,18.493242,0,120.0,53.5950000000001,0.06699375000000013,0.08081984439176729,0.6878857134478823,No Commands
TRXDZMT128F92C5255,SOOPYMB12A8C14139A,ARYLQXI1187FB3CDFC,Matthew Ryan,Autopilot,Concussion,2001,207.20281,0.693924063519,0.387751278886,folk,folk; americana; singer-songwriter; alt country; cool but sad,155,77,27.45906,0,175.0,36.452500000000036,0.04556562500000005,0.0367181062703576,0.6457048779036615,No Commands
TRWUNDW128F147093F,SOFZLVC12A6D4F9068,ARNHMFD1187FB3B3F6,LL Cool J,I Can't Live Without My Radio,Radio,1985,331.88526,0.749217793049,0.544321914839,hip hop,Hip-Hop; rap; 80s; LL Cool J; hip hop,745,248,81.82909,0,487.0,195.20500000000024,0.2440062500000003,0.06659853527568231,0.6777447240031262,Mother (2006 Remastered Alternate Mix)
TRJPNAE128F425FAFB,SOZVCKM12A8C138484,ARRQWQW1187FB49844,King Tee,Act A Fool,Act A Fool,1988,258.82077,0.495738582877,0.372391990635,hip hop,Hip-Hop; rap; hip hop; West Coast Rap; west coast hip-hop,624,251,66.730802,0,399.0,309.89125000000035,0.38736406250000044,0.13063086945828908,0.6665877137390885,Mother (2006 Remastered Alternate Mix)
TRSXWOE12903CA7F6E,SOCJZSC12A58A7B1D0,AR1M4LH1187B9B9F32,Z-RO,Pain,Straight Profit,2001,245.57669,0.774642898383,0.498348706084,hip hop,z-ro; pain; rap; classic; texas,658,255,71.203932,0,335.0,336.5125000000006,0.42064062500000077,0.13284476998757327,0.660907492188706,Mother (2006 Remastered Alternate Mix)
TRHMLCK128F93085F2,SOQFPFX12AB017B8F9,ARCNYM11187FB3FEB1,Jeff Timmons,Can't You See,Whisper That Way,2004,238.602,0.577880792522,0.294843621803,pop,pop; rnb; male vocalists; american; english,307,72,66.468037,0,705.0,367.43249999999904,0.4592906249999988,0.15209145847836872,0.7995028868703236,Lord Of The Flies (Live In Dortmund)
TRNBESL128F1458A4C,SOMIDRK12A6D4F649C,ARKSKF21187B9B7064,Killing Joke,Pssyche (Live At Larry's Hideaway),Laugh? I Nearly Bought One!,1992,285.93587,0.714158052337,0.508528814452,punk,punk; industrial; favorites; post-punk,167,92,23.706539,0,204.0,128.23250000000036,0.16029062500000044,0.1497586869523775,0.7790432584352158,Lord Of The Flies (Live In Dortmund)
TRKDJQL128F428AFC8,SODYHQD12A8C136E16,AR8OA1A1187B989025,From Zero,Jeer,One Nation Under,2001,250.48771,0.601553268539,0.34730622436,metal,metalcore,283,119,42.37924,0,481.0,212.35500000000044,0.26544375000000053,0.13917285446217137,0.7710659111685555,Lord Of The Flies (Live In Dortmund)
TRTBRQA128F427EE09,SOZZILO12A8C13C9ED,AR6GVSZ1187FB36FFB,Jeffrey Lewis,Gold,It's The Ones Who've Cracked That The Light Shines Through,2003,274.96444,0.597161753711,0.433419587132,folk,folk; acoustic; cool; psychedelic; wordy,531,222,66.648331,0,340.0,354.6650000000002,0.44333125000000023,0.1482904001961657,0.6802031424336777,Phantom Of The Opera (Live) (1998 Digital Remaster)
TROJYOU12903CBD2A8,SOLVXIM12AB018C117,ARHMSDE1187B9B9879,Martin Jondo,Hold You,Echo and Smoke,2006,206.75873,0.563682239034,0.438590756377,reggae,reggae; dancehall; roots reggae; german; me like,475,168,57.131427,0,397.0,415.8074999999997,0.5197593749999997,0.20381255990165234,0.6493290605976494,Phantom Of The Opera (Live) (1998 Digital Remaster)
TRDKUSZ12903CF188B,SOTDFHU12AF729DB0B,ARKMIBT11F4C8430D9,The Antlers,Epilogue,Hospice,2009,328.88118,0.726299713385,0.466946703147,rock,indie; indie rock; acoustic; listen with your eyes closed; Good tune,273,131,35.860842,0,289.0,213.9699999999992,0.267462499999999,0.16606034822006507,0.6467496647868927,Phantom Of The Opera (Live) (1998 Digital Remaster)
TRRSTOQ128F933558C,SOHLSUD12A58A7802E,AR4GAFY1187B9B639D,B.B. King,Never Trust A Woman,Icons: B. B. King,1990,156.29016,0.708735400038,0.542289933434,blues,blues; bitter; Awesome Guitar Jams; jazz-blues,248,76,43.943145,0,215.0,72.1512500000003,0.09018906250000037,0.04530628847347527,0.7214350128413711,Re-Birth
TRMFKTA128F92FE268,SODQSYC12AB017D23C,ARXM0T41187B9AE5C5,The Bluetones,Carnt Be Trusted,Expecting To Fly,1996,208.37832,0.624284642173,0.456079756622,pop,britpop; indie; 1990s; 90s; indie rock,178,100,23.30236,0,157.0,115.2712499999997,0.14408906249999962,0.13799283408945134,0.6896631557476405,Re-Birth
TROUINF128F4275999,SOAFUNX12A8C13957C,ARZU9W31187B9927DF,The Ordinary Boys,Little Bitch,Over The Counter Culture,2004,144.66567,0.652204741617,0.410100328831,reggae,ska; indie; indie rock; the specials cover; cover,249,121,36.400549,0,313.0,158.51374999999913,0.19814218749999893,0.12074047537561652,0.6760442174849179,Re-Birth
TRMZAGF128F92EF35B,SOVTVJE12A8C143A18,ARYNKUB1187B995EDE,Alice In Videoland,Going Down,Maiden Voyage,2003,196.44036,0.645128004394,0.461116412395,electronic,electronic; electronica; synthpop; Electroclash; amazing,138,79,23.043437,0,116.0,65.83125000000013,0.08228906250000016,0.07892384766042461,0.7576800985550658,This Pain
TRVFJLH128F4236290,SOAQGSL12A8AE4786D,ARE36MM1187B991E50,Blind Lemon Jefferson,Prison Cell Blues,The Complete Classic Sides Remastered: Chicago 1928 Disc C,1928,167.52281,0.594866645475,0.3828469015,blues,blues; Classic Blues; Texas Blues; folk; americana,193,79,29.017236,0,112.0,187.2549999999999,0.23406874999999988,0.17909410492501807,0.7419916503812658,This Pain
TRMTSMP128F92F621B,SOJUGCS12AB01856DD,ARLSC551187B99C55C,N-Dubz,Sex,Uncle B,2008,136.4371,0.650219484899,0.569460848691,hip hop,sex; Hip-Hop; n-dubz sex song; skins; rap,610,205,64.404969,0,462.0,365.18250000000046,0.45647812500000057,0.15998523703578318,0.7419487766215473,This Pain
TRFEVDF128F4214874,SOPCKMV12A6D4FBA7B,ARIK43K1187B9AE54C,Lionel Richie,She's Amazing,Just For You,2004,274.80771,0.776675855685,0.553071991462,r&b/soul,80s; soul; pop; motown,228,73,43.954522,0,55.0,59.365000000000094,0.07420625000000011,0.03708337229625776,0.7530575584407421,You Are Not Alone
TRNIMKL128F9301867,SOYMSBE12AAF3B496B,ARUHX3U1187FB57A44,Janie Fricke,She's Single Again,American Legend,1992,174.0273,0.453085250099,0.382668086372,country,country; janie fricke; chris-softcountry; ChrisCountryPop; snappy,262,108,40.348482,0,77.0,62.135000000000076,0.07766875000000009,0.042737556024236324,0.7020873301913937,You Are Not Alone
TROMGSH128F427A408,SOBADWZ12CF5F86CD7,AR5FP401187FB523C9,Bob Dylan,She Belongs To Me,Self Portrait,1965,162.89914,0.841742616105,0.622134167873,folk,folk; 60s; folk rock; singer-songwriter; rock,166,73,28.284271,0,61.0,45.28749999999993,0.05660937499999991,0.044126564137908324,0.7018041000488391,You Are Not Alone
TRDXZYL128E0791E8D,SOHPPBV12A67021CF8,ARTG85X1187B99D1F5,The Isley Brothers,Contagious,Eternal,2001,348.94322,0.750583406489,0.57177070788,r&b/soul,soul; rnb; smooth; the isley brothers; r&b,612,207,72.670489,0,800.0,217.49625000000023,0.27187031250000027,0.08420055335520016,0.9709093752713991,Baby Be Mine
TRYYRLU12903D082FF,SOKNZNC12AC4689423,ARBHBE91187B9A1F58,Jonny Lang,Breakin Me,Live at the Ryman,2009,474.64444,0.698969925264,0.486783024923,blues,blues; jonny lang; singer-songwriter; rock; guitar,229,111,32.526912,0,339.0,103.3324999999998,0.12916562499999976,0.08863786303046929,0.764040260501252,Baby Be Mine
TRRZSBO128F428BE44,SOGEKBX12A8C13ACE1,ARPDVPJ1187B9ADBE9,Usher,Nice & Slow,Live,1997,390.76526,0.856448923652,0.851233891127,r&b/soul,rnb; slow jams; 90s; hip hop; sexy,469,139,69.382995,0,791.0,284.30250000000046,0.3553781250000006,0.11409431314383146,0.7639824056479816,Baby Be Mine
TRNDPHC128F4280652,SOWFULG12A8C13D059,ARPW5M11187B9B5850,Bellamy Brothers,Livin In The West,The Lost Tracks,0,267.44118,0.589318954442,0.418916253782,country,country; 70s; USA; country rock; oldies,316,110,36.783148,0,140.0,249.84374999999898,0.31230468749999873,0.18918061412457024,0.6237345636536804,Man In The Mirror
TRWMIQV128E0785B38,SODRDHI12A58A7BD75,ARWT91C1187B9ACEAA,Neil Young,Star Of Bethlehem (Remastered Album Version),American Stars 'N Bars,1977,162.87302,0.777730096336,0.584474150643,country,country; singer-songwriter; sad,141,73,19.052559,0,131.0,108.88624999999993,0.13610781249999993,0.15934233832130287,0.6207170381808353,Man In The Mirror
TRJFTKZ128F9314704,SONGROE12AB017E4C5,ARYPWUK1187B98ACED,Emperor,Cosmic Keys to My Creations and Times,Live Inferno,0,280.0322,0.742963152341,0.453391186075,metal,black metal; Symphonic Black Metal; Norwegian Black Metal; Emperor; ambient black metal,273,126,28.809721,0,91.0,270.4199999999996,0.3380249999999995,0.2614143127595028,0.619847537506715,Man In The Mirror
TRZKMDX128F4277845,SOHAZHB12A8C13D09F,AR10B9G1187FB561CE,Lucky Dube,Slave,Best Of,1990,268.35546,0.663224673954,0.44697979301,reggae,reggae; slave; zimbabwe; african stuff; wonderful song,288,70,52.144031,0,189.0,50.18374999999981,0.06272968749999977,0.026361154575067994,0.7515667088464033,Why You Wanna Trip On Me
TREHMYJ128F42BA1E6,SOBOEJV12A8C1424C0,ARAOQ5T1187FB435AB,Björk,Hunter,Hunter,1997,551.05261,0.853153520662,0.559129441527,electronic,electronic; alternative; experimental; female vocalists; bjork,107,50,23.259407,0,108.0,26.336250000000092,0.03292031250000012,0.031014517052821194,0.749596428034962,Why You Wanna Trip On Me
TRHKKHO128F930E29C,SOAVHTM12AB017BC68,ARV0LBM1187B9B5592,Pissed Jeans,I'm Sick,Shallow,2007,142.91546,0.659279303057,0.404001057474,punk,noise; punk rock; noise rock; hardcore; noisy,97,35,30.347982,0,65.0,47.91874999999998,0.05989843749999998,0.04314904123699301,0.7417702416644343,Why You Wanna Trip On Me
TRSISPK128F425A83D,SOLSPBD12A8AE47260,AR6BJ1V1187B9AE3B7,Fleetwood Mac,Need Your Love So Bad,The Pious Bird Of Good Omen,1968,379.27138,0.747903749594,0.575960611719,blues,blues; blues rock; 60s; classic rock; rock,296,88,44.136153,0,488.0,162.04749999999984,0.2025593749999998,0.1020428160720299,0.9736862442937841,TiK ToK
TRHJXVO128F9308F9F,SOIZCFT12A8C143F35,ARDKBON122BCFCC434,The Mick Fleetwood Blues Band,Black Magic Woman,Blue Again,2008,518.5824,0.288823568646,0.0,blues,Fleetwood Mac; blues rock; British Blues,189,58,34.510868,0,421.0,9.601249999999975,0.012001562499999969,0.00768415465739664,0.6803960214288152,TiK ToK
TRONRAH128F93236A2,SODXXDQ12A8C13A670,ARZXNFV1187B9BA2CD,Buddy Guy,I Need You Tonight,Playlist: The Very Best Of Buddy Guy,1998,316.81261,0.66869553768,0.573024928953,blues,blues; singer-songwriter; Chicago Blues; guitar; Awesome Guitar Jams,135,60,23.473389,0,233.0,50.35875000000021,0.06294843750000026,0.05926594379134802,0.6678523469972159,TiK ToK
TRKXFLD128F1479BC0,SOIUPEX12A6D4F8E02,ARG77LO1187FB48344,Remy Ma,I'm,There's Something About Remy-Based On A True Story,2006,247.19628,0.733673857877,0.381725111542,hip hop,rap; nice; hip hop; Hip-Hop; good,487,214,61.424751,0,392.0,145.54875000000015,0.1819359375000002,0.06577561740722823,0.7524800867290026,Nothing Lasts Forever
TRCUZIS128F92D4255,SONTQWK12A8C142C91,ARRTHFN11F4C83D56B,UGK (Underground Kingz),Good Stuff,Best of UGK,0,229.56363,0.742388600489,0.44458261521,hip hop,southern rap; Dirty South,511,205,49.658836,0,312.0,251.67499999999984,0.3145937499999998,0.14204023472575758,0.7469934158077346,Nothing Lasts Forever
TRJCFUG128F1468C73,SOEUSDD12A6D4F6948,ARSLAVY1187B9BA622,Stacie Orrico,Tight (Earthlink Live),I Could Be The One,2004,163.02975,0.754742942716,0.510281289608,pop,female vocalist; pop; stacie orrico; b; stacy - tight,462,97,77.38863,0,501.0,421.3962500000001,0.5267453125000001,0.15125828387902124,0.735992671509011,Nothing Lasts Forever
TRYPRBY128F42204AF,SOLQMGG12A6D4FBBEB,ARDAVMG1187B98B5DE,Jimmy Dawkins,Kant Sheck Dees Bluze,Kant Sheck Dees Bluze,0,550.76526,0.437475920956,0.319537287386,blues,blues rock,283,103,35.707142,0,213.0,150.1187500000006,0.18764843750000076,0.11784349639311838,0.6460899512172733,Roamer
TREBQOW128F92C4549,SOLIKYJ12A8C13F7DA,AR54RGR1187FB51D10,Common,Book Of Life,thisisme then: the best of common,1994,306.85995,0.865128983978,0.53481975015,hip hop,Hip-Hop; hip hop; hiphop; rap; Jazz Hop,569,226,78.663842,0,373.0,293.21500000000054,0.36651875000000067,0.10351864197737916,0.645105064687414,Roamer
TRXRYHY128F9330944,SOIHULG12AB017EFDC,ARREMMW1187B9B53D5,Long Beach Shortbus,Better Than This,Flying Ship Of Fantasy,0,167.52281,0.575689651038,0.39720067352,reggae,reggae; dub; alternative; party; ska,425,155,51.961524,0,313.0,270.25750000000016,0.3378218750000002,0.14552348432195483,0.6183523550511602,Roamer
TRFIJVG128F4226516,SOEDAYC12A6D4F8387,ARTN3WC1187FB521BA,Swing Out Sister,The Windmills Of Your Mind,Jazz Goes Hollywood (Jazz Club),1996,181.2371,0.64976189052,0.503095882085,jazz,jazz; fmera fave; acoustic; piano pop; emotive,269,112,30.315013,0,154.0,133.07375000000044,0.16634218750000054,0.12175708316719058,0.972614594712268,Live High (Album Version)
TRENOEP128E0791229,SODONJT12A6701E023,AREQIT21187B9AEB7F,Dusty Springfield,The Windmills Of Your Mind,Dusty In Memphis,1969,231.10485,0.415753561473,0.48998162055,r&b/soul,female vocalists; 60s; soul; easy listening; pop,275,127,29.12044,0,164.0,149.94749999999976,0.1874343749999997,0.14341119942672984,0.9691195940562178,Live High (Album Version)
TRBYZYU128F9342104,SOPVPQA12AB01863B6,ARZWN6W1187FB3EF25,Company Flow,Tragedy Of War (In III Parts),Funcrusher Plus,1997,227.94404,0.596429820827,0.405395600857,hip hop,underground hip-hop; new york; Def Jux; turntablism; Definitive Jux,394,221,31.22499,0,155.0,232.89875000000023,0.2911234375000003,0.2100069610704136,0.6671206815559545,Live High (Album Version)
TRTNMJU128F4299B34,SODOZFS12A8C13C683,ARR57MZ1187FB5C275,Lisa Stansfield,Somewhere In Time,Lisa Stansfield,1997,284.29016,0.675730792169,0.382820411594,jazz,Smooth Jazz; Lisa Stansfield; nice; pop; female vocalists,311,80,55.928526,0,532.0,221.59749999999997,0.276996875,0.10970671458262136,0.6698115401794407,Did I Do That?
TRLVIKC12903CF81B9,SOAWGBD12AB0185288,AR05G2V1187FB38994,Burden Of A Day,My Forfeit,oneonethousand,2009,238.62812,0.710024794306,0.530784255339,metal,hardcore; metalcore; screamo; post-hardcore; emocore,288,87,59.186147,0,329.0,211.11875000000003,0.2638984375,0.09805370917085154,0.6271956421817664,Did I Do That?
TRLTTDC128E079380E,SOCTYHG12A679D7E2B,ARE0WH81187B9A7BA3,Rufus Wainwright,Baby,Rufus Wainwright,1998,313.12934,0.754130066262,0.64041969134,folk,singer-songwriter; afternoon; cloudy; beauty; rufus,245,84,43.255058,0,369.0,60.20624999999992,0.0752578124999999,0.03844785583284048,0.6264826776685397,Did I Do That?
TRPJILS128F9301616,SOVEAAH12A8C145DA6,ARQCSP31187B9A17ED,Us3,Goodbye,Questions,2004,262.45179,0.686350895519,0.474644868283,jazz,jazz; acid jazz; Blue Note Records; HippHopp,486,226,52.096065,0,420.0,474.11499999999995,0.5926437499999999,0.25576157757563456,0.6947188336929271,I'll Be There
TRAIKSH128E07816DF,SOCVMHO12A6D4F9C77,ARODBRG1187FB3FD99,Nick Cave & The Bad Seeds,Stagger Lee,Murder Ballads,1996,315.08853,0.681581305435,0.479407675575,rock,alternative; rock; Nick Cave; singer-songwriter; alternative rock,377,160,36.837481,0,190.0,97.08624999999984,0.1213578124999998,0.07438408505239152,0.691873318900219,I'll Be There
TRZABIN128F42480A3,SOSGDQD12A6D4FCD75,ARKNV8311C8A41502D,Julianne Hough,Hello,Julianne Hough,2008,188.96934,0.711539992874,0.511602917398,country,country; Love; Favourite Songs; My Favs; hello,291,118,36.537652,0,290.0,305.4262499999992,0.38178281249999896,0.23321217847280126,0.6871240836368419,I'll Be There
TRNFIAC128F42A038C,SORMJEK12A8C13CCFF,ARDZQ5U1187B9ADEAE,John Fogerty,Rock And Roll Girls,Centerfield,1985,208.3522,0.733637824827,0.526549034691,rock,classic rock; rock; 80s; g; creedence clearwater revival,125,70,16.522712,0,74.0,51.611249999999856,0.06451406249999982,0.08691383396698023,0.6481357265881277,I Think They're Thinking - Interlude
TREYZBF128F92EFAC4,SOHVJMQ12A8C13F6D9,ARE15KB1187FB42125,Rita Lee,Roll Over Beethoven,Multishow Rita Lee ao Vivo,0,308.55791,0.618952056235,0.406513595704,rock,classic rock; brasil; cover; female; brazilian music,238,112,30.116441,0,160.0,43.7662500000001,0.054707812500000126,0.04046244317186004,0.6444129728255931,I Think They're Thinking - Interlude
TRAXKVE128F933ACA0,SOGCYYT12A6D4F7838,ARGF9VF1187FB37DAE,The Band,(I Don't Want To) Hang Up My Rock And Roll Shoes (Live) (2001 Digital Remaster),Rock Of Ages,0,260.49261,0.654917550186,0.499462810569,folk,70s; The Band; folk-rock-blues; in-concert,260,75,44.102154,0,179.0,35.89874999999982,0.04487343749999978,0.02251747715872239,0.6326388925408883,I Think They're Thinking - Interlude
TRAPTRH128F4271659,SOGHYGL12A8C134B40,ARAOBIZ1187FB38574,Johnny Winter,Be Careful With A Fool,The Best Of Johnny Winter,1969,315.92444,0.749711707474,0.452380503907,blues,blues; blues rock; guitar; Johnny Winter; rock,171,74,24.145393,0,220.0,20.27124999999999,0.02533906249999999,0.023377775068958894,0.8077447218325867,Silent Movie
TRGXECP12903CDDC43,SOCLEEQ12D021B23E0,AR20CFC1187B98A25D,Ray Charles,Losing Hand,Mess Around (Best Of The Atlantic Years),0,192.9922,0.80807690374,0.668671178568,blues,blues; soul; bluezzzandlove; soul blues; RCharles,151,55,27.12932,0,250.0,22.759999999999888,0.02844999999999986,0.02313753117863514,0.6996882729082167,Silent Movie
TRLQBZP12903CECC4A,SOLNXMU12AB018E934,ARVWBEJ1187B9AF5CE,Hello Saferide,Get Sick Soon,Introducing Hello Saferide,2005,176.63955,0.656462788821,0.437877451488,folk,singer-songwriter; swedish; indie; female vocalists; indie pop,204,87,36.207734,0,332.0,85.12875000000024,0.1064109375000003,0.06486602683076997,0.6958068708152729,Silent Movie
TRBZXAC12903CBB0CE,SOHAYPC12A6D4FB7A7,ARZYMH91187B99CEFC,Atmosphere,Happymess,Sad Clown Bad Spring Number #12,0,220.26404,0.879475075015,0.607960565364,hip hop,songs i never get sick of; makes me want to fall in love; great; Love; Hip-Hop,526,199,65.795137,0,606.0,389.7587499999992,0.487198437499999,0.16571985245999785,0.8039464507933586,Stumble
TRZECBZ128F9321386,SOJPBLT12AB01821C7,ARWQ3W11187FB3F35E,Eleanor McEvoy,There's More To This Woman,Snapshots,0,262.19057,0.552742313523,0.344592816579,folk,celtic; female vocalists; folk; minor key; muyeres,283,124,34.014703,0,311.0,164.8987500000002,0.20612343750000026,0.13572859004664867,0.7858859953539136,Stumble
TROXHLM128F4266510,SOMPUQO12A8C13A574,ARFB30B1187FB42AB9,Blues Traveler,Hook,Live at Lollapalooza 2006: Blues Traveler,1994,254.77179,0.782882968096,0.47363161033,blues,blues rock; rock; 90s; blues; harmonica,378,161,48.062459,0,365.0,257.59749999999985,0.3219968749999998,0.14937749456144822,0.7855178246488973,Stumble
TRURGUR128F149409A,SOWCYKD12A6D4FB2D9,ARKY3ER1187FB5B5D1,Mr. Vegas,I Don't Know Why I Love You,Strictly The Best Vol. 34,0,214.43873,0.705206506857,0.402521751985,reggae,ragga; reggae; dancehall; Reggaevibez,303,84,66.603303,0,578.0,34.2124999999998,0.04276562499999975,0.014114055315922329,0.794288471729224,Heroe
TRSTJFQ128F428DA21,SOKVESS12A81C20D36,ARG8DXO1187B9AF743,Less Than Jake,I Think I Love You,Goodbye Blue And White,1997,124.682,0.843322339035,0.554564301721,reggae,ska; punk; covers; ska punk; cover,340,106,66.075714,0,549.0,190.23499999999984,0.2377937499999998,0.07937495040132146,0.7804834001327162,Heroe
TRBQMTA128F9311CD0,SOUBIFE12AB01800F9,ARY5A5U1187B9B2C08,Rose Royce,Is It Love You're After,The Very Best Of Rose Royce,1979,307.61751,0.613345257264,0.396751814092,r&b/soul,Disco; 70s; rose royce; funk; silkred-BigFraserFunk,343,81,65.099923,0,709.0,313.7625000000006,0.39220312500000076,0.13295972405650078,0.7752893907400488,Heroe
TRPMDDK12903D0D320,SOBZWGW12AB01848B5,AREWAAS1187B98C490,Robert Johnson,Kindhearted Woman Blues,Blues_ Booze & Broken Hearts,0,173.21751,0.693352616951,0.452024988052,blues,blues; delta blues; Robert Johnson; blues guitar; Classic Blues,141,69,20.396078,0,230.0,42.1774999999999,0.052721874999999876,0.05753409456817945,0.9482073883144873,Little Girl
TRYYRLU12903D082FF,SOKNZNC12AC4689423,ARBHBE91187B9A1F58,Jonny Lang,Breakin Me,Live at the Ryman,2009,474.64444,0.698969925264,0.486783024923,blues,blues; jonny lang; singer-songwriter; rock; guitar,229,111,32.526912,0,339.0,103.3324999999998,0.12916562499999976,0.08863786303046929,0.7003492917357614,Little Girl
TRZCHKB128F92CB740,SOFCVMN12A8C141F62,AR4RBOB1187B9AC209,Anastacia,Club Megamix,Pieces Of A Dream,0,708.72771,0.583808862216,0.323553746888,rock,Slow Rock; pop; dance; party; female vocalist,749,201,98.020406,0,1056.0,332.2399999999991,0.4152999999999989,0.09500332699422537,0.6961442495270542,Little Girl
TRSCVEK128F421432C,SOHNDYB12A6D4FB4EA,ARZHSES1187FB58AAC,Cream,Four Until Late,BBC Sessions,0,114.88608,0.827074437764,0.492236494852,blues,blues; classic rock; blues rock; 60s; rock,127,63,17.175564,0,90.0,40.19375000000009,0.05024218750000011,0.06517665055725523,0.8515155055821524,Ruleta Rusa
TROSKLK128F145806A,SOETTUG12A6D4F763A,ARQCSP31187B9A17ED,Us3,It's Like That,Hand On The Torch,1993,221.17832,0.686350895519,0.474644868283,jazz,acid jazz; jazz; trip-hop; jazz funk; Hip-Hop,465,199,54.827001,0,326.0,206.20249999999973,0.25775312499999964,0.1048533047743506,0.6718220116662607,Ruleta Rusa
TRYZZOD128EF362308,SOXNFHG12A8C135C55,AR82DJK1187B991107,The Pharcyde,Drop,Labcabincalifornia,1995,336.3522,0.756063870843,0.491468881637,hip hop,hip hop; Hip-Hop; underground hip hop; 90s; rap,434,218,39.585351,0,240.0,262.99874999999963,0.32874843749999955,0.18796532179146058,0.6607299092729244,Ruleta Rusa
TRDPGXU128F9339C2A,SOELYON12AB01876A3,ARLHO5Z1187FB4C861,Beastie Boys,B-Boy Bouillabaisse: A.W.O.L. (2009 Digital Remaster),Paul's Boutique (20th Anniversary Remastered Edition),0,105.56036,0.853124523276,0.591628024008,hip hop,hip hop; leapsandbounds CDCollection,1746,505,153.652205,0,1067.0,751.1762500000004,0.9389703125000005,0.1386179883576813,0.730460669740471,Contigo
TRIVUXU128F145A60B,SOHAGIL12A6D4F5ED8,ARNH6Q11187FB40FDD,Jeru The Damaja,Me Or The Papes,Wrath Of The Math,1996,265.58649,0.664574886059,0.429944149975,hip hop,hip hop; Hip-Hop; rap; Jeru The Damaja; underground hip hop,718,233,77.498387,0,511.0,513.5350000000009,0.6419187500000011,0.1861005201697042,0.7196541515909554,Contigo
TRJPNAE128F425FAFB,SOZVCKM12A8C138484,ARRQWQW1187FB49844,King Tee,Act A Fool,Act A Fool,1988,258.82077,0.495738582877,0.372391990635,hip hop,Hip-Hop; rap; hip hop; West Coast Rap; west coast hip-hop,624,251,66.730802,0,399.0,309.89125000000035,0.38736406250000044,0.13063086945828908,0.7163798502380443,Contigo
TRYVYKU128F426F26F,SOPPUBI12B0B80C00C,AR8W8P31187B9A4063,Lauryn Hill,Interlude 1,MTV Unplugged No. 2.0,2002,116.00934,0.697206464376,0.580125198887,r&b/soul,soul; Neo Soul; lauryn; rnb; hip hop,272,126,35.411862,0,316.0,248.0249999999996,0.31003124999999954,0.19522700630222078,0.7577387306711274,Años Luz
TROFBXV128F9326CD8,SOGZHOM12AB017D9C1,AR3WYZ21187B9B4F3F,Bikini Kill,Demirep,The Singles,1993,166.81751,0.672448115512,0.504782873991,punk,punk; riot grrrl; female vocalists; punk rock; rock,228,98,34.307434,0,281.0,193.29374999999993,0.2416171874999999,0.15607201897163078,0.7551892007848164,Años Luz
TRQHZTH128F425E107,SOEAIDW12A8AE47FE3,ARSY3S31187B9AFA0E,Death In Vegas,Killing Smile,Scorpio Rising / The Contino Sessions,2002,289.17506,0.711877258454,0.489595660702,rock,alternative; electronic; acoustic; female vocalists; Ballad,175,75,30.083218,0,231.0,51.38124999999987,0.06422656249999985,0.04723501335338189,0.7500753692670644,Años Luz
TRCRHFK128F427FD8F,SOLBZDL12CF5F88BE5,AR5FP401187FB523C9,Bob Dylan,Something There Is About You,Planet Waves,1974,283.29751,0.841742616105,0.622134167873,rock,classic rock; country rock; tender; rock; folk,194,97,24.535688,0,195.0,115.14500000000004,0.14393125000000004,0.13096710272801734,0.6928850981814558,Love Song
TREHMUM12903CA8188,SOEUYGW12AB0188531,ARYWN7S1187FB43A41,Bobby Bare,Numbers,American Idols - Bobby Bare,2007,286.79791,0.56374425735,0.387270400888,country,classic country; country; numbers; n; male country,411,177,40.162171,0,337.0,188.05375000000006,0.23506718750000008,0.13245428440844273,0.6696012244660231,Love Song
TRBWQCV128F1460B80,SOUBJZU12AF72A1936,ARKQ9JM1187FB57521,AZ,Rebirth,Aziatic,2002,122.77506,0.640695920704,0.449602655974,hip hop,ill; Real hip-hop; The Truth,397,195,35.902646,0,291.0,249.55874999999986,0.31194843749999984,0.19646811319519408,0.6632498560610962,Love Song
TRFRZZC128F935F71A,SOBIONA12A58A7F14A,ARC27CW1187FB3DD9B,Al Jarreau,Look What You've Done For Me,Tribute To Al Green,0,157.43955,0.622972586738,0.463283146145,r&b/soul,motown; al jarreau; jazz vocalist tag,176,75,27.331301,0,318.0,123.49124999999994,0.15436406249999993,0.125691811461403,0.8039370305056521,Candyman
TRAHBBS128F92CFBDC,SORFEJS12A8C140392,AR4RBOB1187B9AC209,Anastacia,I Can Feel You,I Can Feel You,0,210.20689,0.583808862216,0.323553746888,pop,pop; dance; anastacia; soul; rnb,327,73,70.441465,0,784.0,102.70750000000014,0.12838437500000016,0.04012480477623064,0.7990589058941517,Candyman
TRRDVVU12903CD20F1,SOETIJA12AB018BECA,ARZ79B31187FB4F562,Percy Sledge,Baby Help Me,The Very Best Of,1968,149.99465,0.745844867409,0.501052749368,r&b/soul,funk; laidback; northern soul; rhythm-n-blues; soul,179,73,29.883106,0,334.0,66.01875000000018,0.08252343750000023,0.06125397304760169,0.783533668229435,Candyman
TRZFLTW128F426E881,SODMGYG12A8C1373B9,ARTDUXM1187B9899ED,Charley Patton,Screamin' And Hollerin' The Blues,Complete Recordings_ CD A,1929,190.9024,0.574300068277,0.375593582585,blues,blues; delta blues; acoustic blues; Charley Patton; country blues,200,85,25.159491,0,169.0,61.4912499999999,0.07686406249999987,0.06827627386532878,0.431124123533151,Tell Me Something I Don't Know
TRPJCEM128F424ECC8,SOGSUUL12A8151D3CA,ARUVJDL1187B9A7DE7,Tristan Prettyman,War Out Of Peace,Hello,2008,227.86567,0.738084417716,0.479914441192,folk,singer-songwriter; female vocalist; female vocalists; chillout; Awesome,371,104,56.736232,0,382.0,477.02125000000046,0.5962765625000006,0.23416991939898235,0.4148257068473584,Tell Me Something I Don't Know
TRPSYGD12903CE73F7,SOUYPWY12AC4688B11,ARPTWKQ1187B9B5634,Tommy Johnson,Maggie Campbell Blues,Masters Of The Delta Blues: The Friends Of Charlie,2000,215.01342,0.559257220147,0.344685562191,blues,blues; delta blues; Classic Blues; garage; my music,206,75,29.223278,0,169.0,34.52999999999997,0.043162499999999965,0.032957920657829404,0.41319150699461515,Tell Me Something I Don't Know
TRIGECE128F428B665,SORBDHF12A8C13C450,AR8RDYA1187FB440D9,Nikola Sarcevic,GOODBYE I DIE,LOCK SPORT KROCK,2004,220.96934,0.617662108875,0.37092728059,folk,singer-songwriter; acoustic; swedish; folk; favorites,174,56,40.706265,0,290.0,74.49124999999987,0.09311406249999983,0.05026852543834731,0.7906828352234551,Cry
TRSTJFQ128F428DA21,SOKVESS12A81C20D36,ARG8DXO1187B9AF743,Less Than Jake,I Think I Love You,Goodbye Blue And White,1997,124.682,0.843322339035,0.554564301721,reggae,ska; punk; covers; ska punk; cover,340,106,66.075714,0,549.0,190.23499999999984,0.2377937499999998,0.07937495040132146,0.7899697544626629,Cry
TRDCJUL128F4266121,SOHECLM12CF5F88383,AR7C6G11187B9B4C1E,Jennifer Lopez,Cariño,J.Lo,2001,255.92118,0.816842853789,0.567889145462,latin,latin; pop; jennifer lopez; danceable; female vocalists,172,87,26.381812,0,267.0,32.61749999999997,0.040771874999999964,0.034360026387859205,0.7804321037004857,Cry
TRMZUWA12903C9AF06,SOHSIKC12A58A7D474,AR72OEM1187FB43E2A,Biz Markie,Vapors,Just A Friend - EP,1988,362.29179,0.638593203241,0.418282745711,hip hop,Hip-Hop; old school rap; biz markie; gtasa tracks; work songs,702,279,57.905095,0,307.0,357.80375000000004,0.4472546875,0.17693219282132108,0.6014328460741173,Zora sourit
TRJADED128E078FB2A,SOJHVCP12A6701D0F3,AROEL1B1187B988B90,Lost Boyz,Keep It Real,Legal Drug Money,1995,251.01016,0.569741152282,0.412240600536,hip hop,90s; rap; hip hop; Hip-Hop; underground hip-hop,698,254,66.550733,0,390.0,610.16625,0.7627078125,0.2587249242285413,0.5815973157140765,Zora sourit
TRDUSIG12903CA5FCB,SOIWGDT12AB018A591,ARHDJIG1187B9AF524,Savatage,The Hourglass,Still The Orchestra Plays - Greatest Hits Volume 1 & 2,1997,486.97424,0.639999317102,0.507330127982,metal,Progressive metal; heavy metal; symphonic metal; savatage; metal,889,283,76.138033,0,314.0,463.2562500000001,0.5790703125000001,0.17368183275374832,0.5803006919741087,Zora sourit
TRDJTXD128F9321391,SOAXRML12AB01840BE,ARWQ3W11187FB3F35E,Eleanor McEvoy,Now You Tell Me,Snapshots,0,290.42893,0.552742313523,0.344592816579,folk,folk; female vocalists,282,75,66.113539,0,716.0,145.86625000000035,0.18233281250000044,0.060598019226984705,0.6307167154431136,Dance
TREIEOO128F42B0099,SOJPTRM12A8C14003B,ARXOTQH1187FB57084,Chris Brown,Ain't No Way (You Won't Love Me),Chris Brown,0,203.80689,0.892688611404,0.852186238402,r&b/soul,rnb; Chris Brown; Hip-Hop; young rnb; soul,514,127,84.581322,0,1075.0,368.85249999999985,0.4610656249999998,0.12086128006382489,0.6278045960454877,Dance
TRWUFKA128F426AFCC,SOUYLKM12A8C132510,AROIF7A1187FB4348F,Basia,Not An Angel,London Warsaw New York,1989,265.19465,0.595295824836,0.415274838847,jazz,jazz; Smooth Jazz; heaven and hell; the word not; the word angel,114,67,18.220867,0,191.0,62.375000000000426,0.07796875000000053,0.0948922567860311,0.6257456628292839,Dance
TRVRZZI128F426846B,SOSTFFD12A8C13780C,ART1XOT1187B99A298,Billy Squier,She's A Runner (24-Bit Digitally Remastered 02),Absolute Hits,2005,245.02812,0.612842077257,0.456170748019,rock,rock; 70sbsquier,240,105,36.193922,0,228.0,48.22250000000008,0.0602781250000001,0.03692739632543043,0.6299464589697786,Partout Je Vois
TRDHGVS128F933D658,SOWWRQQ12AB0181B1D,AR4WX0Z1187B99FBB5,Buck-O-Nine,She's Fat,Songs In The Key Of Bree,1994,128.9922,0.619571948882,0.372781562731,reggae,ska,108,62,17.117243,0,116.0,38.5562499999998,0.04819531249999975,0.06246583637409401,0.61156350196003,Partout Je Vois
TRNWICB128F4252DFF,SOGDDLQ12A8C136CEB,ARG21NE1187B9A910E,Kate Walsh,Betty,Tim's House,2007,308.68853,0.673973664385,0.397988438637,folk,female vocalists; folk; singer-songwriter; betty; easy listening,252,101,34.94281,0,244.0,102.20624999999987,0.12775781249999985,0.0814896411106471,0.6059752230739768,Partout Je Vois
TRAHBBS128F92CFBDC,SORFEJS12A8C140392,AR4RBOB1187B9AC209,Anastacia,I Can Feel You,I Can Feel You,0,210.20689,0.583808862216,0.323553746888,pop,pop; dance; anastacia; soul; rnb,327,73,70.441465,0,784.0,102.70750000000014,0.12838437500000016,0.04012480477623064,0.7997883637838292,Anytime
TRWLKBS12903CC57D7,SOPCWSS12AF72A2A0F,AREFJQ111C8A422105,Good Old War,Tell Me (Acoustic),Good Old War: The PureVolume.com Sessions,0,165.01506,0.63032052007,0.554680550116,folk,guitar; acoustic; indie; great vocals; harmony,211,112,29.257478,0,329.0,155.05750000000023,0.19382187500000028,0.14790014528439405,0.7936132354518942,Anytime
TRJJTPI128F4276759,SOIAGOO12A8AE472E3,AR0H39F1187B9BA26D,Hawthorne Heights,Rescue Me,Fragile Future,2008,187.66322,0.807168388956,0.502400537516,punk,emo; punk; screamo; Love; alternative,422,120,62.681736,0,660.0,176.49375000000023,0.22061718750000028,0.07805963439084845,0.7905195291886696,Anytime
TRNYAHK128F14691CC,SOCMSOO12A6D4F9460,AR56P361187B9AC4DB,Gary Moore,Looking For Somebody,Blues For Greeny,1995,433.47546,0.761362238446,0.467110648585,blues,blues; rock; guitar; cover; blues rock,96,33,17.549929,0,118.0,57.737500000000125,0.07217187500000016,0.09096966504308314,0.8576875936815694,Simplest Love
TRGFXCY128F42A6AD7,SOONWSO12A8C13EB72,ARDSMT71187FB52D10,Avant,Hooked,Private Room,2003,239.12444,0.850584461589,0.573337429721,r&b/soul,rnb; r and b; slow jams; slowjamz; avant,732,161,111.870461,0,1360.0,283.7387499999988,0.35467343749999847,0.07016271682824977,0.6600506420946008,Simplest Love
TRFSOAL128F931B19F,SORWBPX12A58A7C19E,AR7BMMV1187FB5B2D7,Robben Ford,The Way You Treated Me (You're Gonna Be Sorry),Blue Moon,2002,404.55791,0.604820431918,0.383877493634,blues,blues; guitar; chillout; blues rock; blues guitarist,228,71,44.687806,0,419.0,206.62375000000017,0.2582796875000002,0.12748723214836674,0.6474691011491025,Simplest Love
TREUZWP128F421CBB7,SOIVCQA12A6D4FEC22,AR7C9271187FB39BF8,Chely Wright,Between A Mother And A Child,The Metropolitan Hotel,2005,249.33832,0.720052703388,0.449806256495,country,country; female vocalists; chely wright; Country woman; powerful ladies,290,108,41.856899,0,451.0,166.4099999999995,0.20801249999999938,0.1105635836055999,0.7856828030656146,Midnight Bottle
TRKDJQL128F428AFC8,SODYHQD12A8C136E16,AR8OA1A1187B989025,From Zero,Jeer,One Nation Under,2001,250.48771,0.601553268539,0.34730622436,metal,metalcore,283,119,42.37924,0,481.0,212.35500000000044,0.26544375000000053,0.13917285446217137,0.7856108254515238,Midnight Bottle
TRZBPGN128F92EDF7E,SOCWRGP12AF72A124D,ARWA2J51187FB36F21,HELLYEAH,Nausea,HELLYEAH,2007,299.7024,0.749765218206,0.474081186948,metal,Southern metal; groove metal; metal; Nu Metal; heavy metal,390,116,58.429445,0,632.0,300.0925000000011,0.3751156250000014,0.14260496452259444,0.7770959936590179,Midnight Bottle
TRKTPMH128F42893A6,SOQOFDK12A8C13783E,ARSZWK21187B9B26D7,The Brand New Heavies,Worlds Keep Spinning,Excursions: Remixes & Rare Grooves,0,139.78077,0.702706016925,0.451271813711,jazz,acid jazz; funky; soul; 1994; Jazz  Funk,189,93,23.30236,0,166.0,298.96374999999966,0.3737046874999996,0.35977775441021986,0.5576023838533151,Let Me Be
TRXWSOU128F42662B0,SOHYFRP12AF72A5859,ARS6YPA1187FB4D0DB,Above The Law,Flow On (Move Me No Mountain),Livin' Like Hustlers,1990,240.56118,0.60066026208,0.410275303548,hip hop,Mega booty bass; hip hop; West Coast Rap; 90s rap; kick ass hip2 the hop,646,247,58.463664,0,415.0,939.9300000000002,1.1749125000000002,0.45902537305908536,0.5572313215182539,Let Me Be
TRFUNRS128F9346BF4,SOTHROA12AB0188152,AR51X3T1187B99417E,Tony Sly,On the Outside,Acoustic,2004,185.93914,0.588373149788,0.43090681398,folk,acoustic; Acoustic Rock; favo nu; Tony Sly; ARTISTE BIO,252,115,34.234486,0,219.0,515.6075000000004,0.6445093750000005,0.4211866709030756,0.5445613755257275,Let Me Be
TRPZBCB128E07958F3,SOMGSLW12A67ADC63D,ARPMC3D1187FB3DEDA,Mano Solo,Julie,La Marmaille Nue,1993,211.77424,0.5781572069,0.448523248234,blues,french; chanson; chanson francaise; blues; lounge,254,107,31.859065,0,192.0,99.2062499999999,0.12400781249999987,0.08719449829233236,0.7214350128413711,Big Sky
TRVRZZI128F426846B,SOSTFFD12A8C13780C,ART1XOT1187B99A298,Billy Squier,She's A Runner (24-Bit Digitally Remastered 02),Absolute Hits,2005,245.02812,0.612842077257,0.456170748019,rock,rock; 70sbsquier,240,105,36.193922,0,228.0,48.22250000000008,0.0602781250000001,0.03692739632543043,0.668353889537467,Big Sky
TRMFKTA128F92FE268,SODQSYC12AB017D23C,ARXM0T41187B9AE5C5,The Bluetones,Carnt Be Trusted,Expecting To Fly,1996,208.37832,0.624284642173,0.456079756622,pop,britpop; indie; 1990s; 90s; indie rock,178,100,23.30236,0,157.0,115.2712499999997,0.14408906249999962,0.13799283408945134,0.6660292814029293,Big Sky
TRDHLOW128F429BA29,SOUSJIP12A8C1416D3,AR0XM8X1187B9A84B6,Scars Of Life,Descending,Another Tomorrow,2004,207.04608,0.605383704112,0.376926052347,rock,hard rock; metal; rock; great; sad,200,79,32.434549,0,310.0,94.52999999999977,0.11816249999999971,0.08089718862163428,0.7662471955997217,Thinking About You
TRRZSBO128F428BE44,SOGEKBX12A8C13ACE1,ARPDVPJ1187B9ADBE9,Usher,Nice & Slow,Live,1997,390.76526,0.856448923652,0.851233891127,r&b/soul,rnb; slow jams; 90s; hip hop; sexy,469,139,69.382995,0,791.0,284.30250000000046,0.3553781250000006,0.11409431314383146,0.7524504646792934,Thinking About You
TRYYRLU12903D082FF,SOKNZNC12AC4689423,ARBHBE91187B9A1F58,Jonny Lang,Breakin Me,Live at the Ryman,2009,474.64444,0.698969925264,0.486783024923,blues,blues; jonny lang; singer-songwriter; rock; guitar,229,111,32.526912,0,339.0,103.3324999999998,0.12916562499999976,0.08863786303046929,0.7498296049246528,Thinking About You
TRUGOGT128F92F29E9,SONPGGS12AB0183AD2,AR0WLH6119B8669027,Owl City,Captains and Cruise Ships,Of June,2007,208.63955,0.795789940195,0.761352572658,electronic,electronic; indie; catchy; happy; Mellow,272,145,30.91925,0,187.0,183.38750000000022,0.22923437500000027,0.16614723209093715,0.5948523135502293,A Groovy Kind Of Love (Live)
TRFBWEC128F42B8346,SOFDFBL12CF5F89018,AR5FP401187FB523C9,Bob Dylan,When The Deal Goes Down,Modern Times,2006,304.19546,0.841742616105,0.622134167873,folk,folk; rock; singer-songwriter; folk rock; folk-rock,258,133,30.446675,0,141.0,415.4587500000001,0.5193234375000002,0.3811671421730993,0.5883140402795427,A Groovy Kind Of Love (Live)
TRHEYRV12903CDF9F2,SOVWBKH12AC3DFB703,ARGEJ8B1187B9AE2E7,Manic Street Preachers,Last Exit On Yesterday,New Art Riot EP,1990,161.35791,0.717247400048,0.571001823788,punk,punk; indie; britpop; favorites; loved,154,93,18.814888,0,108.0,68.70499999999973,0.08588124999999966,0.10210905090215802,0.5815770186450497,A Groovy Kind Of Love (Live)
TROPHLE128F14546AE,SOFAXTF12A6D4F7600,ARLR9U31187B9A71AD,The Stooges,No Fun (Remasterd LP Version),The Stooges [Deluxe Edition],0,318.37995,0.732603394424,0.497050958692,punk,tantotempotaste; punk; 70s; rock n roll; hea,136,54,27.055499,0,65.0,10.705000000000027,0.013381250000000034,0.010903465833402041,0.8699962032182403,That's Why You're Beautiful
TRVPQXR128F9333711,SOKZHWY12AB017E7A5,ARKZPHN1187B9B76CF,Yerba Buena,No No No,Island Life,2005,263.47057,0.600155042562,0.369612437467,latin,latin; cuba; emusic,271,99,63.237647,0,177.0,293.37124999999935,0.36671406249999916,0.12718137805378055,0.5712988047253571,That's Why You're Beautiful
TRQPNOU128F429488E,SOVWVPM12A8C13BDC6,AR0JIRC1187FB3CAE8,Mecano,La Estación,En Concierto,0,222.27546,0.65219925792,0.439071691933,latin,mecano; latin; pop; electronic; World Music,94,38,28.0,0,60.0,-16.064999999999994,-0.02008124999999999,-0.01565976296340264,0.5381112296108773,That's Why You're Beautiful
TRMAHWL128F93376C5,SOEQDKP12A67021808,ARQZZ8L1187B98E2F6,Joe Jackson,Tilt,Colour Collection,1980,165.40689,0.637855930057,0.4275874262,rock,80s; classic rock; pop; alt pop; RockPop,178,103,22.715633,0,166.0,137.09000000000026,0.17136250000000033,0.1689053648060266,0.616017017697294,Step By Step
TRXTAPD128F145A606,SOFJSZH12A6D4F5ED3,ARNH6Q11187FB40FDD,Jeru The Damaja,Physical Stamina,Wrath Of The Math,1996,185.10322,0.664574886059,0.429944149975,hip hop,Hip-Hop; hip hop; rap; da real old skool Hip Hop; STRICTLY FOR THE UNDERGOUND,417,199,40.533936,0,290.0,377.41625000000056,0.4717703125000007,0.26253102820488994,0.613474418068414,Step By Step
TRFFJLM128F148BCEF,SOELHJS12A6D4F8EDE,ARXBWB01187B98F417,Momus,Closer To You,Slender Sherbet,1987,445.70077,0.567682022369,0.376768822539,electronic,Pervy; sexual; electronic; indie pop; slow jam,799,276,86.919503,0,807.0,525.1787499999995,0.6564734374999993,0.16966177888918008,0.6087787538381485,Step By Step
TRWDWOL128F422258E,SOWFCAW12A6D4F8679,ARJC4N31187B9B2A21,The Innocence Mission,Stay Awake,Now The Day Is Over,2004,203.51955,0.640120548161,0.421093064147,folk,folk; lullabies; dreamy indie folk; Mellow; lullaby,59,34,11.532563,0,54.0,22.896249999999934,0.02862031249999992,0.054556926591190005,0.5965807904411075,Piece Of Me (Main Version)
TRUQMMA128F428A871,SOEIOPE12A8C13B891,ARPKK761187FB4D53C,The Ataris,Life Makes No Sense,Blue Skies_ Broken Hearts...Next 12 Exits,1999,102.81751,0.827853769867,0.517328583566,punk,The Ataris; punk; ska; emo; ska punk,196,105,25.573424,0,170.0,136.89250000000007,0.17111562500000008,0.14996513899281932,0.5933147458382473,Piece Of Me (Main Version)
TRNFUAB128E0792001,SOZDIOV12A6701D7E9,AR76ZQP1187FB56A79,The Temptations,Ain't Too Proud To Beg,Lost & Found:The Temptations: You've Got To Earn It (1962-1968),1966,150.54322,0.709227648439,0.633353702739,r&b/soul,soul; motown; oldies; 60s; rhythm and blues,345,85,62.585941,0,508.0,36.08625,0.0451078125,0.015877526464086886,0.5879320013634027,Piece Of Me (Main Version)
TRRVJJF128F9309F02,SOECMGI12CF530E4F3,ARAZCWP129462A97F1,Bob Marley,Riding High,Trench Town Rock,2005,165.56363,0.845880195263,0.580973894601,reggae,reggae; roots reggae; Bob Marley; jamaican; bob,273,80,49.061186,0,288.0,146.9537499999997,0.18369218749999963,0.08262440199948759,0.6470601251896345,Can't Make You Love Me
TRALDGD128F932DC4B,SOVWXLN12A8C130261,AR8KM711187B98CD0D,Belleruche,Northern Girls,Shapes 07:02,2006,361.42975,0.656679523919,0.431448862226,jazz,trip-hop; nu jazz; female vocalists; soul; electronic,393,107,73.184698,0,650.0,252.78500000000037,0.31598125000000044,0.09528234448025243,0.5962832358867293,Can't Make You Love Me
TREXPAZ128F4213420,SORPNEX12A6D4FBDE8,ARTXGGI1187B9B3D58,Blackalicious,As the World Turns,Nia,1999,341.57669,0.697113662713,0.518784102366,hip hop,Hip-Hop; top rated tracks; yagada; dffdg; hip hop 90s,500,182,64.676116,0,227.0,313.2087500000001,0.39151093750000016,0.13490296654546557,0.5894258965780607,Can't Make You Love Me
TRYQAJC128F145A2CF,SOEPDZY12A6D4F72DD,ARDA9NZ1187FB3A825,Röyksopp,Remind Me (Live),Röyksopp's Night Out (Live EP),0,227.49995,0.793644920798,0.545834724662,electronic,electronic; electronica; royksopp; dance; electronica chillout,405,96,107.242715,0,464.0,123.33875000000015,0.15417343750000018,0.03139070630591083,0.6551640808736651,Girl In The Mirror
TRTBOZA12903CA51BF,SOEORPX12A6D4F9009,ARSC6WR1187FB40B18,Peggy Lee,The Folks Who Live On the Hill,Best of 40's and 50's_ Vol. 48,1992,218.95791,0.77081365167,0.460804725839,jazz,safmacsweeney; female vocalists in radio TV and film; fhNotBad; fH Projex; lawism,136,66,18.734994,0,21.0,239.08375000000004,0.29885468750000005,0.35298234174270565,0.5504595562263157,Girl In The Mirror
TRAVDBM128EF35E257,SOMEUSH12D021B3E10,ARIJE1A1187B9A458D,Ella Fitzgerald,Manhattan,Forever Ella,1956,169.79546,0.799504075438,0.541654000136,jazz,jazz; female vocalists; ella fitzgerald; jazz vocal; relaxing,518,170,60.398675,0,205.0,1091.2249999999995,1.3640312499999994,0.5039201449760808,0.5379205731298357,Girl In The Mirror
TRJPNAE128F425FAFB,SOZVCKM12A8C138484,ARRQWQW1187FB49844,King Tee,Act A Fool,Act A Fool,1988,258.82077,0.495738582877,0.372391990635,hip hop,Hip-Hop; rap; hip hop; West Coast Rap; west coast hip-hop,624,251,66.730802,0,399.0,309.89125000000035,0.38736406250000044,0.13063086945828908,0.7195608052985792,Radar
TRDPGXU128F9339C2A,SOELYON12AB01876A3,ARLHO5Z1187FB4C861,Beastie Boys,B-Boy Bouillabaisse: A.W.O.L. (2009 Digital Remaster),Paul's Boutique (20th Anniversary Remastered Edition),0,105.56036,0.853124523276,0.591628024008,hip hop,hip hop; leapsandbounds CDCollection,1746,505,153.652205,0,1067.0,751.1762500000004,0.9389703125000005,0.1386179883576813,0.7169562050383893,Radar
TRIVUXU128F145A60B,SOHAGIL12A6D4F5ED8,ARNH6Q11187FB40FDD,Jeru The Damaja,Me Or The Papes,Wrath Of The Math,1996,265.58649,0.664574886059,0.429944149975,hip hop,hip hop; Hip-Hop; rap; Jeru The Damaja; underground hip hop,718,233,77.498387,0,511.0,513.5350000000009,0.6419187500000011,0.1861005201697042,0.7154059589234015,Radar
TRIGERV128F1478764,SOCTCEF12A6D4F729F,ARRRWAI1187FB4070F,Con Funk Shun,Electric Lady,Definitive Collection,1985,234.78812,0.576539832864,0.38937334741,r&b/soul,funk; oldskool; 80dance; durock music,371,172,46.978719,0,307.0,188.4712499999999,0.2355890624999999,0.11212744332545327,0.6395569283585316,When Your Eyes Say It
TRWVXWR128F92CF848,SOBMPUY12A8C14357E,ARWVVVP1187FB52F31,Mark Wills,She's In Love,The Definitive Collection,1998,283.84608,0.679789023574,0.483035298046,country,country; mark wills; beautiful; Favourite Songs; hand-picked country,330,102,59.329588,0,347.0,169.18000000000004,0.21147500000000005,0.07884592908145438,0.6381059123809631,When Your Eyes Say It
TRBYQEL128F427E807,SOEFSBB12A8C1370CB,ARL99WU1187B98FB1F,Skip James,Cherry Ball Blues,Skip James Live Vol. 2  Bloomington 1968 Part 1,1964,247.2224,0.623698243161,0.421795209615,blues,blues; delta blues; guitar; cool; Guitar Gods,214,71,30.967725,0,283.0,25.018749999999912,0.03127343749999989,0.02236957460266986,0.6344472046228936,When Your Eyes Say It
TRQWVVC12903CC4ECF,SOCABCX12AB0185421,AREWAAS1187B98C490,Robert Johnson,From Four Until Late,Contracted To The Devil,0,142.49751,0.693352616951,0.452024988052,blues,blues; delta blues; Guitar Gods; acoustic blues; Robert Johnson,112,74,12.922848,0,46.0,41.391250000000056,0.05173906250000007,0.08943387008949218,0.8515155055821524,Precious (Live In Milan)
TRSICCL12903CD3038,SOXZXIP12A8C144C42,ARRPMC11187B9ABCDE,Timo Räisänen,Pussycat,Pussycat,2005,265.03791,0.599390410966,0.437773520255,pop,pop; indie rock; indie; swedish; alternative,209,83,34.525353,0,243.0,72.05749999999999,0.09007187499999998,0.05781241760258348,0.6222676595764107,Precious (Live In Milan)
TRYXKSE128F429F780,SORDNUD12A8C13C188,ARZJ4MI1187B9AF5AF,Reel Big Fish,Beer,Everything Sucks,1994,220.76036,0.784143964796,0.553168863584,reggae,ska; ska punk; beer; punk; rock,291,94,41.988094,0,333.0,174.64624999999967,0.2183078124999996,0.11563545187033486,0.6184401752652792,Precious (Live In Milan)
TRJVRGE128F149E808,SOVRGKD12A6D4F738D,ARISHTQ1187FB3E6F0,Ben E. King,Supernatural Thing Part 1,The Ultimate Collection,0,248.60689,0.688638653571,0.478780074307,r&b/soul,soul and rnb classics,194,66,37.282704,0,500.0,130.0025000000001,0.16250312500000014,0.09626459310862145,0.7481019054098241,Insectica
TRCYLAX128F42B0D01,SOJSKDS12A8C13E1A4,AR7BGWD1187FB59CCB,Aretha Franklin,A Deeper Love,Dance Vault Mixes - (Pride) A Deeper Love,1993,275.80036,0.70279771426,0.569861220982,r&b/soul,soul; female vocalist; dance; rnb; Aretha Franklin,517,84,61.587336,0,625.0,164.031250000001,0.20503906250000126,0.07334512713803723,0.7379409071774603,Insectica
TRKQESA128F4275C67,SOUNRLC12A8C138114,ARRY64L1187FB57E38,Steve Wariner,Love Me Like You Love Me,Burnin' The Roadhouse Down,1998,246.9873,0.542305957572,0.472602815329,country,country; damn; YEAH i do; the ones that hit my heart,224,104,38.781439,0,555.0,219.80500000000004,0.27475625000000004,0.15686024831069914,0.6870842572154287,Insectica
TRYRKQX128F42437BE,SOEOPAA12A6D4FB4E2,AR06M3F1187FB38BED,Mississippi Fred McDowell,Write Me A Few Lines,You Got To Move,1964,217.70404,0.603268921561,0.385305378334,blues,blues; delta blues; slide guitar; Slide; dirty old blues,149,70,20.396078,0,106.0,15.06750000000004,0.01883437500000005,0.020492733673707658,0.6284792501050726,Cambridge (Album Version)
TRBPYCN128F93311EA,SOASRRP12AB0180FDE,AREWAAS1187B98C490,Robert Johnson,Cross Road Blues,King Of The Delta Blues,0,157.80526,0.693352616951,0.452024988052,blues,blues; delta blues; 30s; Classic Blues; acoustic blues,152,66,20.736441,0,98.0,6.012500000000003,0.007515625000000003,0.008026978591884615,0.592932368011941,Cambridge (Album Version)
TRHTANU12903CF09E2,SOAJPIP12AC4688248,ARWP0MB1187B98F82B,Big Bill Broonzy,Saturday Evening Blues,Blues In My Shoes,2000,192.73098,0.627717985983,0.434121463469,blues,blues; big bill broonzy; like a fire,184,78,25.436195,0,82.0,66.43624999999996,0.08304531249999995,0.07282532875330659,0.5774094653333017,Cambridge (Album Version)
TRWKGRG128F934188C,SOXNOMR12AB0189A32,ARV4GYZ1187B9B8171,Violent Femmes,Outside The Palace,3,1989,158.17098,0.699072894926,0.522720094203,rock,alternative rock; rock; acoustic; hard rock; alternative,147,82,18.681542,0,94.0,63.72125000000002,0.07965156250000002,0.09471513386398024,0.6544403771088125,Disappear
TRNTOYG128F934D0BF,SONQHBA12AB0185289,ARZQSNO1187FB5BBAB,Elizabeth Cotten,Willie,Elizabeth Cotten_ Volume 3: When I'm Gone,0,308.00934,0.560215647714,0.364258870671,blues,blues; Pioneer,145,60,23.021729,0,85.0,56.815000000000076,0.07101875000000009,0.06853190167527833,0.6271739253662331,Disappear
TRCMUBD128EF357158,SOYAMSA12A6D4F4A8C,AR0OPP01187FB3C863,Sonya Kitchell,Train,Words Came Back To Me,2006,255.9473,0.584166427426,0.350866287111,folk,singer-songwriter; female vocalists; Sonya Kitchell; female vocalist; jazz,243,141,28.635642,0,103.0,141.00250000000023,0.1762531250000003,0.1374126312079395,0.626017062077061,Disappear
TRDQNSS128F4240C31,SOOBIDA12A8AE474EA,ARWXRV91187B9AF9B9,Millencolin,Random I Am (Album Version),For Monkeys,1997,160.1824,0.7597877909,0.509833208839,punk,punk; emo; political; katie loves this,343,106,66.302338,0,404.0,179.54249999999954,0.22442812499999942,0.07455861065462942,0.7656749832856498,Fell in Love Without You (Cd)
TRKPOZC128F42622F6,SOOPWXV12A8C138BB5,ARWONA71187B98DF90,HorrorPops,Trapped,Bring It On!,2005,199.57506,0.702473336994,0.460574382336,punk,psychobilly; horror punk; female vocalists; chick singers; rock-a-billy,173,76,25.922963,0,203.0,27.980000000000153,0.03497500000000019,0.029933686750978346,0.7589845788506195,Fell in Love Without You (Cd)
TRRTNCJ128E0789AB0,SOXCQAD12A6701C19C,ARTYSP51187FB58D11,The Magic Numbers,Long Legs,The Magic Numbers,2005,202.44853,0.725559333231,0.542823500077,rock,indie; alternative; rock; indie pop; indie rock,232,50,47.265209,0,295.0,97.0249999999996,0.1212812499999995,0.05659257788074013,0.7568560983157437,Fell in Love Without You (Cd)
TRQJDTT128F425A85F,SORRHHY12A8AE472C5,AR6BJ1V1187B9AE3B7,Fleetwood Mac,I Need Your Love,Blues Jam In Chicago - Volume 2,1969,135.00036,0.747903749594,0.575960611719,blues,blues; classic rock; 60s; hard rock; blues rock,192,83,29.342802,0,313.0,88.54625,0.1106828125,0.0837720849875774,0.9736862442937841,Point Of Extinction (Cd)
TRTXUMP128F42833E0,SOGEPEU12A58A7E5B1,ARG4J2T1187FB3A8B8,Lori McKenna,Swallows Me Whole,Paper Wings & Halo,2002,253.20444,0.673947573217,0.42960930152,folk,female vocalists; folk; americana; singer-songwriter,291,93,49.487372,0,434.0,152.8662500000001,0.19108281250000012,0.08552198839683027,0.7242985409216683,Point Of Extinction (Cd)
TRJIONO128F1452C88,SOWWCKO12A58A7CB51,ARWILYB1187FB37DFE,Bananarama,Lovebite,Drama,2005,210.93832,0.690663467401,0.435553160074,pop,pop; dance; female vocalists; camp,197,92,27.110883,0,279.0,142.07374999999993,0.17759218749999992,0.14609592946751504,0.718720951882029,Point Of Extinction (Cd)
TRKSXRS128F14AA089,SOPUEXQ12A6D4F9E98,ARBM4TC1187FB5CE98,Natalie Cole,I'm Catching Hell (Living Here Alone) (Digitally Remastered 02),Natalie Cole Anthology,0,376.05832,0.690446937791,0.507781667405,jazz,jazz; soul; blues; hhh; Avond,519,178,61.611687,0,578.0,257.32500000000005,0.32165625000000003,0.11774921600102185,0.7015992502240118,Stand Too Close
TREAUAV128EF33FE50,SOGTUPY12A67ADBD9D,ARDIHUE1187FB5783D,Electrelane,Cut And Run,No Shouts_ No Calls,2007,207.90812,0.669548918068,0.457274839916,punk,Alternative  Punk; bounce and be happy; my heart is a jerk; all my failed romantic interests wrapped up in a beautiful little bow called this song; sigh,364,85,80.572948,0,519.0,367.2025000000015,0.4590031250000019,0.1253482451391795,0.7014647986036819,Stand Too Close
TRWSJBG128F146CAFC,SOPQFTR12A6D4F74B5,ARUIIA21187B9B1019,Elastica,Stutter,Elastica,1992,143.15057,0.633030057226,0.445498483624,pop,britpop; 90s; rock; female vocalists; indie,278,90,43.600459,0,316.0,212.06375000000034,0.26507968750000044,0.13486107807924266,0.6719732376236899,Stand Too Close
TRMQQMJ128F1495DFD,SOZLRAM12A6D4F9100,ARZQ7QA1187B9AD08B,Prince,Soft And Wet (LP Version),The Hits/The B-Sides 3,0,183.19628,0.831928854693,0.594627866944,r&b/soul,rnb; Basically Bass,228,89,32.32646,0,396.0,106.34875000000011,0.13293593750000013,0.09143496875083852,0.633110233762094,Worker Bee
TRFFJLM128F148BCEF,SOELHJS12A6D4F8EDE,ARXBWB01187B98F417,Momus,Closer To You,Slender Sherbet,1987,445.70077,0.567682022369,0.376768822539,electronic,Pervy; sexual; electronic; indie pop; slow jam,799,276,86.919503,0,807.0,525.1787499999995,0.6564734374999993,0.16966177888918008,0.6300983987281368,Worker Bee
TRUQJXC128F148642F,SOLWPZM12A6D4F8FA0,ARQ1QGC1187FB4D088,The Adicts,Lullaby,Sound of Music,1982,149.7073,0.723171832289,0.515688981481,punk,punk; punk rock; british; cheerful; brit punk,286,90,45.716518,0,447.0,155.77249999999975,0.1947156249999997,0.0942664835841868,0.6234000410302316,Worker Bee
TRJVTCE128F93225DF,SOJVSRO12AB01823A3,ARLHSLA1187FB3D5BD,Kelly Joe Phelps,Hard Time Killin' Floor Blues,Lead Me On (15 Year Anniversary Edition),1994,326.84363,0.535620224629,0.352532639582,blues,blues,189,77,27.349589,0,161.0,92.8925000000003,0.11611562500000037,0.09478938915744411,0.6843149665403541,Mind Over Time
TRNHSZN128F930FF03,SOQOIDA12AF72A1430,ARMV0L61187B9B4964,Clawfinger,Revenge,A Whole Lot Of Nothing,2001,242.75546,0.661176989938,0.46190246429,metal,metal; rap; industrial; crossover; industrial metal,522,171,87.441409,0,799.0,300.7424999999995,0.3759281249999994,0.0951429419717602,0.6288937726965236,Mind Over Time
TRQKPHI12903CE4D44,SOOZXDT12AB01850A5,ARZWU1E1187B99B0B6,Rebelution,Bump,Bright Side of Life,2009,322.97751,0.727863199273,0.515129681019,reggae,reggae,382,151,48.703183,0,434.0,265.76250000000005,0.33220312500000004,0.15229204159979703,0.611564407511798,Mind Over Time
TRFCNIJ128F423F32E,SOTBYQW12A6D4FE74B,ARBJ22B1187B9AD31C,Norah Jones,Don't Know Why (Live),Live In 2007,0,196.30975,0.84051102527,0.644012990425,jazz,Jazz Vocal Tag; Jazz-KH,165,66,33.763886,0,155.0,25.507500000000082,0.031884375000000104,0.020787712962242175,0.7720137625516087,I Fought The Law
TRKLJAG128F42B31CF,SOTGRDJ12A8C13FE2A,ARB8DSE1187FB3CFC4,Mario Vazquez,Everytime I...,Mario Vazquez,2006,241.71057,0.723005147335,0.395148687525,r&b/soul,mario vazquez; Everytime I; soul; rnb; r&b,511,114,125.658267,0,731.0,212.68750000000057,0.26585937500000073,0.046399764746819804,0.766119307840598,I Fought The Law
TRLLIJZ128E0782FC2,SOTTGHP12AF72AD04C,ARR76SY1187B9AD510,Kings Of Convenience,Singing Softly To Me,Quiet Is The New Loud,2000,189.17832,0.822860513449,0.55453885859,folk,acoustic; indie; alternative; Mellow; folk,205,74,38.444766,0,292.0,37.89249999999993,0.04736562499999991,0.027152154053267964,0.7651975320257888,I Fought The Law
TRHCJXE12903D02DAD,SOQJRXH12AB0189D40,ARIWKUS1187FB55354,Coheed and Cambria,This Shattered Symphony (Album Version),Year Of The Black Rainbow,2010,265.76934,0.878313129146,0.603430162021,rock,Progressive rock; alternative; 010s,282,97,40.987803,0,367.0,208.77250000000006,0.2609656250000001,0.1415222102418981,0.6748776778696608,The Magnificent Seven
TRXDCIY128F93112FB,SOBMELO12A8C14302E,ARTYXEZ1187FB54560,The Airborne Toxic Event,The Girls In Their Summer Dresses,The Airborne Toxic Event,2009,200.6722,0.750183182444,0.554309538217,rock,indie; catchy; possibles; full track; jo szam,280,123,39.446166,0,311.0,164.7174999999999,0.20589687499999987,0.1161338634810414,0.6405011433266782,The Magnificent Seven
TRURSTR12903CD0F40,SOSOAZJ12AB01872A2,ARMIBXP1187FB5B95C,KeKe Wyatt,Never Do It Again,Who Knew?,0,266.70975,0.619327421921,0.385868513058,r&b/soul,soul,525,140,82.243541,0,580.0,229.7974999999999,0.2872468749999999,0.07749689664349757,0.6399727646040672,The Magnificent Seven
TRFZIBC128F4236D35,SOGBZGM12A3F1E9B2F,ARJC4N31187B9B2A21,Innocence Mission,Migration,Small Planes,2001,254.58893,0.303183474269,0.421093064147,folk,folk; indie; vocal; see on armastus,107,53,19.646883,0,78.0,101.1549999999999,0.12644374999999988,0.14163437627623537,0.46588769294749943,Believe
TRYKHML128F93382E9,SOEEIPH12AB018314C,AR08IOK1187FB5B78E,A.A. Bondy,I Can See The Pines Are Dancing,When The Devil's Loose,2009,222.35383,0.550798581329,0.439180003774,folk,folk; you need to hear this; best of 2009; beautiful; i n d i e,154,55,28.017851,0,98.0,110.77624999999983,0.1384703124999998,0.10858507371828179,0.4492031160738379,Believe
TRCICCA128F4234B4E,SOKYPQH12D021919BA,ARVNNXD1187B9AE50D,Marvin Gaye,God Is My Friend,I Heard It Through The Grapevine,1991,120.18893,0.813200719823,0.568625281583,r&b/soul,soul; motown; live performance; political; rhythm and blues,182,59,30.182777,0,173.0,250.60125000000005,0.3132515625000001,0.23044734041965453,0.42961889851853,Believe
TRWFSBX128F93147D8,SOEMCUL12AB0185B91,ARVKOZA1187FB52AEA,Dwele,Kick Out Of You,Subject,2003,247.30077,0.706041062463,0.440179593365,r&b/soul,Neo-Soul; soul; chillout; rnb; jazz,113,60,18.574176,0,198.0,93.55624999999988,0.11694531249999984,0.13926377061329306,0.7120803712049504,Empty Apartment
TRGTQRM128F9330911,SOBDZQV12AB017FCA6,ARYDYH11187B9B3818,Day Of Fire,Love,Cut And Move,2006,169.45587,0.656177672133,0.479438121363,rock,christian rock; rock; metal; post-grunge; male vocals,359,126,52.962251,0,555.0,301.5262500000007,0.3769078125000009,0.15826377831833388,0.7089514518887854,Empty Apartment
TRDDDBI128F4266C96,SOJHJCN12A8C131668,ARMM6WZ1187FB4958D,Willie Nelson,There You Are,A Horse Called Music,1989,184.47628,0.735267754525,0.629128001261,country,country; latin; there you are; texmex; Laredo,168,76,25.573424,0,241.0,121.1450000000002,0.15143125000000024,0.13192133982783444,0.7047013143813645,Empty Apartment
TRWABOS128F9344360,SOJIFLV12AB0187200,AROKI271187FB381B1,Lagwagon,Whipping Boy,Trashed,1994,142.96771,0.728783091052,0.527230236013,punk,punk rock; punk; pop punk; Great bands; melodic hardcore,218,115,28.372522,0,244.0,140.7662500000002,0.17595781250000025,0.13856464583294345,0.6430479802977208,But Tonight We Dance
TRRSTOQ128F933558C,SOHLSUD12A58A7802E,AR4GAFY1187B9B639D,B.B. King,Never Trust A Woman,Icons: B. B. King,1990,156.29016,0.708735400038,0.542289933434,blues,blues; bitter; Awesome Guitar Jams; jazz-blues,248,76,43.943145,0,215.0,72.1512500000003,0.09018906250000037,0.04530628847347527,0.6124386521430025,But Tonight We Dance
TRPDVBK128F92FFEA1,SOBTIYZ12AB0181A16,ARDA9NZ1187FB3A825,Royksopp,You Don't Have A Clue,Junior,2009,275.48689,0.793644920798,0.545834724662,electronic,electronic; chillout; Dreamy; beautiful; female vocalists,197,84,33.060551,0,331.0,266.12874999999946,0.3326609374999993,0.22274094897011545,0.603838961335332,But Tonight We Dance
TRRMFJW128EF34FE5E,SOOKVDG12A6D2281E1,ARJB1XH1187FB3D6E2,Judge Dread,The Winkle Man,Big Six,1976,176.5873,0.586537108632,0.362627181231,reggae,skinhead reggae; ska; reggae; aaa; XAp,289,141,29.223278,0,191.0,138.97000000000003,0.17371250000000005,0.13396997755295184,0.6260544327979851,Faint Resemblance
TRRFJDD128F42771F5,SONVSXW12A8C134EBC,ARI3A6P1187FB3B6E7,Roddy Frame,Sister Shadow,The North Star,1998,217.70404,0.533999298262,0.376997248096,pop,pop,215,102,26.814175,0,153.0,188.07375000000053,0.23509218750000066,0.19564939935348477,0.6186421596524646,Faint Resemblance
TRADBOM128F4279782,SOWZAOY12CF530E5ED,ARTQ8QP1187FB3D220,Leonard Cohen,Ballad Of The Absent Mare,Death of a ladies man / Recent songs / The future,1979,383.00689,0.79522967914,0.564623405405,folk,folk; Canadian; singer-songwriter; leonard cohen; acoustic,451,189,50.059964,0,98.0,237.45499999999953,0.2968187499999994,0.13250286704388947,0.6164009965218143,Faint Resemblance
TRVXFWM12903CAC358,SOKQSVW12AB0189A5A,ARQSWVX1187FB4F181,Sham 69,Ulster,The Very Best Of The Hersham Boys,1977,202.94485,0.646604996613,0.399719728477,punk,punk; Oi; Skinhead; UK Punk; garten punk,85,56,15.264338,0,115.0,38.22625000000007,0.04778281250000009,0.06903872798674407,0.8121389077820095,Survive
TRLDRYJ128F930BBB4,SOTGJNY12AB017E23D,ARH7H5K1187B98FA67,Pain of Salvation,Spitfall,Scarsick,2007,437.002,0.692216738815,0.521275882557,metal,Progressive metal; Progressive; Progressive rock; Gangsta Rap; Pain Of Salvation,986,292,111.337325,0,1044.0,748.734999999999,0.9359187499999987,0.18767492558578347,0.7992651693864982,Survive
TRYGKRK128F9353545,SODGJRD12A8151C98D,ARK7EJE1187B99B045,Junior Boys,Double Shadow,So This Is Goodbye,2006,262.00771,0.729560759569,0.486519292031,electronic,electronic; electronica; electro; electropop; indie electronic,85,43,24.269322,0,195.0,72.11625000000036,0.09014531250000045,0.08114615612816768,0.7921430952873899,Survive
TRTPMBB128F42934F8,SOKRKJD12A8C13C4AC,AR2N24K1187B999361,Sage Francis,Keep Moving,Human The Death Dance,2007,276.06159,0.724706201256,0.524949698458,hip hop,Hip-Hop; test; brilliant; I like; Great Lyricists,660,246,71.386273,0,546.0,287.51250000000033,0.3593906250000004,0.11319138138170197,0.6925256939166184,The Dirt Whispered
TRGGBKA128F428E461,SOUOWLT12B0B8090EE,AR8V1WA1187B9AD9E9,The White Stripes,St. Andrew (This Battle Is In The Air),Icky Thump,2007,109.53098,0.878811343493,0.653897217428,rock,rock; alternative rock; alternative; folk-rock; Garage Rock,73,35,13.674794,0,92.0,46.53375000000009,0.05816718750000011,0.09355582798110043,0.6922683062918842,The Dirt Whispered
TRECYJW128F4289D1C,SODZKUG12A8C13C579,ARPKK761187FB4D53C,The Ataris,Myself,...Anywhere But Here,1997,138.65751,0.827853769867,0.517328583566,punk,punk rock; life; pop punk; The Ataris; Downloads,260,119,41.701319,0,265.0,54.95374999999988,0.06869218749999985,0.03655499483569,0.6907320337071018,The Dirt Whispered
TRKKXHG128F421A24C,SOHLNWN12A6D4FD5FF,ARQRSO41187B997463,Dance Hall Crashers,Othello,The Old Record,1993,216.63302,0.537568678189,0.436114774999,reggae,ska; favorites; ska punk; female vocalists,229,117,31.511903,0,337.0,137.93125000000018,0.17241406250000021,0.12198171375034651,0.769777107919051,Get It Right (Album Version)
TROFUQI12903CB118E,SOBDTMI12AB0183C04,AR2SD4T1187B98D42A,Diva Destruction,Forgotten,Exposing The Sickness,2002,243.40853,0.581352959109,0.477546837097,rock,Gothic; darkwave; industrial; depressive rock,152,59,25.787594,0,317.0,120.24874999999973,0.15031093749999966,0.12824187307555657,0.7550201554913384,Get It Right (Album Version)
TRJEEBH128F145DC97,SOWUXUS12A6D4F7A50,AR6UVLC1187B9B4D4C,Suzi Quatro,Fever,Greatest Hits,1975,220.08118,0.627361447085,0.406642648699,rock,70s; rock; cool; classic rock; pop,238,109,30.347982,0,339.0,105.82125000000019,0.13227656250000025,0.0971532325264184,0.7507656336058174,Get It Right (Album Version)
TRPBTSJ128F42A3168,SOCTMXF12A8C13BF5C,ARHLSMN1187B98D8D7,Harry Belafonte,Angelina,Harry Belafonte - I Miti Musica,1961,236.48608,0.667204447187,0.508376104749,latin,calypso; oldies; latin; names; jamaican,218,106,34.885527,0,353.0,100.29374999999978,0.12536718749999973,0.07958936001602886,0.6837972051894572,Want You Bad
TRXTHYY12903CE6AA4,SOLKAIA12A8C1403DE,ARQ294N1187FB53D2A,The Mamas & The Papas,Shooting Star,Lifestyle2 - Jazz Grooves Vol 2,1971,174.28853,0.6805492949,0.502711007401,pop,pop; 60s; the mamas and the papas; oldies; adult contemporary,95,34,26.248809,0,204.0,26.171250000000008,0.03271406250000001,0.027223640527720555,0.6823832804597632,Want You Bad
TRYGKRK128F9353545,SODGJRD12A8151C98D,ARK7EJE1187B99B045,Junior Boys,Double Shadow,So This Is Goodbye,2006,262.00771,0.729560759569,0.486519292031,electronic,electronic; electronica; electro; electropop; indie electronic,85,43,24.269322,0,195.0,72.11625000000036,0.09014531250000045,0.08114615612816768,0.6626955216909511,Want You Bad
TRISFKH128F9336E63,SODDPWA12A58A7D263,ARLHO5Z1187FB4C861,Beastie Boys,So What'Cha Want (Butt Naked Version) (Explicit) (2009 Digital Remaster),Check Your Head (Remastered Edition),0,206.47138,0.853124074136,0.586311859258,hip hop,hip hop,536,176,72.470684,0,553.0,264.35750000000013,0.33044687500000014,0.10140807837392897,0.755308931007626,Staring At The Sun
TRNHSZN128F930FF03,SOQOIDA12AF72A1430,ARMV0L61187B9B4964,Clawfinger,Revenge,A Whole Lot Of Nothing,2001,242.75546,0.661176989938,0.46190246429,metal,metal; rap; industrial; crossover; industrial metal,522,171,87.441409,0,799.0,300.7424999999995,0.3759281249999994,0.0951429419717602,0.7444807018200303,Staring At The Sun
TRVPMVK128EF34E085,SOPFXXX12A6D4F8710,AR6ENUY1187B994158,Sia,Lentil (Live),Lady Croissant,2007,251.53261,0.854081678581,0.492615362526,punk,female vocalists; chillout; female artists; emotional; live,316,101,54.990908,0,387.0,132.68500000000006,0.16585625000000007,0.06660872802053815,0.7365011417979115,Staring At The Sun
TRAYKJD128F932E569,SOKBMJH12AB018A323,ARWW0KV1187FB551A6,Linda Ronstadt,Lovesick Blues,Silk Purse,1970,123.95057,0.689773295231,0.419024182402,country,0issi0; country; folk; blues; covers,241,81,40.261644,0,247.0,82.73375000000003,0.10341718750000004,0.05692179081163346,0.6342550385882255,Operation Rescue
TRCHZXW128E079288A,SOMEJDK12D0219BB71,ARTH9041187FB43E1F,Eminem,8 Mile,8 Mile,2002,359.3922,0.886183647684,0.852677055416,hip hop,rap; Hip-Hop; Eminem; Soundtrack; hip hop,1141,328,132.992481,0,768.0,507.52375000000114,0.6344046875000015,0.10709045199029754,0.6322697647535411,Operation Rescue
TRCBUIM12903CF475B,SORAIAF12A67ADB3FD,AR4IE571187FB4ECE1,Strapping Young Lad,Detox,City (re-issue + Bonus Tracks),1996,336.40444,0.691892701619,0.433188296086,metal,industrial metal; metal; Progressive metal; thrash metal; Extreme Metal,104,62,18.330303,0,64.0,52.79250000000011,0.06599062500000014,0.07963725183752571,0.6311717986325716,Operation Rescue
TRQQKVT128F42541DC,SOVZADW12A8C137010,AR1CI9N1187B9B2FB8,Cro-Mags,Malfunction,Before The Quarrel,1986,223.4771,0.609212107951,0.435450308075,reggae,nyhc; Skinhead; heavy bottom end; my music scares people; i love singing along,222,57,45.099889,0,235.0,166.585,0.20823125,0.10155110311075675,0.7254292576609401,When Broken Is Easily Fixed (Album Version)
TRUAXLK12903CD39B5,SOQAHII12A6D4F97C8,AREYJKQ1187B9AEAB5,Gin Blossoms,Back Of A Car,New Miserable Experience,2002,163.44771,0.712910359834,0.557017743037,rock,big star cover; rock; alternative,174,71,25.787594,0,195.0,74.27124999999974,0.09283906249999968,0.07995946340074028,0.722018375389794,When Broken Is Easily Fixed (Album Version)
TRGAGNZ128F42712C3,SOQNWOO12A8C137675,ARSF6AM1187FB58133,Room Eleven,Bitch,Bitch,2007,236.19873,0.608620460178,0.452819712406,jazz,jazz; female vocalist; cover; dutch; Mellow,251,92,48.114447,0,278.0,63.568750000000016,0.07946093750000002,0.03634193313891159,0.7137121477477975,When Broken Is Easily Fixed (Album Version)
TRDPGXU128F9339C2A,SOELYON12AB01876A3,ARLHO5Z1187FB4C861,Beastie Boys,B-Boy Bouillabaisse: A.W.O.L. (2009 Digital Remaster),Paul's Boutique (20th Anniversary Remastered Edition),0,105.56036,0.853124523276,0.591628024008,hip hop,hip hop; leapsandbounds CDCollection,1746,505,153.652205,0,1067.0,751.1762500000004,0.9389703125000005,0.1386179883576813,0.7845194953029779,Want
TRHIEPJ128F931010A,SOTJNSP12AB0183991,ARD14NV1187B99C6CC,Louis Logic,Mischievous,Sin-A-Matic,2003,219.0624,0.582398956277,0.390965140274,hip hop,louis logic; underground hip-hop; rap; Hip-Hop; Mischievous,801,265,79.899937,0,573.0,385.4149999999992,0.481768749999999,0.13626263577052716,0.7437947188511461,Want
TRODGUE128F429E5E0,SOQNGIP12AF72A3549,AR6F6I21187FB5A3AA,Aesop Rock,Shovel,Labor Days,2001,285.70077,0.83453858559,0.477310881067,hip hop,Hip-Hop; underground hip-hop; top rated tracks; aesop rock; Definitive Jux,539,270,42.661458,0,289.0,280.5100000000003,0.3506375000000003,0.18579629147510493,0.7422968681873644,Want
TROXPNE128F9337718,SOTIWWD12AB01843D2,ARUSOMY1187FB4D3B4,Anti-Flag,Captain Anarchy,A New Kind of Army,1999,152.86812,0.844039532227,0.524378987515,punk,punk rock; punk; political punk; political; rock,189,90,25.455844,0,64.0,90.87000000000026,0.11358750000000033,0.09885027086522812,0.7024278157051599,Josey
TRZFBUY12903CD5663,SOCSGQQ12AB018BC7F,ARETNH11187B9ADBB8,One Way System,Gutter Boy,No Return - Live!,1995,226.7424,0.507305808116,0.37415133237,punk,punk rock,86,51,14.696938,0,8.0,23.82500000000005,0.02978125000000006,0.044548529344177974,0.637960070514891,Josey
TROFSLV128F92E389A,SOUCFJU12A58A7A3E0,ARFNJLY1187FB3E735,Binary Star,Wolfman Jack,Masters Of The Universe,2000,216.00608,0.633365676221,0.427067011815,hip hop,Hip-Hop; hiphop; hip hop; rap; story,578,267,46.151923,0,182.0,256.08250000000015,0.3201031250000002,0.1587589047034108,0.6364369558247105,Josey
TRCLTXT128F148ADAE,SOHCAOP12A6D4FB3BB,AR5OB9M1187FB52F29,Darryl Worley,I Wouldn't Mind The Shackles,I Miss My Friend,2002,225.95873,0.757389969929,0.516764030267,country,country,296,117,33.0,0,165.0,244.7887499999998,0.30598593749999975,0.2076162637689046,0.35676377209958027,1-2 Crush On You
TRWGBQB128F932A9EA,SOXYLDL12AB0180A56,AR4JARH1187FB47284,Cinderella Effect,Genesis,Pearls,2006,264.61995,0.525563952122,0.456866168865,electronic,darkwave; electronic; Gothic; female vocalists; Gothic Rock,188,45,26.41969,0,115.0,255.92500000000032,0.3199062500000004,0.26816343496595907,0.32312901087676743,1-2 Crush On You
TRZAKCC128F42781CF,SOEQURM12A8C13AD16,AR0A9UD1187B9AC521,Halford,Tyrant,Live Insurrection,0,268.69506,0.648651225076,0.484052050382,metal,heavy metal; Halford; rock; great; live,116,75,14.798649,0,111.0,137.8637499999999,0.17232968749999988,0.25820920460041596,0.29183080623554897,1-2 Crush On You
TRYAWRN128F42792CB,SOURJAD12A8C1364FC,ARS86AJ1187B9B4225,Janis Joplin,Kozmic Blues,The Essential Janis Joplin,1969,305.47546,0.829603740082,0.559925868569,blues,blues; classic rock; female vocalists; 60s; blues rock,512,137,90.509668,0,552.0,300.7100000000001,0.3758875000000001,0.09203354596481209,0.6095324564507416,Brand New Cadillac
TRDYWAX128F422F076,SOFPISS12A6D4FD2AB,ARI7BJB1187FB48744,Dirty Projectors,No More,Rise Above,2007,227.65669,0.805775487118,0.511370534473,folk,american; folk; experimental; freak folk; bobbyscdclub,134,36,30.870698,0,102.0,116.99625000000012,0.14624531250000014,0.10416559542740585,0.569712010427406,Brand New Cadillac
TRISHUB128F1456A67,SOXGXCX12A6D4F7090,AR6NBDC1187FB4D96D,Chuck Berry,I Got To Find My Baby,The Anthology,1960,134.89587,0.735926365084,0.601693609028,blues,blues; Rock and Roll; rockabilly; 60s; oldies,192,72,34.568772,0,169.0,47.07375,0.0588421875,0.037595577538440776,0.5643609129920629,Brand New Cadillac
TRNVKOI128E0799173,SOIYRHZ12A67AD8126,ARZ5H0P1187B98A1DD,Snoop Dogg,Snoopafella (Edited),The Best Of Snoop Dogg,0,263.54893,0.853831633625,0.608910282835,hip hop,rap; 90s hip-hop; FAV all time,948,322,98.833193,0,670.0,382.57000000000016,0.4782125000000002,0.10868260493110884,0.7143532111641344,Cool Confusion
TRGLGNR128F1487A6F,SOHTMAA12A6D4F5F41,ARYZ8BG1187FB52ABB,Manafest,Runaway,Glory,2006,198.19057,0.591937418994,0.56333533018,hip hop,Christian Rap; great song; rap; Hip-Hop; ladny churek,551,191,85.924385,0,468.0,435.0887499999998,0.5438609374999998,0.14024079938871972,0.702416902184833,Cool Confusion
TRDGXZG128F1474B32,SOBBQQA12A8A9D9558,AR14QNC1187FB4C7F7,Edwin Starr,Agent Double O Soul,Sparks Present Motown Made To Measure,2002,159.55546,0.628649552277,0.379240328387,r&b/soul,northern soul; motown; soul; pop; i feel good,175,92,25.0,0,185.0,36.2162500000001,0.045270312500000125,0.04022413563804829,0.700134602443317,Cool Confusion
TREBGAA128E078FC52,SOVYGAV12A58A7C3A9,AR24DZB1187FB3C869,Erykah Badu,I Want You,Worldwide Underground,2003,653.13914,0.855731901717,0.584841725537,r&b/soul,soul; Neo-Soul; female vocalists; rnb; Erykah Badu,617,98,153.163312,0,1246.0,889.1887500000007,1.1114859375000008,0.15911386708581834,0.6548108400521848,First Night Back In London
TRHULVJ128F1452583,SOHVZOD12A6D4F5FED,ARQ4EZO1187FB4AD83,Audio Bullys,I'm In Love,Generation,2005,178.442,0.69631779553,0.490512754311,electronic,electronic; Love; Audio bullys; House; electronica,277,80,47.958315,0,416.0,218.93749999999963,0.27367187499999956,0.126303676245659,0.6270923109922781,First Night Back In London
TRURGUR128F149409A,SOWCYKD12A6D4FB2D9,ARKY3ER1187FB5B5D1,Mr. Vegas,I Don't Know Why I Love You,Strictly The Best Vol. 34,0,214.43873,0.705206506857,0.402521751985,reggae,ragga; reggae; dancehall; Reggaevibez,303,84,66.603303,0,578.0,34.2124999999998,0.04276562499999975,0.014114055315922329,0.6252141202201315,First Night Back In London
TRMZUWA12903C9AF06,SOHSIKC12A58A7D474,AR72OEM1187FB43E2A,Biz Markie,Vapors,Just A Friend - EP,1988,362.29179,0.638593203241,0.418282745711,hip hop,Hip-Hop; old school rap; biz markie; gtasa tracks; work songs,702,279,57.905095,0,307.0,357.80375000000004,0.4472546875,0.17693219282132108,0.5779035666580788,Inoculated City
TRQWZNO128F1456DD9,SOZHNPB12A6D4F77DA,AR5V2941187B9B08E7,Cocoa Brovas,Bucktown USA,The Rude Awakening,1998,240.63955,0.508917030982,0.368128358686,hip hop,rap; Hip-Hop; boot camp clik; new york; STRICTLY FOR THE UNDERGOUND,615,232,52.497619,0,360.0,373.5224999999994,0.46690312499999925,0.20248845570297255,0.5696183577650883,Inoculated City
TRYWUBG128F14771B5,SOXPUEV12A6D4FA462,ARDD00U1187B9AEB3F,Obie Trice,Got Some Teeth,Cheers,2003,229.3024,0.726490921728,0.494732886668,hip hop,rap; Hip-Hop; hip hop; Obie Trice; hilarious,583,212,68.154237,0,329.0,276.2312500000001,0.34528906250000013,0.113131767788419,0.5686952577784686,Inoculated City
TRLYAKZ128F42A3750,SOVAHEZ12A8C13BB28,ARAWX5Q1187B9A0905,Ignite,In Moderation,A Place Called Home,2000,112.27383,0.729165894637,0.453023064296,metal,hardcore; punk; melodic hardcore; punk rock; hardcore punk,252,126,30.331502,0,243.0,90.11249999999959,0.11264062499999948,0.0828452634413376,0.6386002372215569,Lost In The Supermarket
TRUNQCU12903CE87FC,SOSNOZZ12AC3DF992C,ARXT81I1187B9B9A27,Avantasia,Dying For An Angel,The Wicked Symphony,2010,271.82975,0.649538446931,0.553914682306,metal,Power metal; symphonic metal; metal; angels behaving badly; metal collaboration,171,94,22.226111,0,184.0,172.0349999999998,0.21504374999999976,0.216566254328366,0.602622049000399,Lost In The Supermarket
TRDJPOT12903CC0024,SOEDVKO12AB0184F2F,AR4BDNG1187FB44870,Robert Palmer,Woke Up Laughing,At The BBC,1980,365.34812,0.755566397734,0.464186401696,folk,80s; singer-songwriter; classic rock; soft rock; robert palmer,364,110,59.228372,0,444.0,36.79500000000023,0.045993750000000284,0.01712735536743421,0.596912001157736,Lost In The Supermarket
TRPBTSJ128F42A3168,SOCTMXF12A8C13BF5C,ARHLSMN1187B98D8D7,Harry Belafonte,Angelina,Harry Belafonte - I Miti Musica,1961,236.48608,0.667204447187,0.508376104749,latin,calypso; oldies; latin; names; jamaican,218,106,34.885527,0,353.0,100.29374999999978,0.12536718749999973,0.07958936001602886,0.6917905868882126,Overpowered By Funk
TRQYUKJ12903C9A1CE,SOVCUXV12A58A807E5,ARWQUD91187B9ACF59,Kevin Devine,It's Only Your Life,Brother's Blood,2008,353.69751,0.742073878888,0.447432326819,folk,folk; rock; acoustic; indie; indie rock,380,134,64.645185,0,589.0,296.2737500000006,0.3703421875000007,0.12669498534635446,0.6718287174658062,Overpowered By Funk
TROGUOT128F147F39A,SOPFDRI12A6D4F83F4,ARHTAPO1187FB5AADE,Iron Maiden,Phantom Of The Opera (Live) (1998 Digital Remaster),Live After Death,1985,441.12934,0.798760725027,0.583910002743,metal,metal; Majors beloved FM,199,95,30.298515,0,315.0,158.25499999999988,0.19781874999999985,0.14470836345633212,0.6643070538333651,Overpowered By Funk
TRZKMDX128F4277845,SOHAZHB12A8C13D09F,AR10B9G1187FB561CE,Lucky Dube,Slave,Best Of,1990,268.35546,0.663224673954,0.44697979301,reggae,reggae; slave; zimbabwe; african stuff; wonderful song,288,70,52.144031,0,189.0,50.18374999999981,0.06272968749999977,0.026361154575067994,0.6461900023808613,Automatic Man (Album Version)
TRCHZXW128E079288A,SOMEJDK12D0219BB71,ARTH9041187FB43E1F,Eminem,8 Mile,8 Mile,2002,359.3922,0.886183647684,0.852677055416,hip hop,rap; Hip-Hop; Eminem; Soundtrack; hip hop,1141,328,132.992481,0,768.0,507.52375000000114,0.6344046875000015,0.10709045199029754,0.6393834377353435,Automatic Man (Album Version)
TROPXWC128F934AEF5,SONKELQ12AB0185449,ARIRNUG1187B9B0D8D,Riot,Loanshark,Restless Breed,1982,250.25261,0.576408737278,0.404971082679,metal,metal; hard rock; heavy metal; speed metal,209,78,38.691084,0,219.0,65.01875000000024,0.0812734375000003,0.04622498077031404,0.631928663590641,Automatic Man (Album Version)
TRXLHRU128F14A1C5F,SOWHBLJ12A6D4FBD0C,ARZPYZ11187FB4938A,Le Tigre,Fake French,Prime,2001,174.18404,0.714932337211,0.525420024726,electronic,riot grrrl; electronic; female vocalists; electro; indie,176,45,47.947888,0,104.0,151.74374999999938,0.18967968749999922,0.08655528944902678,0.7470130188778158,Chimaera (Album Version)
TRJWXJP12903CEA9A6,SOVPFQU12AC46870D5,ARHNHHV1187FB48017,Jay Brannan,Good Mother,In Living Cover - EP,2009,189.93587,0.660628763751,0.444946628082,folk,acoustic; Mellow; guitar; indie; cover,166,76,27.856777,0,126.0,121.03499999999985,0.1512937499999998,0.12029176849948893,0.7004725588765953,Chimaera (Album Version)
TRVWMAR128F425A2DA,SOMFMFC12A8AE45B47,AR13CXU1187B9AD30A,The Clash,1-2 Crush On You,Clash On Broadway,1978,181.21098,0.775797362701,0.601186059455,punk,punk; punk rock; british; rock; the clash,341,99,54.954527,0,365.0,175.46499999999997,0.21933124999999998,0.08798865830828626,0.6867963405632471,Chimaera (Album Version)
TRFUNRS128F9346BF4,SOTHROA12AB0188152,AR51X3T1187B99417E,Tony Sly,On the Outside,Acoustic,2004,185.93914,0.588373149788,0.43090681398,folk,acoustic; Acoustic Rock; favo nu; Tony Sly; ARTISTE BIO,252,115,34.234486,0,219.0,515.6075000000004,0.6445093750000005,0.4211866709030756,0.7142873776836358,Damned to Be Free (Album Version)
TRCKMDM128F148BEA7,SOQJHSO12AF72A219A,ARX14DU1187FB52D07,Musiq,Whereareyougoing,Soulstar,2003,268.38159,0.841570222562,0.454161113974,r&b/soul,Musiq; Neo-Soul; favorite song by artist; soul; rnb,255,112,37.56328,0,325.0,158.95374999999967,0.1986921874999996,0.11794132072541093,0.69254089050262,Damned to Be Free (Album Version)
TRSFQTA128F426690E,SOGOQDV12A58A7A03D,ARQVA291187FB3B85A,Ricky Skaggs,I Wouldn't Change You If I Could,Super Hits,1982,181.36771,0.588180662625,0.433254666497,country,country; bluegrass; americana; country legends; countrybluegrass--better,201,62,40.632499,0,311.0,232.71125,0.2908890625,0.1576638636115634,0.6902833453352886,Damned to Be Free (Album Version)
TRZLNPM128F42B3BF5,SOMKTOZ12A8C13F7DC,ARZH3SW1187B98C96E,Onyx,Feel Me,Onyx/ Bacdafucup II,2002,332.5122,0.636582379001,0.421287262511,hip hop,Hip-Hop; hiphop; rap; hip hop; cool,601,246,57.532599,0,535.0,328.01750000000004,0.41002187500000004,0.16206600029290563,0.6312625897628367,Get Off
TRDXZYL128E0791E8D,SOHPPBV12A67021CF8,ARTG85X1187B99D1F5,The Isley Brothers,Contagious,Eternal,2001,348.94322,0.750583406489,0.57177070788,r&b/soul,soul; rnb; smooth; the isley brothers; r&b,612,207,72.670489,0,800.0,217.49625000000023,0.27187031250000027,0.08420055335520016,0.6297465283250989,Get Off
TREKDZI128F146A972,SOLFMIZ12A6D4F8330,AR1WWVL1187B9B0306,UB40,Here I Am (Come And Take Me),The Very Best Of,1989,242.15465,0.757417813383,0.563941252024,reggae,reggae; 80s; UB40; pop; ska,271,94,43.451122,0,498.0,139.93749999999974,0.17492187499999967,0.08944693599409577,0.6286544677795318,Get Off
TRDKUSZ12903CF188B,SOTDFHU12AF729DB0B,ARKMIBT11F4C8430D9,The Antlers,Epilogue,Hospice,2009,328.88118,0.726299713385,0.466946703147,rock,indie; indie rock; acoustic; listen with your eyes closed; Good tune,273,131,35.860842,0,289.0,213.9699999999992,0.267462499999999,0.16606034822006507,0.7958162785223268,Juneau
TRCJKRP128F14A8FCC,SOLRMGZ12A6D4FAFB0,ARY1LTC1187B9B1DC4,The Monkees,I'll Spend My Life With You,Headquarters Sessions,1967,146.07628,0.699235975792,0.524739341733,pop,Pop Life; rock; pop; 60s; oldies,158,72,27.221315,0,157.0,61.633750000000326,0.07704218750000041,0.06256789738622415,0.7927077295646081,Juneau
TRYBPGK128F4255BE3,SOMZRXL12A81C224B9,ARNBMT71187B993523,Interpol,Pace Is The Trick,Our Love To Admire,0,276.63628,0.857983716377,0.639881834877,rock,indie; indie rock; alternative; post-punk; interpol,268,76,53.225934,0,377.0,153.7887499999997,0.19223593749999965,0.07943055860824655,0.7862834059951918,Juneau
TRNHVPY128F4278E58,SOCCJSN12A8C138303,ARJOTW41187B9B6DA7,Stone Gossard,Cadillac,Bayleaf,2001,185.67791,0.587366592894,0.0,rock,rock; Mellow; classic rock; Grunge; seattle,154,46,27.404379,0,79.0,29.248750000000005,0.03656093750000001,0.029314343259992253,0.6404483051143626,Another The letter
TRUIMZJ128E0785BA2,SOXPJLU12A6701F192,ARQT9SA1187B9AD3C7,Steely Dan,Lunch With Gina (Album Version),Everything Must Go,2003,265.74322,0.659552079428,0.505062403561,jazz,jazz,208,113,23.937418,0,74.0,40.96375000000006,0.051204687500000075,0.047909080582562026,0.6043842839811776,Another The letter
TRUEZRF128F149599A,SOLVCLZ12A6D4FA377,ARQILMW1187B9890DA,Kitty Wells,Mommy For A Day,20th Century Masters: The Millennium Collection: Best of Kitty Wells,1993,152.47628,0.551476458338,0.380728239612,country,classic country; Real Country; all time great; country; tearfull,175,83,21.931712,0,84.0,120.27124999999975,0.1503390624999997,0.15349524529517766,0.5558461292750322,Another The letter
TRVCSYQ128F425A835,SOFYJLY12A8AE458AE,AR6BJ1V1187B9AE3B7,Fleetwood Mac,I Believe My Time Ain't Long,The Pious Bird Of Good Omen,1969,181.86404,0.747903749594,0.576036185746,blues,blues; classic rock; blues rock; rock; undergraduate years,157,65,28.965497,0,99.0,-10.366249999999992,-0.01295781249999999,-0.009870860762352085,0.8382990672986343,Strange
TRVUTUU12903CD46E5,SOEEAKI12AB018F292,ART70HI1187B9A37BC,Elmore James,Dust My Blues,Memphis Blues,1960,163.47383,0.619366855459,0.43482343141,blues,blues; blues rock; guitar; Classic Blues; Slide Blues,151,54,28.757608,0,158.0,9.10625000000001,0.011382812500000013,0.008731887264939956,0.8339989046029548,Strange
TRGIGND128F92D45AA,SOXNHRA12A8C144BB3,ARJ1K7W1187FB3C1EB,Canned Heat,Dust My Broom,On The Road Again,1971,345.23383,0.6753573051,0.463889743073,blues,blues; blues rock; classic rock; 60s; rock,223,67,39.673669,0,130.0,20.057499999999987,0.025071874999999983,0.013940540278468798,0.8251233526620504,Strange
TRDOJIR128F42840C0,SODNFOU12A8C138A6E,AR3PN3R1187FB4CEBD,Horace Andy,Horse With No Name,Mek It Bun,2002,236.01587,0.626436381752,0.374271173856,reggae,roots reggae; great songs; animals; lala; OC,444,106,147.702404,0,154.0,125.0600000000002,0.15632500000000024,0.02311415507020823,0.8434120361393067,Dude_ What Is a Land Pirate?
TREKUOP12903CD2BA7,SOWCNGU12AB018A844,ARVTEOO1187FB3D00F,Desmond Dekker,Mother Nature,The Very Best of Desmond Dekker,1989,214.93506,0.643056270399,0.442683188146,reggae,ska; reggae; Jamaican Ska; Mellow; raggae,165,46,77.213988,0,53.0,100.5075000000001,0.12563437500000013,0.03547568326565769,0.8413833968746476,Dude_ What Is a Land Pirate?
TRZZQIP128F92EFEAD,SOUGPPL12AB018555B,ART50HO1187FB4D0ED,Abba,Move On,The Albums,1977,282.72281,0.74865929586,0.575691128555,pop,pop; 70s; abba; Disco; swedish,526,107,161.959872,0,132.0,213.37375000000063,0.2667171875000008,0.03596889918453376,0.8411837918154346,Dude_ What Is a Land Pirate?
TRDHGVS128F933D658,SOWWRQQ12AB0181B1D,AR4WX0Z1187B99FBB5,Buck-O-Nine,She's Fat,Songs In The Key Of Bree,1994,128.9922,0.619571948882,0.372781562731,reggae,ska,108,62,17.117243,0,116.0,38.5562499999998,0.04819531249999975,0.06246583637409401,0.5932717297147454,Again I Go Unnoticed
TRVRZZI128F426846B,SOSTFFD12A8C13780C,ART1XOT1187B99A298,Billy Squier,She's A Runner (24-Bit Digitally Remastered 02),Absolute Hits,2005,245.02812,0.612842077257,0.456170748019,rock,rock; 70sbsquier,240,105,36.193922,0,228.0,48.22250000000008,0.0602781250000001,0.03692739632543043,0.5921722206683607,Again I Go Unnoticed
TRBDCAH128EF362D31,SOSTXYN12A6D4F67D4,AR82DJK1187B991107,The Pharcyde,Passin' Me By,Bizarre Ride II,1993,303.46404,0.756063870843,0.491468881637,hip hop,hip hop; 90s; rap; classic; songs about the opposite sex,697,235,90.465463,0,644.0,258.33750000000026,0.3229218750000003,0.07965492277250799,0.575376008641,Again I Go Unnoticed
TRSBMEI12903CC2C57,SOILEGI12AB0186428,ARD4OBE1187B98C304,Destroyer,Smith,We'll Build Them A Golden Bridge,0,71.54893,0.70017611662,0.490215858074,folk,acoustic; cool; indie rock; Perfection; discordant,73,43,10.440307,0,82.0,54.42375000000009,0.06802968750000012,0.1437453283042765,0.557764683836204,Carry This Picture
TRHGDTQ128F92F8111,SOAGHID12AB0181D4C,AR3XOZN1187FB483F9,Sara Gazarek,Amazing,A Smooth Jazz Retreat,2005,312.0322,0.430460251563,0.398221704019,jazz,jazz; jazz vocal; female vocalists; sara gazarek; Smooth Jazz,234,90,32.372828,0,202.0,253.58499999999935,0.3169812499999992,0.2176462990273417,0.5290229861904483,Carry This Picture
TRZOWKJ128F149D2DD,SOFGYYW12A6D4FC12C,ARQG4O41187B98A03B,RJD2,Work It Out,The Third Hand,2007,206.36689,0.737182304529,0.480726641351,electronic,electronic; chillout; trip-hop; Hip-Hop; instrumental,101,17,26.907248,0,191.0,60.847500000000146,0.07605937500000018,0.06200974072783367,0.5275208173232987,Carry This Picture
TRISFKH128F9336E63,SODDPWA12A58A7D263,ARLHO5Z1187FB4C861,Beastie Boys,So What'Cha Want (Butt Naked Version) (Explicit) (2009 Digital Remaster),Check Your Head (Remastered Edition),0,206.47138,0.853124074136,0.586311859258,hip hop,hip hop,536,176,72.470684,0,553.0,264.35750000000013,0.33044687500000014,0.10140807837392897,0.7811736842774779,U R The One
TRNHSZN128F930FF03,SOQOIDA12AF72A1430,ARMV0L61187B9B4964,Clawfinger,Revenge,A Whole Lot Of Nothing,2001,242.75546,0.661176989938,0.46190246429,metal,metal; rap; industrial; crossover; industrial metal,522,171,87.441409,0,799.0,300.7424999999995,0.3759281249999994,0.0951429419717602,0.7405074025236388,U R The One
TRKLAOB12903C9A1CD,SOGTQWN12AB018837A,ARWQUD91187B9ACF59,Kevin Devine,Fever Moon,Brother's Blood,2009,202.39628,0.742073878888,0.447432326819,folk,singer-songwriter; lalalala loOoOoooOove; rock; folk; acoustic,205,115,29.427878,0,256.0,161.83750000000052,0.20229687500000065,0.15276661942189437,0.7364048803518378,U R The One
TRGSLPE128F426A55E,SOWLMTR12A8C131274,ARXDFN01187B9AE80E,The Presidents of the United States of America,Mach 5,II,1996,196.20526,0.698548137448,0.471550897954,rock,rock; 90s; fun; alternative rock; presidents of the united states of america,250,83,39.115214,0,70.0,61.309999999999775,0.07663749999999972,0.04312280885229405,0.7087151388473302,Ain't No Way (You Won't Love Me)
TRJIUYM128F422B2A3,SOWKLZJ12A6D4FACE5,ARZM53A1187B9A1AE7,Panzer AG,sick is the one who adores me,THIS IS MY BATTLEFIELD,2004,326.60853,0.588608086549,0.373611111911,electronic,industrial; ebm; electronic; dark electro; Aggrotech,265,108,39.446166,0,141.0,97.69500000000028,0.12211875000000035,0.06841167036507019,0.6924787225893054,Ain't No Way (You Won't Love Me)
TRQHKIQ128F425E9DB,SOWCYGS12A6D4F9995,AR9P7FS1187B9A641F,Joss Stone,Bruised But Not Broken,Introducing Joss Stone,2007,255.26812,0.84080245107,0.587414902416,r&b/soul,soul; female vocalists; Joss Stone; rnb; female,341,107,53.037722,0,262.0,131.30624999999995,0.16413281249999995,0.06866258293488656,0.6806943260874047,Ain't No Way (You Won't Love Me)
TRPNKXE128F933B0D1,SOONGJS12A6701DAAA,AR1FLAG1187FB39B0E,Gillian Welch,Elvis Presley Blues,Time [The Revelator],2001,296.41098,0.682689868468,0.531634190674,country,country; folk; female vocalists; gillian welch; alt country,355,80,66.27971,0,190.0,111.77875000000033,0.1397234375000004,0.04643063071724121,0.6987454401273048,Nice & Slow
TRRHFQK128F4264FE9,SOAWVNJ12A8C133CB7,ARBF2EW1187B99EACF,Rasputina,Mr. E. Leon Rauis,Thanks For The Ether,1996,207.43791,0.767862649179,0.473755596204,rock,Gothic; cello rock; cello; female vocalists; ethereal,272,130,37.616486,0,166.0,140.6787499999998,0.17584843749999976,0.10379778762523434,0.6524198953331636,Nice & Slow
TRIFKJG128F1458AA3,SOOJWBH12A6D4F64E3,ARYML1P1187B9AF39B,Devo,Mongoloid,Hot Potatoes: The Best Of Devo,1977,224.57424,0.707839968442,0.532445870959,punk,new wave; post-punk; 80s; rock; 70s,167,33,40.472213,0,62.0,63.70500000000013,0.07963125000000017,0.04305615591132362,0.6223893216093521,Nice & Slow
TRQYLYP12903CC26F6,SOFXBUV12AB0187A06,ARVT7941187B9AEB48,Barry White,Never Gonna Give You Up,A Portrait of Dionne & Barry (CD2),1995,290.01098,0.724093528768,0.541876865526,r&b/soul,soul; Disco; Love; sexy; smooth,442,97,70.270904,0,621.0,353.66499999999957,0.4420812499999995,0.13989723875473453,0.6735416652355616,Roni
TRJWAJC128F9327C4F,SORMDVX12AB01816AA,ARLMXEA1187B9A7D04,R. Kelly,Hump Bounce,R. Kelly,1995,246.282,0.811092052861,0.783843023046,blues,rhythm and blues; rnb; urban; soul; smooth,282,89,50.348784,0,294.0,119.22875000000019,0.14903593750000024,0.06543526803350778,0.667718031491555,Roni
TRUKEKQ12903CB3921,SOQPHXK12AB018D0EA,ARSD3V91187FB569E5,Tina Dico,All I See,The Road To Gävle,0,236.7473,0.659885327686,0.455616343256,folk,acoustic; pop; alternative; american; female vocalists,199,82,29.74895,0,201.0,172.54625000000044,0.21568281250000054,0.16092231330398238,0.664051959761884,Roni
TRUASRT12903CEFCDD,SOPQDXH12A67ADAB91,ARQPCJ81187B990A7B,Stuck Mojo,Suburban Ranger,Rising,1998,208.50893,0.629672706754,0.423334866509,rock,Stoner Rock; crossover,390,163,40.792156,0,357.0,189.6299999999999,0.2370374999999999,0.12985640353599615,0.6243779578145199,Damage
TROGUOT128F147F39A,SOPFDRI12A6D4F83F4,ARHTAPO1187FB5AADE,Iron Maiden,Phantom Of The Opera (Live) (1998 Digital Remaster),Live After Death,1985,441.12934,0.798760725027,0.583910002743,metal,metal; Majors beloved FM,199,95,30.298515,0,315.0,158.25499999999988,0.19781874999999985,0.14470836345633212,0.5933831476125272,Damage
TRFWHBG12903CBF802,SOWVYCP12A67AE0E4D,ARTWWKF1187FB4F9AF,Sam Brown,Stop,Total 80s,2000,237.66159,0.593604035325,0.400630531831,blues,80s; female vocalists; blues; pop; soul,241,89,41.737274,0,448.0,119.60750000000029,0.14950937500000036,0.07939589073806101,0.5933468289838443,Damage
TRZCKKD128F149134A,SOCQGWA12A6D4F8DC7,ARJDHQE11F4C83D7DE,Leadbelly,Backwater Blues,Perfect Blues,0,183.09179,0.728762967833,0.439617333915,blues,blues; floods; pre-blues; huddie ledbetter,211,90,25.357445,0,78.0,82.01875000000013,0.10252343750000016,0.09037978227646226,0.7958112477069328,Gotta Be Ur Man
TRYWUBG128F14771B5,SOXPUEV12A6D4FA462,ARDD00U1187B9AEB3F,Obie Trice,Got Some Teeth,Cheers,2003,229.3024,0.726490921728,0.494732886668,hip hop,rap; Hip-Hop; hip hop; Obie Trice; hilarious,583,212,68.154237,0,329.0,276.2312500000001,0.34528906250000013,0.113131767788419,0.688746787837943,Gotta Be Ur Man
TRLURQM128F1484267,SOIHBBD12A6D4F8EE9,ARPFHN61187FB575F6,Lupe Fiasco,Hurt Me Soul (Explicit Album Version),Lupe Fiasco's Food & Liquor,0,262.89587,0.902062926903,0.554633230574,hip hop,hip hop; soul; rap; Freakshit; looooooooooooooooooooooooove this song,508,229,57.043843,0,390.0,299.11499999999984,0.3738937499999998,0.1465367589859697,0.6817716174895075,Gotta Be Ur Man
TRPCYSR128EF35F745,SOILDBD12AB017FBCE,ARTB3OO1187FB49BDA,Elton John,Heart In The Right Place,The Fox,1981,314.74893,0.843041502593,0.568304112104,pop,pop rock; elton john; body parts; the word in; the word heart,264,95,41.496988,0,238.0,150.02499999999958,0.18753124999999948,0.1000850269985726,0.5617462530236114,Birthmark
TRXZNNF12903CA6F9B,SOWEIIN12AB018066C,ARO4WQR1187B9B9825,Kenny Rogers,Endless love,Les plus grands succès de la chansons américaine,1999,225.802,0.649874264468,0.6779575534,country,Mellow; country; singer-songwriter; beautiful; love songs,174,75,30.757113,0,294.0,61.19999999999983,0.07649999999999979,0.05504704017007248,0.5577415118492398,Birthmark
TRBGUJV128E078FE5D,SOJUIXL12AF729FE1E,ARW8Z0L1187FB5091A,Dru Hill,Share My World,Dru Hill,1996,267.51955,0.675814548354,0.473580998559,r&b/soul,rnb; male; Favorite; r and b; stream,405,103,58.762233,0,551.0,266.1862500000005,0.3327328125000006,0.1261589400495105,0.5532563735196885,Birthmark
TRCYLAX128F42B0D01,SOJSKDS12A8C13E1A4,AR7BGWD1187FB59CCB,Aretha Franklin,A Deeper Love,Dance Vault Mixes - (Pride) A Deeper Love,1993,275.80036,0.70279771426,0.569861220982,r&b/soul,soul; female vocalist; dance; rnb; Aretha Franklin,517,84,61.587336,0,625.0,164.031250000001,0.20503906250000126,0.07334512713803723,0.6141009062047394,Don't You Say No
TRJVRGE128F149E808,SOVRGKD12A6D4F738D,ARISHTQ1187FB3E6F0,Ben E. King,Supernatural Thing Part 1,The Ultimate Collection,0,248.60689,0.688638653571,0.478780074307,r&b/soul,soul and rnb classics,194,66,37.282704,0,500.0,130.0025000000001,0.16250312500000014,0.09626459310862145,0.5681820208659896,Don't You Say No
TRVOIPE128F149C472,SOLHYUQ12A6D4F8D4F,ARHAS6X1187B9901C6,Smokey Robinson,Cruisin',20th Century Masters: The Millennium Collection: Best Of Smokey Robinson & The Miracles,1979,269.42649,0.719993294216,0.477010642769,r&b/soul,soul; motown; 80s; smokey robinson; slow jams,268,81,42.40283,0,429.0,489.30000000000024,0.6116250000000003,0.3202657289581603,0.5670548656695114,Don't You Say No
TRAVRZW128F932016E,SOJUKCD12AB0186A01,ARMGDJZ1187B9AD74C,The Blues Brothers,Everybody Needs Somebody To Love,TPH Production Perform The Blues Brothers,1980,193.64526,0.715799994973,0.484553266869,blues,blues; Soundtrack; rock; blues brothers; rhythm and blues,393,115,62.673758,0,641.0,359.34500000000054,0.4491812500000007,0.1584505730289357,0.6349070716595995,Kickin' It With Your Girlfriend
TRANDPI128F425AF41,SOAAZWW12A8AE460E9,AR7OWGF1187FB44CB8,Alice Smith,Dream,For Lovers_ Dreamers & Me,2006,268.64281,0.667993539338,0.450285841217,r&b/soul,female vocalists; Neo Soul; soul; rnb; The L Word,255,107,37.762415,0,423.0,145.13499999999985,0.18141874999999982,0.10697826539401381,0.633975347414849,Kickin' It With Your Girlfriend
TRVWFVQ128F9316F97,SOBANVU12AB01879A7,ARDSMT71187FB52D10,Avant,Out of Character,Avant,2008,222.95465,0.850584461589,0.573337429721,blues,rhythum and blues tag; soul; rnb; avant; James Fauntleroy,387,121,60.712437,0,652.0,415.7849999999994,0.5197312499999992,0.19017485784999666,0.6328542459367178,Kickin' It With Your Girlfriend
TRQXHBL128F42A56FE,SOEUTXD12A58A80CFF,ARS23GQ1187FB4F71A,Ledisi,Best Friend,Lost And Found,2007,280.55465,0.746619436962,0.535121107496,r&b/soul,soul; Neo-Soul; Neo Soul; ledisi; chillout,443,120,79.246451,0,644.0,195.8300000000009,0.24478750000000113,0.06843334314985564,0.779790171557835,Rise Up
TRTPMBB128F42934F8,SOKRKJD12A8C13C4AC,AR2N24K1187B999361,Sage Francis,Keep Moving,Human The Death Dance,2007,276.06159,0.724706201256,0.524949698458,hip hop,Hip-Hop; test; brilliant; I like; Great Lyricists,660,246,71.386273,0,546.0,287.51250000000033,0.3593906250000004,0.11319138138170197,0.7692655500753487,Rise Up
TRZCHKB128F92CB740,SOFCVMN12A8C141F62,AR4RBOB1187B9AC209,Anastacia,Club Megamix,Pieces Of A Dream,0,708.72771,0.583808862216,0.323553746888,rock,Slow Rock; pop; dance; party; female vocalist,749,201,98.020406,0,1056.0,332.2399999999991,0.4152999999999989,0.09500332699422537,0.760673263497942,Rise Up
TRPUDOQ128F9344F23,SOFMODO12A58A7C3B8,AR050VJ1187B9B13A7,Dead Kennedys,Goons of Hazzard,Mutiny on the Bay,1984,247.19628,0.737037558042,0.539245418349,punk,punk; 1980s; hardcore; punk rock; conservative,196,103,25.787594,0,96.0,630.1612500000006,0.7877015625000007,0.6769078821421555,0.5922654424635508,Joy Ride
TRWETTQ12903CF2084,SOTXUPH12A6D4F6E02,ARCC9TU1187B99D0E5,Watch Them Die,Resurrection,Watch Them Die,2003,516.23138,0.588703414231,0.374534787079,metal,metal; Blackened Death Metal,446,169,42.09513,0,112.0,848.9825000000002,1.0612281250000002,0.5702225329187764,0.5880929660560793,Joy Ride
TRJDKEI128F9337CDF,SOSNYKU12AB01802C8,ARR80QD1187B98BBB4,Thought Riot,Save The Humans,Shattered Mirror Syndrome,2002,149.10649,0.50319696895,0.369314242368,punk,punk; hardcore; punk rock; melodic hardcore; hardcore punk,184,101,21.817424,0,91.0,423.50750000000005,0.529384375,0.5432778072180362,0.5769572174135009,Joy Ride
TRHUNZT128C719654E,SOMSQXY12A6310D81E,ARWD25M1187FB4C563,Amy Winehouse,I Heard Love Is Blind,Frank,2003,129.72363,0.899709852629,0.583732613088,jazz,jazz; soul; female vocalists; Amy Winehouse; british,165,86,27.802878,0,241.0,75.3262500000001,0.09415781250000013,0.07507062107161,0.7791649093840943,Sprung
TREUZWP128F421CBB7,SOIVCQA12A6D4FEC22,AR7C9271187FB39BF8,Chely Wright,Between A Mother And A Child,The Metropolitan Hotel,2005,249.33832,0.720052703388,0.449806256495,country,country; female vocalists; chely wright; Country woman; powerful ladies,290,108,41.856899,0,451.0,166.4099999999995,0.20801249999999938,0.1105635836055999,0.7508958424508992,Sprung
TRHRXAE128F92C1CDE,SOSMYLZ12A8C1417B6,ARTQ8QP1187FB3D220,Leonard Cohen,The Stranger Song,Songs Of Leonard Cohen,1967,307.25179,0.800189481583,0.564623405405,folk,folk; singer-songwriter; leonard cohen; acoustic; rock,521,181,56.115951,0,426.0,240.90124999999958,0.3011265624999995,0.1208592750675794,0.7484912908300245,Sprung
TRGIGND128F92D45AA,SOXNHRA12A8C144BB3,ARJ1K7W1187FB3C1EB,Canned Heat,Dust My Broom,On The Road Again,1971,345.23383,0.6753573051,0.463889743073,blues,blues; blues rock; classic rock; 60s; rock,223,67,39.673669,0,130.0,20.057499999999987,0.025071874999999983,0.013940540278468798,0.9267578286355703,Never Too Much
TRGNBRZ128F9300AF5,SOQQCPC12A8C140EF3,ART70HI1187B9A37BC,Elmore James,Dust My Broom,Very Best Of The Blues,1965,169.9522,0.619366855459,0.43482343141,blues,blues; Chicago Blues; Classic Blues; guitar; electric blues,224,68,39.673669,0,130.0,20.057499999999987,0.025071874999999983,0.013940540278468798,0.9267578286355703,Never Too Much
TRVUTUU12903CD46E5,SOEEAKI12AB018F292,ART70HI1187B9A37BC,Elmore James,Dust My Blues,Memphis Blues,1960,163.47383,0.619366855459,0.43482343141,blues,blues; blues rock; guitar; Classic Blues; Slide Blues,151,54,28.757608,0,158.0,9.10625000000001,0.011382812500000013,0.008731887264939956,0.8859773649667613,Never Too Much
TRLURQM128F1484267,SOIHBBD12A6D4F8EE9,ARPFHN61187FB575F6,Lupe Fiasco,Hurt Me Soul (Explicit Album Version),Lupe Fiasco's Food & Liquor,0,262.89587,0.902062926903,0.554633230574,hip hop,hip hop; soul; rap; Freakshit; looooooooooooooooooooooooove this song,508,229,57.043843,0,390.0,299.11499999999984,0.3738937499999998,0.1465367589859697,0.6672512523474022,Chocolate Factory
TRRWQZF128E0781BA4,SOKNZPO12A6310E047,AR2114P1187FB4049A,Spearhead,Rebel Music (3 O'Clock Roadblock),Chocolate Supa Highway,0,327.83628,0.567575130212,0.361022741285,reggae,songs by bands with the suffix head; reggae; Black; fu; pi-fu,135,48,21.863211,0,106.0,131.595,0.16449375,0.16663253600436548,0.6262595726296198,Chocolate Factory
TRVIFKS128F426813A,SOKVYHH12A81C22CC4,ARR057Y1187B9A16E7,Children Of Bodom,No Commands,Nuclear Blast Showdown 2005,1998,287.45098,0.86869653164,0.586981700976,metal,Melodic Death Metal; metal; cover; children of bodom; covers,179,87,26.683328,0,190.0,47.089999999999925,0.05886249999999991,0.048993203586614846,0.6187035151341005,Chocolate Factory
TRQBDFJ12903D082F6,SOKWBNH12AC468940B,ARBHBE91187B9A1F58,Jonny Lang,Bump In The Road,Live at the Ryman,2006,229.95546,0.698969925264,0.486783024923,blues,blues; jonny lang; songsof2006; singer-songwriter; blues rock,334,111,45.934736,0,262.0,243.32249999999945,0.3041531249999993,0.14745972684965833,0.7419916503812658,I Mean (I Don't Mean It)
TRSXWOE12903CA7F6E,SOCJZSC12A58A7B1D0,AR1M4LH1187B9B9F32,Z-RO,Pain,Straight Profit,2001,245.57669,0.774642898383,0.498348706084,hip hop,z-ro; pain; rap; classic; texas,658,255,71.203932,0,335.0,336.5125000000006,0.42064062500000077,0.13284476998757327,0.7216350486634505,I Mean (I Don't Mean It)
TRCHZXW128E079288A,SOMEJDK12D0219BB71,ARTH9041187FB43E1F,Eminem,8 Mile,8 Mile,2002,359.3922,0.886183647684,0.852677055416,hip hop,rap; Hip-Hop; Eminem; Soundtrack; hip hop,1141,328,132.992481,0,768.0,507.52375000000114,0.6344046875000015,0.10709045199029754,0.7164930828218641,I Mean (I Don't Mean It)
TRVOVJN128F93439A3,SOSBNFQ12AB0185969,ARJ8ZVR1187FB4336E,Ani DiFranco,Grey (from Revelling Reckoning),Songs for a Broken Heart,0,309.65506,0.766211290057,0.54261561648,folk,singer-songwriter; alternative; female vocalists,242,94,36.138622,0,171.0,169.0575000000007,0.21132187500000085,0.12936909558485832,0.8281821538511154,In The Kitchen
TRMIUJY128F4292965,SOSKRXH12A8C139418,ARH3TO11187FB39019,Rory Gallagher,I Take What I Want,Against The Grain,1975,261.56363,0.680883300105,0.490098730917,blues,blues rock; blues; rock; guitar; 70s,240,61,51.990384,0,296.0,73.89874999999984,0.0923734374999998,0.0391291780987106,0.8038537863018721,In The Kitchen
TREBQOW128F92C4549,SOLIKYJ12A8C13F7DA,AR54RGR1187FB51D10,Common,Book Of Life,thisisme then: the best of common,1994,306.85995,0.865128983978,0.53481975015,hip hop,Hip-Hop; hip hop; hiphop; rap; Jazz Hop,569,226,78.663842,0,373.0,293.21500000000054,0.36651875000000067,0.10351864197737916,0.798990468625304,In The Kitchen
TRPJAMU128F428AB1A,SOSMPJR12A8C138A9B,ARKNOZU1187FB5A371,Phil Vassar,Lucky As Me,Phil Vassar,2000,223.37261,0.704994472108,0.504855154444,country,country; singer-songwriter; LAM,278,73,45.716518,0,319.0,93.71750000000037,0.11714687500000047,0.056680485571957484,0.7937658126830569,Distance And Time
TRQYMVP12903CD6EDE,SOLYXXX12AB018B36F,ARE5LT91187B9B04DE,Teenage Bottlerocket,Without You,They Came from the Shadows,2009,130.82077,0.757641682109,0.484978755611,punk,punk rock; need more,333,86,62.26556,0,444.0,117.41624999999985,0.1467703124999998,0.052054787489394724,0.7783670456158265,Distance And Time
TRPMNBR128F92F9588,SOINRYO12AB017C708,ARM8P4T1187B99F4BA,The Damned,New Rose,Noise Noise Noise,1976,168.75057,0.678103258932,0.448185990992,punk,punk; punk rock; 70s; Classic Punk; rock,230,78,39.268308,0,200.0,80.22249999999978,0.10027812499999973,0.056457632612053374,0.7690574134304711,Distance And Time
TRZCHKB128F92CB740,SOFCVMN12A8C141F62,AR4RBOB1187B9AC209,Anastacia,Club Megamix,Pieces Of A Dream,0,708.72771,0.583808862216,0.323553746888,rock,Slow Rock; pop; dance; party; female vocalist,749,201,98.020406,0,1056.0,332.2399999999991,0.4152999999999989,0.09500332699422537,0.7928046658130158,Lover Man
TRRZSBO128F428BE44,SOGEKBX12A8C13ACE1,ARPDVPJ1187B9ADBE9,Usher,Nice & Slow,Live,1997,390.76526,0.856448923652,0.851233891127,r&b/soul,rnb; slow jams; 90s; hip hop; sexy,469,139,69.382995,0,791.0,284.30250000000046,0.3553781250000006,0.11409431314383146,0.7679186511864715,Lover Man
TRNCIOP128F426A93D,SOUAPIV12A8C132B47,ARH0A381187FB3C2F2,Brownstone,Kiss And Tell,STILL CLIMBING,1998,285.67465,0.5847411597,0.405802611613,r&b/soul,rnb; soul; urban; brownstone; Favourite Songs,351,88,63.285069,0,749.0,163.91124999999957,0.20488906249999947,0.07172901982544659,0.7670510760753579,Lover Man
TRCVXLC128F4233F8E,SOZVUNJ12A81C22102,ARBLAEY1187FB41CFC,Damn Yankees,Firefly (LP Version),Don't Tread,1992,297.7171,0.597497686777,0.412811938385,rock,hard rock; rock; 80s; heavy metal,191,96,27.694765,0,305.0,132.01875000000018,0.16502343750000023,0.1326015299398094,0.6180824120593194,Nobody Not Really (Interlude)
TRNLZRQ128E078EF88,SOFNMXV12A67021358,ARR9XGB1187B9912E6,Boyz II Men,You're Not Alone,Christmas Interpretations,1993,308.08771,0.790922847956,0.601184941794,r&b/soul,christmas; christmas soul,400,168,44.440972,0,453.0,203.96624999999992,0.2549578124999999,0.12972782583094059,0.6168128962723849,Nobody Not Really (Interlude)
TRJLMAI128F92EBB04,SOLMEOG12A8C142046,ARJT1PO1187FB52E7D,Marques Houston,Naked,Wendy Williams Brings The Heat Vol. 1,0,264.98567,0.740455341569,0.492729093193,r&b/soul,naked; rnb; sexy; Marques Houston - Naked; soul,516,145,64.621978,0,631.0,388.3250000000001,0.48540625000000015,0.1688415504847474,0.6153433755278779,Nobody Not Really (Interlude)
TRLTTDC128E079380E,SOCTYHG12A679D7E2B,ARE0WH81187B9A7BA3,Rufus Wainwright,Baby,Rufus Wainwright,1998,313.12934,0.754130066262,0.64041969134,folk,singer-songwriter; afternoon; cloudy; beauty; rufus,245,84,43.255058,0,369.0,60.20624999999992,0.0752578124999999,0.03844785583284048,0.7548441597835446,Piano & I
TRKLJAG128F42B31CF,SOTGRDJ12A8C13FE2A,ARB8DSE1187FB3CFC4,Mario Vazquez,Everytime I...,Mario Vazquez,2006,241.71057,0.723005147335,0.395148687525,r&b/soul,mario vazquez; Everytime I; soul; rnb; r&b,511,114,125.658267,0,731.0,212.68750000000057,0.26585937500000073,0.046399764746819804,0.7315411566402302,Piano & I
TRMIUJY128F4292965,SOSKRXH12A8C139418,ARH3TO11187FB39019,Rory Gallagher,I Take What I Want,Against The Grain,1975,261.56363,0.680883300105,0.490098730917,blues,blues rock; blues; rock; guitar; 70s,240,61,51.990384,0,296.0,73.89874999999984,0.0923734374999998,0.0391291780987106,0.7295423304257396,Piano & I
TRGZDBB128F4270A4C,SOLWDNH12D021B2402,ARH861H1187B9B799E,Johnny Cash,I Don't Know Where I'm Bound,At San Quentin (The Complete 1969 Concert),2000,143.80363,0.842332789509,0.747251065679,country,country; singer-songwriter; male vocalists; cash; 60s,213,80,41.641326,0,221.0,55.947499999999934,0.06993437499999992,0.036959748080820365,0.7834660807446496,Tell You Something (Nana's Reprise)
TRFSQXF128F9311B25,SOCHMTD1288D3E7D9D,ARVKJGO12086C15075,LMFAO,I Am Not A Whore,Party Rock,2008,195.76118,0.750760977079,0.644904097514,electronic,electronic; lmfao; electro; pimpinin awsome; party rock,209,57,48.373546,0,193.0,28.034999999999872,0.03504374999999984,0.015852730255086565,0.7553117160686514,Tell You Something (Nana's Reprise)
TRSXWSL128F933DFE5,SODHPHU12AB0187560,ARDCQM61187B9951CE,Sneaky Sound System,16,Sneaky Sound System,2008,223.08526,0.744844377269,0.447386029272,pop,pop; bez-stres-owe; australian electro; miianens playlist,331,75,57.775427,0,401.0,308.4325000000005,0.38554062500000064,0.14744429275405088,0.7532525144739896,Tell You Something (Nana's Reprise)
TRZCHKB128F92CB740,SOFCVMN12A8C141F62,AR4RBOB1187B9AC209,Anastacia,Club Megamix,Pieces Of A Dream,0,708.72771,0.583808862216,0.323553746888,rock,Slow Rock; pop; dance; party; female vocalist,749,201,98.020406,0,1056.0,332.2399999999991,0.4152999999999989,0.09500332699422537,0.7995159955568875,Try Sleeping With A Broken Heart
TRCHZXW128E079288A,SOMEJDK12D0219BB71,ARTH9041187FB43E1F,Eminem,8 Mile,8 Mile,2002,359.3922,0.886183647684,0.852677055416,hip hop,rap; Hip-Hop; Eminem; Soundtrack; hip hop,1141,328,132.992481,0,768.0,507.52375000000114,0.6344046875000015,0.10709045199029754,0.7868874024434034,Try Sleeping With A Broken Heart
TRBWKZD128F428AAEB,SORXNTB12CF5F87A51,AR4WHYC1187B9896E7,A Tribe Called Quest,Hot Sex,The Love Movement,1992,165.66812,0.79073032369,0.544262014739,hip hop,Hip-Hop; hip hop; rap; 90s; urban,431,184,46.957428,0,334.0,169.69124999999974,0.21211406249999967,0.1013092470528298,0.7833168440069457,Try Sleeping With A Broken Heart
TRAKLUM128F428C6CB,SOHIQMG12A8C139A98,ARW79J31187FB3732A,Lisa Miskovsky,Acceptable Losses,Changes,2006,306.20689,0.626944670698,0.461685439856,pop,pop; swedish; singer-songwriter; rock; female vocalist,338,161,36.345564,0,231.0,290.17374999999987,0.3627171874999998,0.22376445182093094,0.6145198834219515,Why Do I Feel So Sad
TROPCYL128F92E528C,SOABKVZ12A8C1447D2,AR183IH1187B9AC2F0,Funker Vogt,Frozen In Time,Aviator,2007,292.70159,0.626485899941,0.495091227863,electronic,Aggrotech; industrial; ebm; Magistral; War Electro,148,77,17.972201,0,90.0,126.08375000000001,0.1576046875,0.19434256661156965,0.598161980140358,Why Do I Feel So Sad
TRJTUVF128F4268D12,SOFEFNM12A8C13A6AE,AR8XRCY1187B9A2BF7,The Kovenant,Spaceman,Animatronik,1999,322.89914,0.631482130938,0.480656035779,metal,cover; industrial metal; Cyber Metal; space metal; black metal,325,128,37.907783,0,303.0,168.4487500000001,0.21056093750000013,0.12482811146087056,0.5762455419643757,Why Do I Feel So Sad
TRZUMSX128E078F796,SOZIBTT12A58A7CE96,ARHRC7V1187FB4D274,Gary Allan,Bourbon Borderline,Smoke Rings In The Dark,1999,167.54893,0.849006448486,0.598677920185,country,country; linedance,165,68,34.0,0,217.0,105.0900000000001,0.13136250000000013,0.08512006802218254,0.6793962351804826,Lovin U
TRWCPJN128E079372C,SOEGBPA12AB01890FA,AR58JT11187B9AF4CC,Carpenters,I Need To Be In Love,A Kind Of Hush,1976,226.7424,0.641963523486,0.541055264726,pop,70s; female vocalists; carpenters; pop; easy listening,219,95,36.235342,0,219.0,150.87624999999977,0.18859531249999972,0.11524441614860745,0.6722735704338282,Lovin U
TRSTJFQ128F428DA21,SOKVESS12A81C20D36,ARG8DXO1187B9AF743,Less Than Jake,I Think I Love You,Goodbye Blue And White,1997,124.682,0.843322339035,0.554564301721,reggae,ska; punk; covers; ska punk; cover,340,106,66.075714,0,549.0,190.23499999999984,0.2377937499999998,0.07937495040132146,0.6597369124444895,Lovin U
TRYXYFR128E078C6B5,SOZGLGT12A67020BA5,ARYSJWK1187B9B32CE,Digital Underground,Sex Packets (LP Version),The Best Of Digital Underground: Playwutchyalike,0,440.86812,0.674105191296,0.51148628336,hip hop,hip hop,483,131,64.753378,0,669.0,357.73625000000106,0.44717031250000133,0.15392693999938553,0.6847736440694459,My Ride
TRWJMMB128F429D550,SOSTHWX12A8C13C4D0,ARD7TVE1187B99BFB1,Casual,Thoughts Of The Thoughtful,Fear Itself,0,175.93424,0.581793765845,0.401997543364,hip hop,underground hip-hop; funky ass shit; stream; Listen carefully; i know that sample,305,158,30.479501,0,220.0,180.20625000000032,0.2252578125000004,0.1660205661687836,0.6823555074517855,My Ride
TRZCHKB128F92CB740,SOFCVMN12A8C141F62,AR4RBOB1187B9AC209,Anastacia,Club Megamix,Pieces Of A Dream,0,708.72771,0.583808862216,0.323553746888,rock,Slow Rock; pop; dance; party; female vocalist,749,201,98.020406,0,1056.0,332.2399999999991,0.4152999999999989,0.09500332699422537,0.681290463348545,My Ride
TRDRZYA128F148C6A2,SODGAWK12A6D4F660D,ARPANXO1187B9B468A,Public Enemy,Sophisticated Bitch,Yo! Bum Rush The Show,1987,270.34077,0.73502984911,0.473501291523,hip hop,hip hop; rap; old school; My15TopAlbums; Hip Hop with guitar,497,202,51.536395,0,223.0,184.33499999999992,0.2304187499999999,0.10090361171534996,0.591325234789485,Starting All Over
TRVTTHC128F1468AAB,SOAYUIG12A6D4F7069,AR3R83L1187B9B01B0,Rosanne Cash,44 Stories,Rules Of Travel,2003,199.67955,0.638384205204,0.513897736047,country,country; folk; acoustic; singer songwriter; country pop,167,84,23.0,0,111.0,49.523749999999914,0.061904687499999896,0.05973823326403183,0.5574096011784468,Starting All Over
TROMGSH128F427A408,SOBADWZ12CF5F86CD7,AR5FP401187FB523C9,Bob Dylan,She Belongs To Me,Self Portrait,1965,162.89914,0.841742616105,0.622134167873,folk,folk; 60s; folk rock; singer-songwriter; rock,166,73,28.284271,0,61.0,45.28749999999993,0.05660937499999991,0.044126564137908324,0.5572995801953287,Starting All Over
TRYHYML128F92E0A69,SOCCCCE12A8AE48CF2,AR4GAFY1187B9B639D,B.B. King,Going Down Slow,My Sweet Little Angel,1986,283.48036,0.641126734432,0.535657889199,blues,blues; favourite guitarmen,151,58,24.779023,0,124.0,65.39749999999945,0.08174687499999932,0.07320134007018209,0.8425563226950468,Oh Boy
TRVQVOK128F423C8B6,SOFZNJD12A8AE477DE,ARFJZRY1187FB3C85E,Bette Midler,Friends/Oh My My (LIve),Live At Last,0,255.26812,0.685244285268,0.52881351314,folk,funny; feelgood; Bette1; good movin music; annymix,505,132,82.2253,0,454.0,206.75875000000065,0.2584484375000008,0.06961767819021315,0.6813484153270828,Oh Boy
TRTPMBB128F42934F8,SOKRKJD12A8C13C4AC,AR2N24K1187B999361,Sage Francis,Keep Moving,Human The Death Dance,2007,276.06159,0.724706201256,0.524949698458,hip hop,Hip-Hop; test; brilliant; I like; Great Lyricists,660,246,71.386273,0,546.0,287.51250000000033,0.3593906250000004,0.11319138138170197,0.6775047070240335,Oh Boy
TRPBTSJ128F42A3168,SOCTMXF12A8C13BF5C,ARHLSMN1187B98D8D7,Harry Belafonte,Angelina,Harry Belafonte - I Miti Musica,1961,236.48608,0.667204447187,0.508376104749,latin,calypso; oldies; latin; names; jamaican,218,106,34.885527,0,353.0,100.29374999999978,0.12536718749999973,0.07958936001602886,0.73674820308007,Maybe
TRIOKOC128F4267572,SOIOLFS12D021989DD,ARTQ8QP1187FB3D220,Leonard Cohen,Chelsea Hotel #2,SO LONG_ MARIANNE,1974,183.87546,0.795232168499,0.591099659388,folk,folk; singer-songwriter; leonard cohen; melancholy; rock,257,106,42.296572,0,405.0,204.67875000000018,0.25584843750000025,0.13372674126113449,0.7005580697858551,Maybe
TRQYUKJ12903C9A1CE,SOVCUXV12A58A807E5,ARWQUD91187B9ACF59,Kevin Devine,It's Only Your Life,Brother's Blood,2008,353.69751,0.742073878888,0.447432326819,folk,folk; rock; acoustic; indie; indie rock,380,134,64.645185,0,589.0,296.2737500000006,0.3703421875000007,0.12669498534635446,0.6850590305629397,Maybe
TRAYTDZ128F93146E3,SODMJQQ12CF4E25877,ART3O5Z1187B9AB043,Stevie Ray Vaughan And Double Trouble,Mary Had A Little Lamb,Texas Flood,1988,166.73914,0.783037109548,0.544257505725,blues,blues; blues rock; rock; classic rock; guitar,61,46,7.416198,0,22.0,18.31375000000002,0.022892187500000025,0.06847156030347609,0.8539864924534398,Stuck In the Middle
TRVFNFP128EF342B8C,SOMAWEN12A67AE111B,AR9SKZV1187FB57E1D,The Horrors,Gloves,Gloves,2006,235.41506,0.742406740901,0.539966380965,rock,Garage Rock; indie; british; rock; 77davez-all-tracks,267,121,38.418745,0,140.0,219.9150000000004,0.2748937500000005,0.15870618644467135,0.5870976604330932,Stuck In the Middle
TRTBRQA128F427EE09,SOZZILO12A8C13C9ED,AR6GVSZ1187FB36FFB,Jeffrey Lewis,Gold,It's The Ones Who've Cracked That The Light Shines Through,2003,274.96444,0.597161753711,0.433419587132,folk,folk; acoustic; cool; psychedelic; wordy,531,222,66.648331,0,340.0,354.6650000000002,0.44333125000000023,0.1482904001961657,0.5784924406347708,Stuck In the Middle
TRYBQHB128F92E4FEF,SOWTTUQ12AB0181DB4,ARM7BUE1187FB5961C,Dada,Pretty Girls Make Graves,Best Of The IRS Years,0,291.86567,0.562891829454,0.438285120373,rock,rock; ograstamon; Sousaphonic AOTM 201102,148,79,20.856654,0,53.0,37.24875,0.0465609375,0.04941579803335733,0.6075438259512418,Bump What Your Friends Say
TRNGIXM128F148D3E6,SODMEDH12A6D4F8B1E,ARK9IDJ1187FB4365F,Jesse Johnson,I Want My Girl,Ultimate Collection: Jesse Johnson,1984,290.0371,0.531554135646,0.352168588026,r&b/soul,soul; funk; 1985; Smooth Soul; rock,298,83,51.38093,0,280.0,42.630000000000024,0.05328750000000003,0.022943294523570693,0.5380700677417882,Bump What Your Friends Say
TRQYFPX128F42A834D,SOZQNML12A8C13D971,ARUN69Q1187B98E4D4,Patricia Barber,My Girl,A Distortion Of Love,1992,224.15628,0.609182854439,0.423555940207,jazz,jazz; female vocalists; vocal jazz; Smooth Jazz; vocal,162,61,31.064449,0,127.0,76.10625000000013,0.09513281250000016,0.067421762316931,0.5058016814600806,Bump What Your Friends Say
TRVCSYQ128F425A835,SOFYJLY12A8AE458AE,AR6BJ1V1187B9AE3B7,Fleetwood Mac,I Believe My Time Ain't Long,The Pious Bird Of Good Omen,1969,181.86404,0.747903749594,0.576036185746,blues,blues; classic rock; blues rock; rock; undergraduate years,157,65,28.965497,0,99.0,-10.366249999999992,-0.01295781249999999,-0.009870860762352085,0.8859773649667613,Smack Dab In The Middle
TRGNBRZ128F9300AF5,SOQQCPC12A8C140EF3,ART70HI1187B9A37BC,Elmore James,Dust My Broom,Very Best Of The Blues,1965,169.9522,0.619366855459,0.43482343141,blues,blues; Chicago Blues; Classic Blues; guitar; electric blues,224,68,39.673669,0,130.0,20.057499999999987,0.025071874999999983,0.013940540278468798,0.8370439327492323,Smack Dab In The Middle
TRGIGND128F92D45AA,SOXNHRA12A8C144BB3,ARJ1K7W1187FB3C1EB,Canned Heat,Dust My Broom,On The Road Again,1971,345.23383,0.6753573051,0.463889743073,blues,blues; blues rock; classic rock; 60s; rock,223,67,39.673669,0,130.0,20.057499999999987,0.025071874999999983,0.013940540278468798,0.8370439327492323,Smack Dab In The Middle
TRCVFIA128F4267079,SOZCTRP12A8C133CAE,ARKWI7M1187B9B7713,Destiny's Child,Birthday,Destiny's Child,1998,314.93179,0.787303628848,0.497417807383,r&b/soul,Birthday; rnb; 170 ooo; RONTA; pop,388,98,68.949257,0,561.0,642.0149999999994,0.8025187499999993,0.2560913218073295,0.6043613755336014,Don't You Know
TRWNNIJ128F429F912,SORTVLM12A8C13A5FF,AROMTOV1187B9AE96A,M People,It's Your World,Northern Soul,1991,241.05751,0.530803874388,0.42278451434,electronic,1992; 120 bpm; ElectronicaDance,236,75,49.040799,0,269.0,194.62375000000006,0.24327968750000006,0.109164319176494,0.5469939187198799,Don't You Know
TRQYUKJ12903C9A1CE,SOVCUXV12A58A807E5,ARWQUD91187B9ACF59,Kevin Devine,It's Only Your Life,Brother's Blood,2008,353.69751,0.742073878888,0.447432326819,folk,folk; rock; acoustic; indie; indie rock,380,134,64.645185,0,589.0,296.2737500000006,0.3703421875000007,0.12669498534635446,0.5447321471889016,Don't You Know
TRAVRZW128F932016E,SOJUKCD12AB0186A01,ARMGDJZ1187B9AD74C,The Blues Brothers,Everybody Needs Somebody To Love,TPH Production Perform The Blues Brothers,1980,193.64526,0.715799994973,0.484553266869,blues,blues; Soundtrack; rock; blues brothers; rhythm and blues,393,115,62.673758,0,641.0,359.34500000000054,0.4491812500000007,0.1584505730289357,0.8089193244514131,All I Ever Think About
TRIOKOC128F4267572,SOIOLFS12D021989DD,ARTQ8QP1187FB3D220,Leonard Cohen,Chelsea Hotel #2,SO LONG_ MARIANNE,1974,183.87546,0.795232168499,0.591099659388,folk,folk; singer-songwriter; leonard cohen; melancholy; rock,257,106,42.296572,0,405.0,204.67875000000018,0.25584843750000025,0.13372674126113449,0.7967513236634021,All I Ever Think About
TRPBTSJ128F42A3168,SOCTMXF12A8C13BF5C,ARHLSMN1187B98D8D7,Harry Belafonte,Angelina,Harry Belafonte - I Miti Musica,1961,236.48608,0.667204447187,0.508376104749,latin,calypso; oldies; latin; names; jamaican,218,106,34.885527,0,353.0,100.29374999999978,0.12536718749999973,0.07958936001602886,0.7932066146216513,All I Ever Think About
TRNGITJ128F933AE2C,SOZNSYU12AB0181A9E,ARJ0AL61187B9A3F27,Katie Melua,Ghost Town,Live at The O2 Arena,2007,221.28281,0.713617919141,0.513977593763,jazz,jazz; female vocalists; pop; Katie Melua; blues,208,87,32.449961,0,173.0,127.71125000000013,0.15963906250000018,0.1091166608210896,0.47816936755592127,(You Were Made) Especially For Me
TRHANPE128F1468B90,SOQVYCV12A6D4F7FC4,AR6BTUN1187FB3C5A1,Bahamadia,Rugged Ruff,Kollage (Europe),1996,188.65587,0.578294411968,0.372842480422,hip hop,hip hop; Jazz Hop; underground hip hop; True Hip Hop; STRICTLY FOR THE UNDERGOUND,157,110,18.330303,0,64.0,82.79249999999969,0.10349062499999961,0.12489211862969801,0.46795879091314513,(You Were Made) Especially For Me
TRLWWXL128F933D0C1,SOYDNDN12A58A77663,ARWRVSR1187FB575FB,MARC COHN,Walking In Memphis,Walking In Memphis / Dig Down Deep [Digital 45],1991,255.63383,0.623254925198,0.479176196896,folk,singer-songwriter; rock; 90s; pop; marc cohn,338,108,45.760245,0,181.0,145.04750000000035,0.18130937500000044,0.08795934719810429,0.44176467155311433,(You Were Made) Especially For Me
TRFZLXU128F935F34B,SOEDIEO12AB0189961,ARYYCVC1187B9A8510,Bessie Smith,Send Me To The Lectric Chair,Bessie's Best,0,202.86649,0.637521050415,0.404798068262,blues,blues; Old Blues; Classic Blues; female vocalists; 2giveme5,203,84,25.13961,0,181.0,5.8149999999999835,0.007268749999999979,0.006401211080227663,0.6705577967991494,I Was Made To Love Her
TRECYJW128F4289D1C,SODZKUG12A8C13C579,ARPKK761187FB4D53C,The Ataris,Myself,...Anywhere But Here,1997,138.65751,0.827853769867,0.517328583566,punk,punk rock; life; pop punk; The Ataris; Downloads,260,119,41.701319,0,265.0,54.95374999999988,0.06869218749999985,0.03655499483569,0.6650851221553346,I Was Made To Love Her
TRCJADX128F428D3E0,SOKPSGM12A8C1381DE,AR03BDP1187FB5B324,Britney Spears,Let Me Be,Britney,2001,171.10159,0.947327506635,0.631289507585,pop,pop; Britney Spears; female vocalists; dance; Let Me Be,460,81,89.420356,0,856.0,124.52249999999998,0.15565312499999998,0.03844847507636246,0.639810870089529,I Was Made To Love Her
TRIYHGN128F422F6D2,SONYQBY12A6D4FD3CB,ARAKWGG1187B9AEF3C,Dismal Euphony,Psycho Path,All Little Devils,1999,243.35628,0.556116750747,0.359246336728,metal,Gothic Metal; female vocalists; metal; black metal; symphonic metal,147,81,20.59126,0,99.0,8.067499999999969,0.010084374999999961,0.010864130520093856,0.5961327387140343,Bridge Over Troubled Water
TRTWTCE128F4263D6F,SOLCEOL12A8C1390A3,AR3ZL6A1187B995B37,De-Phazz,Wait,Daily Lama,2002,220.94322,0.667138905552,0.459748101423,jazz,lounge; jazz; chillout; downtempo; nu-jazz,143,75,20.07486,0,116.0,48.35875000000017,0.060448437500000216,0.0669421498660306,0.5950889057474597,Bridge Over Troubled Water
TRALJOA128F148B0EC,SOKKWDU12A58A78DE3,ARI4O061187B991624,Matt Nathanson,Little Victories,Beneath These Fireworks,2000,159.7122,0.786524697693,0.538058877175,folk,singer-songwriter; matt nathanson - little victories; indie; Poetic Mastery; matt nathanson,107,51,18.11077,0,71.0,54.154999999999795,0.06769374999999975,0.08242830568507249,0.5749029833541811,Bridge Over Troubled Water
TRLUGVB128F428E704,SOWLYQH12A58A7A5F8,ARJWOHS1187FB4361D,Tracey Ullman,Breakaway,You Broke My Heart In Seventeen Places,1983,296.88118,0.561726465212,0.390790186576,pop,80s; pop; rock; female vocalists; performed on top of the pops,298,73,90.338253,0,300.0,49.72374999999998,0.06215468749999998,0.015064116128349264,0.6948739243913004,Goin' Back To Indiana
TRVPQXR128F9333711,SOKZHWY12AB017E7A5,ARKZPHN1187B9B76CF,Yerba Buena,No No No,Island Life,2005,263.47057,0.600155042562,0.369612437467,latin,latin; cuba; emusic,271,99,63.237647,0,177.0,293.37124999999935,0.36671406249999916,0.12718137805378055,0.679252981427706,Goin' Back To Indiana
TRYAWRN128F42792CB,SOURJAD12A8C1364FC,ARS86AJ1187B9B4225,Janis Joplin,Kozmic Blues,The Essential Janis Joplin,1969,305.47546,0.829603740082,0.559925868569,blues,blues; classic rock; female vocalists; 60s; blues rock,512,137,90.509668,0,552.0,300.7100000000001,0.3758875000000001,0.09203354596481209,0.6403979947475642,Goin' Back To Indiana
TRQBTYN128F92EA704,SOBCLJC12D021B0B38,AR4ZNBW1187FB554B8,Tony Bennett,You're All The World To Me,MTV Unplugged,1993,135.54893,0.758949615466,0.538305314101,jazz,jazz; Ja,145,66,26.248809,0,229.0,186.19375000000036,0.23274218750000045,0.19484914303886583,0.73913808345401,Lookin' Through The Windows
TRCRGKS128F92C57A8,SOMTNQR12A8C13FE21,ARUN69Q1187B98E4D4,Patricia Barber,You're The Top,The Cole Porter Mix,2008,219.55873,0.609182854439,0.423555940207,jazz,jazz; vocal jazz; Patricia Barber; jazzy-blue; contemporary jazz vocalists,183,75,37.775654,0,272.0,283.9962500000004,0.3549953125000005,0.20589513855954672,0.7316274421252662,Lookin' Through The Windows
TRYMECK128F428253F,SOEDEUM12A8C13EEBB,ARH2RTQ1187B9AFF57,Husker Du,You're A Soldier,Warehouse: Songs And Stories,1987,184.18893,0.688305622609,0.518314166387,rock,80s; 1987; Love; alternative rock; favorites,161,64,29.223278,0,248.0,170.0125000000011,0.21251562500000137,0.15962020922885664,0.694669413787504,Lookin' Through The Windows
TRZFXRK12903CBE34F,SOBNDKM12AB0188395,AR80BY41187B98DECF,Albert King,I Get Evil,New Orleans Heat,1962,239.22893,0.663400927384,0.389157892113,blues,blues; Classic Blues,194,68,34.741906,0,386.0,29.491249999999933,0.03686406249999992,0.02340743668648855,0.9154469911649695,You've Changed
TRFLMQX128F9341492,SOAPIAQ12AB01887CA,AR5O86P1187FB3B8CD,Edith Piaf,Dont Cry,The Essential Collection (Digitally Remastered),0,169.24689,0.537686929663,0.46672003247,punk,punk; covers; bizarre; novelty; poprock,257,65,52.40229,0,598.0,154.1900000000002,0.19273750000000026,0.08101178404825927,0.7626826288219383,You've Changed
TRXIEYZ128E078891B,SOQQWFI12A67020F95,ARN5NHX1187FB4F755,The Smashing Pumpkins,You're All I've Got Tonight,Rarities & B-Sides,1995,191.03302,0.887920450193,0.674834271477,rock,cover; rock; alternative rock; alternative; covers,161,42,38.379682,0,421.0,71.79875000000004,0.08974843750000006,0.05135718725628171,0.7492831036783363,You've Changed
TRMEKRF12903CC80A6,SOIWUME12A8C13BAFB,ARUU13E1187FB3EB48,Bouncing Souls_ The,Pervert,The Bad_ The Worse_ and The Out Of Print,2002,99.082,0.715551109546,0.469057797892,electronic,trance; psytrance; electronic; psychedelic; guitar,193,86,33.361655,0,243.0,102.0187500000001,0.12752343750000011,0.08445613694848594,0.7748293640493681,Switch!
TRVVBPB128F4250C72,SOJCRPR12A8C135F02,AR940HF1187B99CB72,Classified,Freezin In The Cold,Hitch Hikin' Music,2006,272.06485,0.625813213015,0.461771925906,hip hop,Canadian; hiphop; rap; toronto; Hip-Hop,684,229,88.4138,0,492.0,386.40874999999943,0.4830109374999993,0.12190791513064848,0.7723763280641219,Switch!
TRQXHBL128F42A56FE,SOEUTXD12A58A80CFF,ARS23GQ1187FB4F71A,Ledisi,Best Friend,Lost And Found,2007,280.55465,0.746619436962,0.535121107496,r&b/soul,soul; Neo-Soul; Neo Soul; ledisi; chillout,443,120,79.246451,0,644.0,195.8300000000009,0.24478750000000113,0.06843334314985564,0.7679972841234594,Switch!
TRVSBOX128F92E7D33,SOEQKUY12AAFF42538,ARWMPBK1187B9A9E13,Divinity Destroyed,Nothing But A Shadow,Eden In Ashes,0,355.7873,0.525922728719,0.343916928566,metal,progressive death metal; check out; mix1; rokib; whaa,259,114,44.045431,0,267.0,91.55249999999981,0.11444062499999977,0.0574423758431002,0.6553127503166184,One World (Not Three)
TRZJNDV128E078E185,SOVKNNQ12A67020A06,ARH6HL01187B99A26B,The Associates,Logan Time,The Affectionate Punch,1980,251.24526,0.576055035074,0.420726067083,punk,post-punk; 1980s; The Associates; new wave; 80s and 90s,85,49,22.226111,0,92.0,34.40750000000003,0.04300937500000004,0.04233036715961113,0.6436316162654967,One World (Not Three)
TRHKTGD128F1498F55,SODURWF12A6D4FACFC,ARLPFWM1187FB4CCCB,Blossom Dearie,Just In Time,Sings Comden and Green,1959,216.00608,0.636627822666,0.396354468918,jazz,jazz; female vocalists; vocal jazz,76,46,13.674794,0,92.0,45.226250000000064,0.05653281250000008,0.09148895203315215,0.611182177836898,One World (Not Three)
TROIRUX128F92FC956,SOCTRDB12AB0180FDB,AR27AEB1187B98D39D,Bo Diddley,Before You Accuse Me,Blues! Blues! Blues!,1957,183.27465,0.666186772457,0.461696963365,blues,blues; rhythm and blues; Rock and Roll; 50s; Rock  Roll,137,59,20.099751,0,161.0,46.17749999999997,0.05772187499999996,0.06396361889811568,0.885745926261553,Close My Eyes
TRVVIWJ128F42697BA,SOGVLHO12A8AE48809,AR2XI6G1187B9AE7DA,Fat Joe,Preacher On A Sunday Morning,The Elephant In The Room,2008,208.66567,0.822908534132,0.572027853681,hip hop,fat joe; Hip-Hop; new york; gangsta; freeway - til the sun comes up,544,208,68.956508,0,688.0,154.39624999999998,0.1929953125,0.06255088958520676,0.6330220103140114,Close My Eyes
TRLKEFU128F422C555,SOQJSJU12AF72A58A7,AR9P7FS1187B9A641F,Joss Stone,You Had Me (Live),Live At Austin City Limits Music Festival 2007: Joss Stone,0,260.33587,0.84080245107,0.587414902416,r&b/soul,soul; Joss Stone,501,118,77.948701,0,756.0,374.41250000000105,0.4680156250000013,0.13317367168949948,0.6217482026427427,Close My Eyes
TRINAHZ128F92F3D81,SOMBEMI12B0B80680A,ARHUC691187B9AD27F,The Mars Volta,Son et Lumiere,Deloused in the Comatorium,2003,95.29424,0.867258942438,0.54776411101,rock,Progressive rock; experimental; rock; psychedelic; alternative,40,28,6.855655,0,42.0,20.09375000000009,0.02511718750000011,0.08037251248411667,0.6667486782164398,Exaltation
TRTXUMP128F42833E0,SOGEPEU12A58A7E5B1,ARG4J2T1187FB3A8B8,Lori McKenna,Swallows Me Whole,Paper Wings & Halo,2002,253.20444,0.673947573217,0.42960930152,folk,female vocalists; folk; americana; singer-songwriter,291,93,49.487372,0,434.0,152.8662500000001,0.19108281250000012,0.08552198839683027,0.654350626434654,Exaltation
TRONRAH128F93236A2,SODXXDQ12A8C13A670,ARZXNFV1187B9BA2CD,Buddy Guy,I Need You Tonight,Playlist: The Very Best Of Buddy Guy,1998,316.81261,0.66869553768,0.573024928953,blues,blues; singer-songwriter; Chicago Blues; guitar; Awesome Guitar Jams,135,60,23.473389,0,233.0,50.35875000000021,0.06294843750000026,0.05926594379134802,0.6476770291689501,Exaltation
TRWXSWA128F1456793,SOCREJX12A6D4F7A4B,ARP4J5Q1187B99171D,Shai,Waiting For The Day,If I Ever Fall In Love,1992,285.12608,0.657823757354,0.420958744705,r&b/soul,r&b; new jack swing; rnb; 1993; 1990s,569,137,92.471617,0,717.0,347.4737500000009,0.43434218750000114,0.10401487251263399,0.7525380752436028,Fire and Heights
TRUHEYZ128EF34C1F1,SOFIBNH12A6BD55CF6,ARAPFN61187B990019,Otis Redding,Love Man ( LP Version ),Think/Love Man [2 track bundle],0,140.40771,0.705990592883,0.53979605024,r&b/soul,oldies; sweet soul; soulfood; britt; Efren,269,75,49.497475,0,522.0,23.08000000000002,0.028850000000000025,0.012845167526131398,0.7412005921483797,Fire and Heights
TRZKMDX128F4277845,SOHAZHB12A8C13D09F,AR10B9G1187FB561CE,Lucky Dube,Slave,Best Of,1990,268.35546,0.663224673954,0.44697979301,reggae,reggae; slave; zimbabwe; african stuff; wonderful song,288,70,52.144031,0,189.0,50.18374999999981,0.06272968749999977,0.026361154575067994,0.7232242793161032,Fire and Heights
TRDEPRW128F1456EB0,SOSHLFW12A6D4F5BF5,AR56D3Y1187B9AD12A,Concrete Blonde,It's Only Money,Free,1989,165.04118,0.621815760477,0.417232417133,rock,rock; Canadian; female; 90s; Ballad,146,75,22.427661,0,162.0,77.35874999999987,0.09669843749999985,0.0954325810317227,1.0,Jerusalem
TRHXKMH128E0786BA3,SONAKBL12AB0183CF5,ARRIZSL1187B9A0ACA,Garbage,Stupid Girl,Garbage,1995,258.7424,0.772767724778,0.554111027245,rock,rock; alternative; 90s; female vocalists; garbage,197,48,49.839743,0,373.0,83.30999999999969,0.1041374999999996,0.04578078321852177,0.7863738929424994,Jerusalem
TRGLJRY128F14841E2,SOQVVTI12A6D4F8155,ARZ5CKV1187B9AE71A,Brand New Heavies_ The,"You Are The Universe (Roger's Universal 7"" Edit)",You Are The Universe,0,230.47791,0.699823464073,0.491707533716,jazz,acid jazz; House; acidjazz,393,67,81.430952,0,655.0,354.27375000000063,0.4428421875000008,0.11953131151020835,0.7413873266192568,Jerusalem
TRBDCAH128EF362D31,SOSTXYN12A6D4F67D4,AR82DJK1187B991107,The Pharcyde,Passin' Me By,Bizarre Ride II,1993,303.46404,0.756063870843,0.491468881637,hip hop,hip hop; 90s; rap; classic; songs about the opposite sex,697,235,90.465463,0,644.0,258.33750000000026,0.3229218750000003,0.07965492277250799,0.6271014613120457,Warrior
TRAPEZB128F92FEFBC,SONYVCT12AB0185210,ARNAOUF1187B9B2047,Gentleman,Empress,Journey To Jah,2002,245.9424,0.523868732145,0.464951064947,reggae,reggae; chillout; roots reggae; just LOVE; dancehall,372,123,45.694639,0,338.0,150.32249999999993,0.18790312499999992,0.09160115120097181,0.6211101328495388,Warrior
TRVJFHH12903CA2811,SOMBASW12A58A7B4E4,ARKZ13R1187FB54FEE,Josh Turner,Haywire,Haywire,0,202.94485,0.791801555556,0.637302342502,country,country; linedance,254,93,38.0,0,186.0,95.97000000000004,0.11996250000000006,0.07010672318428825,0.6205870537019557,Warrior
TRVDXLR128F92C30E3,SOFJNTF12A8C1422C5,ARFFL3N1187FB3F6AF,Tryo,Plus On En Fait,Faut Qu'Ils S'Activent,0,208.8224,0.683169800908,0.40306494702,reggae,reggae; french; chanson francaise; m3d1t3rr4n34n; francais,327,97,54.936327,0,0.0,-18.557499999999994,-0.023196874999999992,-0.009274144996231854,0.6731783681825843,Don't Push
TRPOHIR128F1469BDD,SOMCUKM12A6D4F88E8,ARF517J1187FB4E1B8,Les Nubians,Embrasse-Moi,Princesses Nubiennes,1998,280.11057,0.647865314505,0.378007203293,r&b/soul,soul; Neo-Soul; french-flavored; favorite by this duo; vocalization,96,65,11.916375,0,20.0,-12.702499999999965,-0.015878124999999955,-0.029425789375486646,0.6683963591231191,Don't Push
TREKPPF128F4273DCD,SOCIONU12A8C134B05,ARCIWZF1187FB3738F,Suprême NTM,Juste Pour Le Fun,1993...J'Appuie Sur La Gachette,1993,265.03791,0.585512237332,0.434073792371,hip hop,rap; french; ntm,350,127,46.043458,0,50.0,-43.44750000000007,-0.05430937500000008,-0.026040905454937285,0.6553107060708121,Don't Push
TRJHDIB128F92E5849,SOVJQJJ12A8C1448E7,AR6PJ8R1187FB5AD70,Shakira,Te Necesito,Pies Descalzos,1995,240.22159,0.83317856089,0.682263176764,latin,latin; Shakira; spanish; pop; my first love,197,81,26.70206,0,50.0,-31.42125000000003,-0.039276562500000035,-0.03250686186012429,0.8320262743702862,Pawn Shop
TRDKQIV128F932EF1B,SOPWMJQ12A58A77D24,AR81YYA1187B9B996F,Elvis Crespo,Te Vas,Suavemente,1998,258.5073,0.678823686354,0.483348702679,latin,latin; rumba; pop; salsa; dance:rumba,228,52,39.293765,0,100.0,-40.63499999999995,-0.050793749999999936,-0.02846403102672221,0.8247890062204568,Pawn Shop
TRENEPN128F148867B,SOLMOIY12A6D4F5FD1,AR7AE0W1187B98E40E,Intocable,Te Extrano,Crossroads- Cruce De Caminos,0,245.21098,0.803916456146,0.45433469671,latin,ERTAX MUSICA LATINA,339,86,53.851648,0,190.0,-53.865000000000016,-0.06733125000000002,-0.027509598294351584,0.8208586550678344,Pawn Shop
TRMJBIJ128F93391B9,SODOFEI12AAFF44BF1,ARRQZEV1187B98C8C2,Bow Wow,Sunshine,New Jack City II,0,207.35955,0.870870765597,0.531978917471,hip hop,hip hop; Hip-Hop; rnb; bow wow,506,186,63.285069,0,605.0,354.2862499999993,0.4428578124999991,0.15702884679927775,0.7627562450752137,See you in the Light
TRVWMAR128F425A2DA,SOMFMFC12A8AE45B47,AR13CXU1187B9AD30A,The Clash,1-2 Crush On You,Clash On Broadway,1978,181.21098,0.775797362701,0.601186059455,punk,punk; punk rock; british; rock; the clash,341,99,54.954527,0,365.0,175.46499999999997,0.21933124999999998,0.08798865830828626,0.7517032510777701,See you in the Light
TRJJTPI128F4276759,SOIAGOO12A8AE472E3,AR0H39F1187B9BA26D,Hawthorne Heights,Rescue Me,Fragile Future,2008,187.66322,0.807168388956,0.502400537516,punk,emo; punk; screamo; Love; alternative,422,120,62.681736,0,660.0,176.49375000000023,0.22061718750000028,0.07805963439084845,0.7407423330399565,See you in the Light
TRPZXTD128F14856D4,SOFZRDV12A6D4FACB1,AR90WS41187FB3F064,Ray LaMontagne,How Come [Acoustic Mix],How Come,0,275.66975,0.779839845224,0.605929933924,folk,ray lamontagne; singer-songwriter; Music i love; Good Stuff; potentially interesting,234,110,29.427878,0,106.0,95.63999999999974,0.11954999999999968,0.09082585093814485,0.5723809909069645,Sweet Little Lies
TRYANGD128F92F0116,SOXZLKS12AAF3B2F3D,ARHCRVS1187FB52672,Holly Williams,Keep The Change,Here With Me,2009,213.96853,0.60082311367,0.379688633623,folk,easy listening; singer-songwriter; female vocalists; discover,242,85,32.984845,0,206.0,128.6950000000001,0.16086875000000014,0.1085187614843677,0.5713374619515623,Sweet Little Lies
TRWNLAK128C7196461,SOAENHY12AF72A0B29,ARSQSCB1187B9912A0,Warren G,Keepin' It Strong,Return Of The Regulator,2001,307.35628,0.718016528744,0.511683015525,hip hop,hip hop,619,195,80.286985,0,672.0,240.84249999999992,0.3010531249999999,0.08392589783607082,0.5707899318677793,Sweet Little Lies
TRQNPBZ128F424A1C9,SOSOKOP12A6D4FCBB9,AR33XTN1187B98E452,The Itals,In Deh,Give Me Power,1983,194.11546,0.533131722869,0.344189922595,reggae,reggae; 1983; sun is shining; rootsreggae; nighthawk,210,89,34.971417,0,190.0,147.07375000000044,0.18384218750000056,0.11606754770572908,0.5375393696892116,The Way You Make Me Feel
TROURLD128F42A9F95,SOJABKC12A8C13B2BA,AR8CZ1U1187FB4CED1,The Be Good Tanyas,Midnight Moonlight,Chinatown,2003,223.60771,0.620987201791,0.459287320493,folk,folk; female vocalists; Mellow; acoustic; americana,139,71,16.155494,0,66.0,135.86374999999995,0.16982968749999994,0.2323655732450843,0.5188340824925836,The Way You Make Me Feel
TRPCRIV12903CD6882,SOOLNTY12AB017EA09,AR3I6YW1187B990DAA,Thursday,Unintended Long Term Effects,Common Existence [Deluxe Edition],2009,138.47465,0.771685623,0.540151210513,punk,emo; screamo; post-hardcore; Alternate Rock; audioase,165,86,17.521415,0,77.0,103.55624999999992,0.1294453124999999,0.16375423195837557,0.4923208218400188,The Way You Make Me Feel
TRZKNSG128F9326727,SOBPFAB12AB0187F5F,AR9IIVS1187FB566F1,Alice Peacock,Here I Go Again,Who I Am,2006,267.7024,0.569275941137,0.334558468128,folk,acoustic; singer-songwriter; folk rock,193,98,32.863353,0,147.0,105.25500000000014,0.13156875000000018,0.08848174286381617,0.7698155842507179,Grito Mundial
TRVOVJN128F93439A3,SOSBNFQ12AB0185969,ARJ8ZVR1187FB4336E,Ani DiFranco,Grey (from Revelling Reckoning),Songs for a Broken Heart,0,309.65506,0.766211290057,0.54261561648,folk,singer-songwriter; alternative; female vocalists,242,94,36.138622,0,171.0,169.0575000000007,0.21132187500000085,0.12936909558485832,0.7367367367894654,Grito Mundial
TRJTTZO128E0784704,SOOBYDJ12A6701D97C,ARROWYU1187B9AB4BB,Big Bad Voodoo Daddy,What's Next?,This Beautiful Life,1999,220.42077,0.620995693213,0.521712405225,jazz,jazz; swing; quickstep; Big Band; male vocalists,172,88,26.305893,0,136.0,124.0349999999998,0.15504374999999976,0.13083176368687335,0.7338858833031421,Grito Mundial
TRLZNIL128F429578A,SOPRLVX12A8C13E655,ARAF2I21187FB4CE77,Average White Band,Please Don't Fall In Love (LP Version),Feel No Fret...And More,0,225.4624,0.655018004087,0.483037326003,r&b/soul,funk,150,80,23.216374,0,230.0,87.94124999999964,0.10992656249999955,0.10485992737612208,0.6200054945497535,Get This Party Started: Ghost Remix
TRGQKTS128F428913E,SOXGAPY12A8C13AA86,AR5JPWN1187FB5B6DE,Amel Larrieux,something wonderful,Lovely Standards,2007,212.92363,0.687996785976,0.385201079073,r&b/soul,soul; jazz; Love; da ciulo; Something Wonderful,116,61,17.262677,0,150.0,140.79249999999976,0.1759906249999997,0.22601032011606034,0.599843517994829,Get This Party Started: Ghost Remix
TRZXDJC128F4289137,SOGFLJO12A8C13AA67,AR5JPWN1187FB5B6DE,Amel Larrieux,try your wings,Lovely Standards,2007,198.63465,0.687996785976,0.385201079073,jazz,jazz; soul; soft; slow dance; singersongwriter,116,60,16.733201,0,140.0,119.26500000000034,0.14908125000000041,0.19758489688158937,0.5881700953615956,Get This Party Started: Ghost Remix
TRIJWAB128F148AA50,SOUFGAS12A58A7CBE2,AR5GRYQ1187B9B32D5,En Vogue,Love Don't Love You (LP Version),The Very Best Of En Vogue,2001,238.18404,0.65021287085,0.457574537711,r&b/soul,rnb; 90s; leapsandbounds CDCollection; Superior Female Groups; vocalization,399,113,80.074965,0,1043.0,149.5325000000002,0.18691562500000025,0.051456529853688905,0.7419821069994571,Africa Unite
TRDSUFU128F933DCD0,SODUZEV12AB018B3A9,ARO5P0H1187FB5BAD7,Pepper,Too Much,Kona Gold,2002,236.38159,0.765141417908,0.471493226676,reggae,dub; chill music; reggae; chill; Pepper,178,78,27.45906,0,352.0,69.14499999999997,0.08643124999999996,0.06989935235280056,0.7238655945709,Africa Unite
TRIWNZP128F4264D70,SOYACTL12A8C130183,ARO80D41187B9B8D8F,Jon B.,Love Don't Do,Bonafide,1995,404.76689,0.68683623629,0.453836455007,blues,slow; rhythm and blues; urban; Neo-Soul; slow jam,293,123,43.852024,0,492.0,103.64625000000022,0.12955781250000029,0.06558530017845779,0.7219788070829705,Africa Unite
TRCVGGF128F146BB54,SOALIXX12AF72ACA61,AR0CANF1187B9AF35F,Dilated Peoples,20/20,20/20,2006,282.27873,0.804838888827,0.457841156094,hip hop,Hip-Hop; hip hop; cieply sympatyczny kalifornijski rap; My Favourite Hip-Hop Tracks; soulbrother,523,219,44.508426,0,304.0,360.51624999999984,0.4506453124999998,0.2312220687083212,0.5963071399688795,Could You Be Loved
TRXJCKL128EF33FA0C,SOHJQFM12B0B809305,ARCF06I1187B995398,K-OS,FlyPaper,Atlantis - Hymns for Disco,2006,250.3571,0.712662163367,0.430697046289,hip hop,Hip-Hop; Canadian; summer; cool; funky,586,206,71.770467,0,414.0,615.4187500000002,0.7692734375000002,0.24012850510332306,0.5882366506091573,Could You Be Loved
TRUWCIM128F14A3A92,SOUYDJQ12A6D4FC62E,ARQXAUH1187B9BA010,Bobbie Gentry,Fancy,Fancy,1969,258.84689,0.582460566903,0.384798909965,country,country; six feet under; vindictive; names; spiked-candy radio,661,228,67.749539,0,630.0,439.6774999999994,0.5495968749999992,0.1834114052854916,0.5810183236741409,Could You Be Loved
TRNHSZN128F930FF03,SOQOIDA12AF72A1430,ARMV0L61187B9B4964,Clawfinger,Revenge,A Whole Lot Of Nothing,2001,242.75546,0.661176989938,0.46190246429,metal,metal; rap; industrial; crossover; industrial metal,522,171,87.441409,0,799.0,300.7424999999995,0.3759281249999994,0.0951429419717602,0.7071117651542147,No Water
TRZCHKB128F92CB740,SOFCVMN12A8C141F62,AR4RBOB1187B9AC209,Anastacia,Club Megamix,Pieces Of A Dream,0,708.72771,0.583808862216,0.323553746888,rock,Slow Rock; pop; dance; party; female vocalist,749,201,98.020406,0,1056.0,332.2399999999991,0.4152999999999989,0.09500332699422537,0.699457514642648,No Water
TRGAGNZ128F42712C3,SOQNWOO12A8C137675,ARSF6AM1187FB58133,Room Eleven,Bitch,Bitch,2007,236.19873,0.608620460178,0.452819712406,jazz,jazz; female vocalist; cover; dutch; Mellow,251,92,48.114447,0,278.0,63.568750000000016,0.07946093750000002,0.03634193313891159,0.6959895053815444,No Water
TRNHSZN128F930FF03,SOQOIDA12AF72A1430,ARMV0L61187B9B4964,Clawfinger,Revenge,A Whole Lot Of Nothing,2001,242.75546,0.661176989938,0.46190246429,metal,metal; rap; industrial; crossover; industrial metal,522,171,87.441409,0,799.0,300.7424999999995,0.3759281249999994,0.0951429419717602,0.7302759378666935,One Love / People Get Ready
TRNEUEW128F9330D05,SONPHFD12AB018A6F4,ARG2UZ71187FB4FF5C,Porter Wagoner,Skid row Joe,Green_ Green Grass Of Home,1966,203.33669,0.592108229144,0.37206162812,country,classic country; country; american; male vocalists; 1965,365,164,45.486262,0,362.0,103.83374999999995,0.12979218749999993,0.06379783330362197,0.7230091333692114,One Love / People Get Ready
TRCKMDM128F148BEA7,SOQJHSO12AF72A219A,ARX14DU1187FB52D07,Musiq,Whereareyougoing,Soulstar,2003,268.38159,0.841570222562,0.454161113974,r&b/soul,Musiq; Neo-Soul; favorite song by artist; soul; rnb,255,112,37.56328,0,325.0,158.95374999999967,0.1986921874999996,0.11794132072541093,0.7215077484959453,One Love / People Get Ready
TRJPNAE128F425FAFB,SOZVCKM12A8C138484,ARRQWQW1187FB49844,King Tee,Act A Fool,Act A Fool,1988,258.82077,0.495738582877,0.372391990635,hip hop,Hip-Hop; rap; hip hop; West Coast Rap; west coast hip-hop,624,251,66.730802,0,399.0,309.89125000000035,0.38736406250000044,0.13063086945828908,0.6942536550682449,Try Me
TRPJILS128F9301616,SOVEAAH12A8C145DA6,ARQCSP31187B9A17ED,Us3,Goodbye,Questions,2004,262.45179,0.686350895519,0.474644868283,jazz,jazz; acid jazz; Blue Note Records; HippHopp,486,226,52.096065,0,420.0,474.11499999999995,0.5926437499999999,0.25576157757563456,0.6784071717336111,Try Me
TRFIPCW12903CE73FF,SOTWBNX12AC4688B64,ARPTWKQ1187B9B5634,Tommy Johnson,Lonesome Home Blues,Masters Of The Delta Blues: The Friends Of Charlie,2000,201.22077,0.559257220147,0.344685562191,blues,blues; Classic Blues; friendsofthekingofrummelpop; bluesies,149,56,26.210685,0,163.0,42.94125000000007,0.05367656250000009,0.04517656966243723,0.6783334468173174,Try Me
TRCVKCJ128F42837AC,SOIGOFP12A8C138F31,AROFZYA1187B9AC863,Lemar,Another Day,Another Day,2003,361.79546,0.644606789212,0.428514820477,r&b/soul,rnb; rhythm and blues; soul; Beautiful and Sad; Another day,211,101,29.966648,0,223.0,69.53000000000003,0.08691250000000003,0.06463565985297345,0.7732420116176262,Baby We've Got A Date (Rock It Baby)
TRBWKZD128F428AAEB,SORXNTB12CF5F87A51,AR4WHYC1187B9896E7,A Tribe Called Quest,Hot Sex,The Love Movement,1992,165.66812,0.79073032369,0.544262014739,hip hop,Hip-Hop; hip hop; rap; 90s; urban,431,184,46.957428,0,334.0,169.69124999999974,0.21211406249999967,0.1013092470528298,0.7675034170900245,Baby We've Got A Date (Rock It Baby)
TRCHTBA128F92EAC62,SOIYHSO12A8C144512,ARMHW4F1187FB5398F,illScarlett,Clearer Now,All Day With It,2004,174.75873,0.690220840283,0.446715162637,punk,punk; ska; illscarlett; beachin; ska punk and dub,261,113,36.810325,0,240.0,173.89875000000023,0.2173734375000003,0.13168917155024804,0.7644511594595403,Baby We've Got A Date (Rock It Baby)
TRJCYOI128F9320EF6,SOZFTLF12AB0185FAE,ARF2SVO1187FB53E8F,Alison Krauss / Union Station,Baby Now That I've Found You,Essential Alison Krauss,0,232.85506,0.665145483773,0.425326121849,country,country; bluegrass; favourite; female favs; soothing,250,60,49.578221,0,537.0,91.77250000000002,0.11471562500000003,0.051076868446723024,0.6850361592915719,Johnny Was
TROTSZH12903CE8214,SOETPWD12AC468C4B6,ARWNSU01187B98FBF1,Pezz (early Billy Talent),Fairytale,Watoosh!,1999,256.07791,0.537087723892,0.277593603945,rock,Canadian rock; punkrock,285,99,39.862263,0,375.0,125.59125000000013,0.15698906250000016,0.08773677413711833,0.684599662395175,Johnny Was
TRAPMUC128F92F3121,SONYKAZ12A8AE4579F,ARVA5B71187B9A0FCD,Incognito,Stone Cold Heart,Who Needs Love,2003,364.06812,0.693952590684,0.498625084813,r&b/soul,soul; georgia; acid jazz; UK soul; drjazzmrfunkmusic,283,82,42.391037,0,329.0,338.9212499999998,0.42365156249999975,0.2230101647917131,0.6734342465478973,Johnny Was
TRQNPBZ128F424A1C9,SOSOKOP12A6D4FCBB9,AR33XTN1187B98E452,The Itals,In Deh,Give Me Power,1983,194.11546,0.533131722869,0.344189922595,reggae,reggae; 1983; sun is shining; rootsreggae; nighthawk,210,89,34.971417,0,190.0,147.07375000000044,0.18384218750000056,0.11606754770572908,0.6202500830803755,Riding High
TRPCRIV12903CD6882,SOOLNTY12AB017EA09,AR3I6YW1187B990DAA,Thursday,Unintended Long Term Effects,Common Existence [Deluxe Edition],2009,138.47465,0.771685623,0.540151210513,punk,emo; screamo; post-hardcore; Alternate Rock; audioase,165,86,17.521415,0,77.0,103.55624999999992,0.1294453124999999,0.16375423195837557,0.5584044555406429,Riding High
TRIDOSY128F92E66EF,SOZEAAO12AAF3B2F83,ARJCHFX1187B9986D2,Toxic Narcotic,Shoot People_ Not Dope,21st Century Discography,0,151.14404,0.536505059962,0.349033574525,punk,punk; hardcore; crossover; hardcore punk; angsty,126,82,13.453624,0,49.0,35.808749999999925,0.0447609374999999,0.07390673575452171,0.5420008919226471,Riding High
TRGLEJJ128F9326729,SOKASMW12A3F1EA781,AR9IIVS1187FB566F1,Alice Peacock,Time,Who I Am,2006,234.13506,0.160997014504,0.334558468128,jazz,jazz,148,88,18.681542,0,169.0,84.10625000000009,0.10513281250000012,0.12662791561919332,0.593813170767266,Soul Shakedown
TRGLNKG128F9307689,SOFVLYU12AB017F502,ARTH9041187FB43E1F,Eminem,My Darling,Relapse [Deluxe],2009,320.49587,0.871010615313,0.879236744738,hip hop,rap; detroit; Hip-Hop; Horrorcore; MOONH8SUN,1055,293,140.089257,0,1342.0,526.13875,0.6576734375,0.10487690141652044,0.5851090865963372,Soul Shakedown
TRJRIBM128E0788E18,SODMWLI12AF72A4B62,ARN5NHX1187FB4F755,The Smashing Pumpkins,An Ode To No One,Mellon Collie And The Infinite Sadness,0,291.00363,0.887920450193,0.64722472378,rock,rock; alternative rock; alternative; angry; Grunge,274,102,36.851052,0,354.0,124.85999999999984,0.1560749999999998,0.09402720035576242,0.5801137373605545,Soul Shakedown
TRJADED128E078FB2A,SOJHVCP12A6701D0F3,AROEL1B1187B988B90,Lost Boyz,Keep It Real,Legal Drug Money,1995,251.01016,0.569741152282,0.412240600536,hip hop,90s; rap; hip hop; Hip-Hop; underground hip-hop,698,254,66.550733,0,390.0,610.16625,0.7627078125,0.2587249242285413,0.7088165091586915,Trenchtown Rock
TREISQD128F9302F47,SOZTVJS12AB018493D,ARHILS61187FB3C363,Nothingface,Incarnadine,Skeletons,2003,224.41751,0.626826234766,0.391805183618,metal,alternative metal; metal; rock; hard rock; Nu-metal,357,155,35.383612,0,249.0,340.90500000000003,0.42613125,0.27322309156526975,0.6959336611893493,Trenchtown Rock
TRBZXAC12903CBB0CE,SOHAYPC12A6D4FB7A7,ARZYMH91187B99CEFC,Atmosphere,Happymess,Sad Clown Bad Spring Number #12,0,220.26404,0.879475075015,0.607960565364,hip hop,songs i never get sick of; makes me want to fall in love; great; Love; Hip-Hop,526,199,65.795137,0,606.0,389.7587499999992,0.487198437499999,0.16571985245999785,0.6958026447599478,Trenchtown Rock
TRDPGXU128F9339C2A,SOELYON12AB01876A3,ARLHO5Z1187FB4C861,Beastie Boys,B-Boy Bouillabaisse: A.W.O.L. (2009 Digital Remaster),Paul's Boutique (20th Anniversary Remastered Edition),0,105.56036,0.853124523276,0.591628024008,hip hop,hip hop; leapsandbounds CDCollection,1746,505,153.652205,0,1067.0,751.1762500000004,0.9389703125000005,0.1386179883576813,0.6781058049462284,Eternal Feedback (Sly)
TRQCXUL128E078A9D6,SOIAMAG12A6701DCFC,ARIHE7O1187FB47DED,The Streets,The Irony Of It All (Album Version),Original Pirate Material,0,208.92689,0.772909488109,0.562158308286,electronic,electronica,640,270,63.142696,0,396.0,518.3637500000006,0.6479546875000007,0.23180277747484282,0.6463131755073013,Eternal Feedback (Sly)
TRTMQWK128F4241384,SOIPJHX12A8C1324A3,ARSUQ9F1187B990561,Kottonmouth Kings,Bump,Greatest Highs,1998,232.51546,0.680868252303,0.563168159236,hip hop,Hip-Hop; stoned; BUMP; rapcore; kmk,795,259,74.27651,0,424.0,644.6062499999999,0.8057578124999999,0.24403841123643594,0.635973574896712,Eternal Feedback (Sly)
TRNVKOI128E0799173,SOIYRHZ12A67AD8126,ARZ5H0P1187B98A1DD,Snoop Dogg,Snoopafella (Edited),The Best Of Snoop Dogg,0,263.54893,0.853831633625,0.608910282835,hip hop,rap; 90s hip-hop; FAV all time,948,322,98.833193,0,670.0,382.57000000000016,0.4782125000000002,0.10868260493110884,0.7814995453056693,Black Progress
TRJPNAE128F425FAFB,SOZVCKM12A8C138484,ARRQWQW1187FB49844,King Tee,Act A Fool,Act A Fool,1988,258.82077,0.495738582877,0.372391990635,hip hop,Hip-Hop; rap; hip hop; West Coast Rap; west coast hip-hop,624,251,66.730802,0,399.0,309.89125000000035,0.38736406250000044,0.13063086945828908,0.7606967528223568,Black Progress
TRIOSDC128F931FF62,SOSSWMD12AB0184E2A,ARE7TQ91187FB5B721,Moe Bandy,The Strawberry Roan,Cowboy Songs,1998,207.51628,0.49255858687,0.343961407785,country,country; The strawberry Roan -Moe Bandy; western; purple sage; malesinger,498,199,58.5235,0,240.0,216.5162499999999,0.2706453124999999,0.10341030929029825,0.7371886075156051,Black Progress
TREATOP12903CC398D,SOICHRJ12AB018D455,ARLV8S31187B988B71,Georges Brassens,Le Nombril Des Femmes D'Agents,Les Amoureux Des Bancs Publics,1956,144.19546,0.633408899496,0.421741251807,pop,georges brassens; Chanson Française; things i like; chanson francaise; 2giveme5,184,82,27.147744,0,10.0,-17.026250000000054,-0.021282812500000067,-0.017170302835845353,0.8429099010395518,Reggae On Broadway
TRXTMLN128F92C30E8,SOBSYEA12A8C1422E3,ARFFL3N1187FB3F6AF,Tryo,La Débandade,Faut Qu'Ils S'Activent,0,141.92281,0.683169800908,0.40306494702,reggae,reggae; french; Air; francais,124,58,17.549929,0,0.0,-13.120000000000049,-0.01640000000000006,-0.02050001527992453,0.7877643106976685,Reggae On Broadway
TRDUAMS128F427CAD1,SOVVWRM12A8C136E65,ARPJCL01187FB49606,KDD,Jungle Fever,Une Couleur De Plus Au Drapeau,2000,234.23955,0.459520289503,0.350530591269,hip hop,french; french rap; rap; Hip-Hop; French hip hop,371,145,45.738387,0,0.0,-40.83249999999993,-0.051040624999999916,-0.024553858059503903,0.7608791469793433,Reggae On Broadway
TRMGTKW128F42359E9,SOYONPU12A81C202E4,ARH7PCA1187B99025B,Rosana,Nadie mas que yo (directo Las Ventas),Lunas Rotas: De casa a las ventas,0,316.70812,0.620275972123,0.387386826331,latin,spanish; Love; romance; top10; spanisch,177,77,30.265492,0,10.0,-30.24000000000006,-0.03780000000000008,-0.02747892824886591,0.6885014616400977,Rebels Hop
TRUAXWC128F9347378,SOQIPRS12AB017C99D,ARBY4LV1187FB3EA5C,Caifanes,Para Que No Digas Que No Pienso En Ti,El Silencio,1992,235.2322,0.646701302576,0.418228901036,rock,Rock en Espanol; rock en español; rock; everything will be fine fine fine; tu tu ru tu,68,32,13.379088,0,0.0,-10.158749999999984,-0.012698437499999979,-0.020782197686442537,0.6674969761354568,Rebels Hop
TRDFNLR12903CB0FE4,SOFDJSB12AB0183B5B,ARGN0KR1187B991A99,Camila,Alejate De Mi,Dejarte De Amar,2010,258.53342,0.773552650161,0.582389821119,latin,Online Song Contest; OSC27; spanish; latinoboys; latin,272,68,42.43819,0,30.0,-45.12375000000002,-0.05640468750000003,-0.02928686869396393,0.6576108701578617,Rebels Hop
TRVFUON128F92E2B10,SOEJSIU12A58A764F7,AR56P361187B9AC4DB,Gary Moore,Ain't Nobody,OLD_ NEW_ BALLADS_ BLUES,2006,291.42159,0.761362238446,0.467110648585,blues,blues; rock; guitar; blues rock; Guitar Gods,146,46,32.848135,0,204.0,84.35874999999994,0.10544843749999994,0.07039572305118662,0.7023112300132486,Stop The Train
TRCPSEE128F934BC20,SORGVNW12AB017E8BD,AR60TJ61187FB426CC,Veronica Maggio,I staden växer inga blommor,Och vinnaren är...,2008,164.62322,0.623525953395,0.437307167757,pop,pop; soul; swedish; veronica maggio; svenska electrosweets,66,32,10.148892,0,20.0,-3.0712500000000005,-0.0038390625000000005,-0.008237549269689382,0.6898684822115774,Stop The Train
TRJHQUI128F9355211,SOBVXRL12AB017CB59,ARMDKIJ1187FB3BB7F,Judy Garland,I Got Rhythm,I Got Rhythm,0,171.36281,0.245007707544,0.0,pop,pop; oldies; musicals; catchy; judy garland,175,63,35.44009,0,94.0,84.25500000000005,0.10531875000000007,0.06553121394210773,0.6884824576413187,Stop The Train
TRXZVMO128F4260C72,SOJATHO12A8AE48BE3,ARHDI7O1187B9B6850,John Legend,Let's Get Lifted,Live From Philadelphia,2004,166.71302,0.811698706458,0.570355261605,r&b/soul,rnb; soul; John Legend; Neo-Soul; RB,366,116,62.185207,0,489.0,357.38374999999957,0.4467296874999995,0.15923005757097128,0.5882341274789604,This Train
TRBAQPR128F92F4AB0,SODLLJJ12A8C141D54,ARDT4K91187FB53602,The Wonder Years,Dude_ What Is a Land Pirate?,Get Stoked on It!,2007,200.9073,0.593542291801,0.58819110823,punk,punk rock; melodic punk; beardcore; punk; melodic hardcore,250,112,33.645208,0,201.0,646.3324999999999,0.8079156249999998,0.5350692294776482,0.5873586866683015,This Train
TRIUBAR128F146BD74,SONVPTP12A6D4F7A34,AR9W3X91187FB3994C,Phil Collins,You'll Be In My Heart,Love Songs,1998,258.48118,0.655921417588,0.578301633597,pop,pop; Disney; Phil Collins; Soundtrack; Love,339,95,60.016664,0,341.0,272.4549999999997,0.34056874999999964,0.12575836640337382,0.5861958560248433,This Train
TRDPGXU128F9339C2A,SOELYON12AB01876A3,ARLHO5Z1187FB4C861,Beastie Boys,B-Boy Bouillabaisse: A.W.O.L. (2009 Digital Remaster),Paul's Boutique (20th Anniversary Remastered Edition),0,105.56036,0.853124523276,0.591628024008,hip hop,hip hop; leapsandbounds CDCollection,1746,505,153.652205,0,1067.0,751.1762500000004,0.9389703125000005,0.1386179883576813,0.7955939805901975,Defeat You
TRTPMBB128F42934F8,SOKRKJD12A8C13C4AC,AR2N24K1187B999361,Sage Francis,Keep Moving,Human The Death Dance,2007,276.06159,0.724706201256,0.524949698458,hip hop,Hip-Hop; test; brilliant; I like; Great Lyricists,660,246,71.386273,0,546.0,287.51250000000033,0.3593906250000004,0.11319138138170197,0.7940387625112668,Defeat You
TRTHFTG128F42550BC,SONIKRB12A8C138A78,ARANAED11F50C473A4,Lil Wyte,Ten Toes Tall,Doubt Me Now,2003,283.14077,0.834922338549,0.500215400192,hip hop,Dirty South; Hip-Hop; rap; mj; MY tagged stuff,656,241,65.153665,0,468.0,586.96875,0.7337109375,0.25557138519575756,0.790766837013112,Defeat You
TRKBSYP128F42647E7,SOMKVEE12A8C133265,AR3R83L1187B9B01B0,Rosanne Cash,I Don't Know Why You Don't Want Me,The Very  Best Of Rosanne Cash,1985,200.28036,0.638384205204,0.513897736047,country,country; 80s; ChrisCountryPop; easy listening; chris-softcountry,359,91,78.396428,0,735.0,76.78499999999978,0.09598124999999973,0.026968153251973125,0.7685789378843548,Don't Get Nine
TROIHBO128F42613D7,SOBXQKV12A8C13451B,AR456541187B98F3DB,Missing Persons,Destination Unknown,Spring Session M.,1982,216.73751,0.585234055218,0.405415485031,pop,80s; new wave; synth pop; electronic; pop,248,73,38.327536,0,304.0,170.62375000000006,0.21327968750000006,0.12336989605890458,0.7394239881789436,Don't Get Nine
TRDQNSS128F4240C31,SOOBIDA12A8AE474EA,ARWXRV91187B9AF9B9,Millencolin,Random I Am (Album Version),For Monkeys,1997,160.1824,0.7597877909,0.509833208839,punk,punk; emo; political; katie loves this,343,106,66.302338,0,404.0,179.54249999999954,0.22442812499999942,0.07455861065462942,0.7302528280021013,Don't Get Nine
TRCVXLC128F4233F8E,SOZVUNJ12A81C22102,ARBLAEY1187FB41CFC,Damn Yankees,Firefly (LP Version),Don't Tread,1992,297.7171,0.597497686777,0.412811938385,rock,hard rock; rock; 80s; heavy metal,191,96,27.694765,0,305.0,132.01875000000018,0.16502343750000023,0.1326015299398094,0.6524701633206059,Feva Las Vegas
TRACWBO128F92F322F,SORUWYJ12AB0181EBF,ART3O5Z1187B9AB043,Stevie Ray Vaughan And Double Trouble,Empty Arms,Martin Scorsese Presents The Blues: Stevie Ray Vaughan,1996,184.2673,0.733798940436,0.544257505725,blues,blues; blues rock; rock; guitar; Fly Soar Rock and Dream,213,57,36.262929,0,426.0,156.2937500000007,0.19536718750000087,0.11915612284776629,0.646851529688089,Feva Las Vegas
TRWFUAR128F93186A9,SOFZIXC12AB01814B3,ARSC6WR1187FB40B18,Peggy Lee,Bali Ha'i,Fever,1994,191.05914,0.770814366531,0.477260389684,jazz,jazz; female vocalists; Soundtrack; easy listening; Peggy Lee,180,73,23.558438,0,212.0,57.05125000000014,0.07131406250000018,0.06716356790619994,0.6111288853308349,Feva Las Vegas
TREBQOW128F92C4549,SOLIKYJ12A8C13F7DA,AR54RGR1187FB51D10,Common,Book Of Life,thisisme then: the best of common,1994,306.85995,0.865128983978,0.53481975015,hip hop,Hip-Hop; hip hop; hiphop; rap; Jazz Hop,569,226,78.663842,0,373.0,293.21500000000054,0.36651875000000067,0.10351864197737916,0.807667308283418,Secrets
TRCHZXW128E079288A,SOMEJDK12D0219BB71,ARTH9041187FB43E1F,Eminem,8 Mile,8 Mile,2002,359.3922,0.886183647684,0.852677055416,hip hop,rap; Hip-Hop; Eminem; Soundtrack; hip hop,1141,328,132.992481,0,768.0,507.52375000000114,0.6344046875000015,0.10709045199029754,0.7800547415389621,Secrets
TRVVBPB128F4250C72,SOJCRPR12A8C135F02,AR940HF1187B99CB72,Classified,Freezin In The Cold,Hitch Hikin' Music,2006,272.06485,0.625813213015,0.461771925906,hip hop,Canadian; hiphop; rap; toronto; Hip-Hop,684,229,88.4138,0,492.0,386.40874999999943,0.4830109374999993,0.12190791513064848,0.770389358203642,Secrets
TRNFNNE128F14A94F7,SOXCKDF12A6D4F9919,ARENMIP1187FB5638D,Robbie Williams,Never Touch That Switch (Dark Horse Dub Mix),She's Madonna,0,272.27383,0.849766883849,0.57861647281,pop,pop; robi; Yohan,229,79,33.985291,0,244.0,124.76624999999986,0.15595781249999982,0.10168997003175906,0.5834172048061522,Work Work
TRYGRNH128F4291D97,SOWGCNV12A8C13A9B3,AR9AWNF1187B9AB0B4,Kenny G,Winter Wonderland,Miracles - The Holiday Album,1994,181.2371,0.751629597261,0.550212561917,jazz,christmas; Smooth Jazz; kenny G; classic; instrumental,169,86,20.615528,0,71.0,370.3037500000004,0.46287968750000047,0.4978878541014341,0.5417621737394174,Work Work
TRQREQF128E0785B56,SOQRIBK12A6701F157,AR5AKHZ1187FB46B9F,John Michael Montgomery,Winter Wonderland (Album Version),Mr. Snowman,2003,171.57179,0.721190900134,0.498798759793,country,christmas; country; winter; good christmas; country christmas,169,86,20.615528,0,71.0,370.3037500000004,0.46287968750000047,0.4978878541014341,0.5417621737394174,Work Work
TRUSNQQ128F4299C9B,SOAWYZE12A58A7E07C,ARTV14V1187FB3A61D,Chris Murray,Home,Raw,0,154.46159,0.596123507012,0.396376637689,reggae,ska; acoustic; summer; alternative; chaser i,146,87,19.467922,0,60.0,77.94124999999971,0.09742656249999965,0.11169101509978833,0.5986421704750454,Good Rats (Live)
TRCPVAF128F42626C2,SOYCLLA12A8C1377F6,ARKG27B1187B99944A,Jolie Holland,I Wanna Die,Catalpa,2003,319.26812,0.670135200337,0.414830885839,folk,folk; singer-songwriter; acousticindiefolk; haunting; melancholy,220,62,40.32369,0,104.0,68.53000000000009,0.08566250000000011,0.046827682358294646,0.5985200019951242,Good Rats (Live)
TRFSQXF128F9311B25,SOCHMTD1288D3E7D9D,ARVKJGO12086C15075,LMFAO,I Am Not A Whore,Party Rock,2008,195.76118,0.750760977079,0.644904097514,electronic,electronic; lmfao; electro; pimpinin awsome; party rock,209,57,48.373546,0,193.0,28.034999999999872,0.03504374999999984,0.015852730255086565,0.5975659128856958,Good Rats (Live)
TRQMGEQ128F145F0AF,SOJSKMM12A6D4F623E,ARDSWIE1187FB39056,Gang Starr,Gotta Get Over (Taking Loot) (Explicit),Full Clip: A Decade Of Gang Starr,0,224.67873,0.705881776978,0.491178953749,hip hop,hip hop; Hip-Hop; influential; underrated; us,542,216,65.268675,0,411.0,287.302500000001,0.35912812500000124,0.12295450130785444,0.7948193393259589,Sol_ Playa Y Arena
TRBWKZD128F428AAEB,SORXNTB12CF5F87A51,AR4WHYC1187B9896E7,A Tribe Called Quest,Hot Sex,The Love Movement,1992,165.66812,0.79073032369,0.544262014739,hip hop,Hip-Hop; hip hop; rap; 90s; urban,431,184,46.957428,0,334.0,169.69124999999974,0.21211406249999967,0.1013092470528298,0.7878224461400337,Sol_ Playa Y Arena
TRKLJAG128F42B31CF,SOTGRDJ12A8C13FE2A,ARB8DSE1187FB3CFC4,Mario Vazquez,Everytime I...,Mario Vazquez,2006,241.71057,0.723005147335,0.395148687525,r&b/soul,mario vazquez; Everytime I; soul; rnb; r&b,511,114,125.658267,0,731.0,212.68750000000057,0.26585937500000073,0.046399764746819804,0.7874905916517151,Sol_ Playa Y Arena
TROAHPF128F92FC9E9,SOYCEDV12AB017A4C7,ARBRL2P1187B9AF9E4,The Lucksmiths,Guess How Much I Love You,A Good Kind Of Nervous,1997,202.44853,0.646413476221,0.458207543894,hip hop,Mellow; Love; so the distance is just nothing; music to think about ex-boyfriends to; songs for small coastal towns,192,83,29.715316,0,222.0,110.38124999999984,0.1379765624999998,0.10277426882952984,0.7295543628654978,I Don't Want To See You Cry
TRYYRLU12903D082FF,SOKNZNC12AC4689423,ARBHBE91187B9A1F58,Jonny Lang,Breakin Me,Live at the Ryman,2009,474.64444,0.698969925264,0.486783024923,blues,blues; jonny lang; singer-songwriter; rock; guitar,229,111,32.526912,0,339.0,103.3324999999998,0.12916562499999976,0.08863786303046929,0.7240631310360959,I Don't Want To See You Cry
TRGHYGG12903CAC100,SORLWRB12D02199388,ARLMXEA1187B9A7D04,R. Kelly,Kickin' It With Your Girlfriend,TP.3 Reloaded,2005,214.12526,0.811506286892,0.796033968652,r&b/soul,rnb; r kelly; sad; Someone tagged this song as their favorite song; situations,642,146,92.639085,0,728.0,679.6999999999999,0.849625,0.20423537497969046,0.7209632553259047,I Don't Want To See You Cry
TRFOGZN128F42882B5,SOGZIZN12A8C13836F,AR3MSAN1187B98F06B,OutKast,Claimin' True,Southernplayalisticadillacmuzik,1994,283.76771,0.796420043773,0.574497025958,hip hop,Hip-Hop; G-funk; hip hop; outkast; kaudogg,471,215,52.820451,0,351.0,201.00500000000034,0.2512562500000004,0.10669624832948886,0.7131390358779822,Come Back Darling
TRPCZOM128F931C65C,SOCQTPY12AB0180FEB,AR0N7RH1187B9B7497,The Yardbirds,The Nazz Are Blue,Live At BB King Blues Club,1966,252.02893,0.706352638491,0.469646169761,blues,blues rock; blues; classic rock; guitar; rock,123,56,22.135944,0,131.0,58.48500000000004,0.07310625000000005,0.0729392710051342,0.6994030420740587,Come Back Darling
TRENDJC128F42790D9,SOFNBZH12A8C134BFB,AR5JPWN1187FB5B6DE,Amel Larrieux,Sweet Misery,Infinite Possibilities,2000,269.7922,0.687996785976,0.385201079073,r&b/soul,Neo-Soul; amel larrieux; soul; Neo Soul; female vocalists,399,91,64.961527,0,664.0,165.895,0.20736875000000002,0.07078503300367017,0.6932469333518395,Come Back Darling
TRIWDKR128F429D9EE,SORIQSX12A8AE48E21,AR54RGR1187FB51D10,Common,I Want You,Finding Forever,2007,270.47138,0.865128983978,0.53481975015,hip hop,Hip-Hop; rap; common; hip hop; Love,509,162,77.369245,0,617.0,386.30250000000024,0.48287812500000027,0.13837064777454516,0.8114643376230583,Here I Am (Come And Take Me)
TRXXGPE128F42916C7,SOKBWRK12A8C138EE6,ARKR0111187B99FD2A,Monica,Hurts The Most,After The Storm,2003,284.00281,0.874640887608,0.581217000341,r&b/soul,Monica; rnb; break-ups; r and b; female vocalists,587,140,81.865744,0,971.0,431.7649999999999,0.5397062499999998,0.14676847282620195,0.8039204161363964,Here I Am (Come And Take Me)
TRAEPAC12903CE5DC8,SOELRRQ12AB0188C34,AR20CFC1187B98A25D,Ray Charles,Let's Go,Genius + Soul = Jazz,0,160.93995,0.759912526334,0.673207274956,jazz,ray charles; garden party; Songs to Read By; drjazzmrfunkmusic,155,60,32.802439,0,432.0,13.452499999999995,0.016815624999999994,0.011284950279216766,0.8012786618343439,Here I Am (Come And Take Me)
TRNEUEW128F9330D05,SONPHFD12AB018A6F4,ARG2UZ71187FB4FF5C,Porter Wagoner,Skid row Joe,Green_ Green Grass Of Home,1966,203.33669,0.592108229144,0.37206162812,country,classic country; country; american; male vocalists; 1965,365,164,45.486262,0,362.0,103.83374999999995,0.12979218749999993,0.06379783330362197,0.8309487464691303,Light My Fire
TRFVQEA128F4218DD2,SORGJGA12A6D4FD9C4,ARI4O061187B991624,Matt Nathanson,More Than This,At The Point,2000,237.13914,0.786524697693,0.538058877175,folk,acoustic; singer-songwriter; matt nathanson; just chill; guitar playing boys,131,71,22.315914,0,149.0,106.54000000000015,0.13317500000000018,0.13191698142364744,0.7999222659474433,Light My Fire
TRYYRLU12903D082FF,SOKNZNC12AC4689423,ARBHBE91187B9A1F58,Jonny Lang,Breakin Me,Live at the Ryman,2009,474.64444,0.698969925264,0.486783024923,blues,blues; jonny lang; singer-songwriter; rock; guitar,229,111,32.526912,0,339.0,103.3324999999998,0.12916562499999976,0.08863786303046929,0.7970767984628097,Light My Fire
TREBQOW128F92C4549,SOLIKYJ12A8C13F7DA,AR54RGR1187FB51D10,Common,Book Of Life,thisisme then: the best of common,1994,306.85995,0.865128983978,0.53481975015,hip hop,Hip-Hop; hip hop; hiphop; rap; Jazz Hop,569,226,78.663842,0,373.0,293.21500000000054,0.36651875000000067,0.10351864197737916,0.7467475609972644,Til Kingdom Come
TRDSUZH128F425BAC3,SORIMSV12A8AE46EEC,ARV7VUX1187B9B8D1C,RODNEY CROWELL,Preachin' To The Choir,Fate's Right Hand,2003,308.34893,0.563911026338,0.422743143426,country,country; singer songwriter; country-rock; progressive country; gwd,364,179,41.521079,0,219.0,183.4650000000001,0.2293312500000001,0.12302010392865731,0.7331175151182379,Til Kingdom Come
TROXHLM128F4266510,SOMPUQO12A8C13A574,ARFB30B1187FB42AB9,Blues Traveler,Hook,Live at Lollapalooza 2006: Blues Traveler,1994,254.77179,0.782882968096,0.47363161033,blues,blues rock; rock; 90s; blues; harmonica,378,161,48.062459,0,365.0,257.59749999999985,0.3219968749999998,0.14937749456144822,0.731779338659418,Til Kingdom Come
TRRBFPC12903CDF853,SOZYXKV12AB018AD85,AR0VZWC1187B99BA57,The Berzerker,All About You,World Of Lies,2006,159.52934,0.668370611552,0.457553909836,metal,death metal; Industrial Death Metal; grindcore; industrial metal; cybergrind,256,78,48.795492,0,517.0,231.4262499999991,0.2892828124999989,0.13081530430190366,0.7134883408312871,Brothers Under The Bridges ('83)
TRPALTN128F42614D4,SOEMEIF12A6D4F79A1,AR7074B1187FB4C39B,Ann Lee,Smooth & Sweet,Dreams,0,270.23628,0.531829215775,0.345734866164,pop,pop; Love; in love,146,61,26.907248,0,296.0,84.34250000000004,0.10542812500000005,0.08659070104591651,0.7122239886478873,Brothers Under The Bridges ('83)
TRXTLPT128F42881BD,SOYQRUM12A8C1374B6,AR76DOS1187FB5AE78,The Jeff Healey Band,Communication Breakdown,Master Hits,1995,193.82812,0.716854351769,0.414236247722,blues,blues rock; rock; guitar; classic rock; blues,130,58,24.083189,0,286.0,29.01250000000001,0.03626562500000001,0.03319438481221041,0.7043017819929872,Brothers Under The Bridges ('83)
TRYDNTB128F9331278,SOCEMVQ12AB0181AD2,ARKVLYL1187B98DD50,Ginuwine,Only When ur Lonely,Ginuwine... The Bachelor,1996,349.75302,0.78626800889,0.496705942843,r&b/soul,rnb; soft lips; 90s; chillin; raga love songs,362,114,57.463032,0,694.0,136.20249999999996,0.17025312499999995,0.06593049483250452,0.8180025903378366,The Big Payback
TRRZSBO128F428BE44,SOGEKBX12A8C13ACE1,ARPDVPJ1187B9ADBE9,Usher,Nice & Slow,Live,1997,390.76526,0.856448923652,0.851233891127,r&b/soul,rnb; slow jams; 90s; hip hop; sexy,469,139,69.382995,0,791.0,284.30250000000046,0.3553781250000006,0.11409431314383146,0.779961862570919,The Big Payback
TRVSEAY128F428EA5A,SOUMTGW12A8C13AE05,ARGMXQW1187FB54C34,Eliane Elias,Call Me,Dreamer,2004,250.17424,0.669726187566,0.427914246983,jazz,jazz; female vocalists; Bossa Nova; female jazz vocalist; brazil,274,68,54.120237,0,565.0,62.921249999999915,0.0786515624999999,0.032107192077041616,0.7758932434781759,The Big Payback
TRBRMXM128F4262018,SOSDVVD12A58A76386,AR3R83L1187B9B01B0,Rosanne Cash,Tennessee Flat Top Box,King's Record Shop,1987,197.51138,0.638384205204,0.513897736047,country,country; Rosanne Cash; americana; Alt-country; folk,186,86,25.942244,0,47.0,49.57874999999985,0.06197343749999981,0.052844262153443414,0.530160589573075,The Ties That Bind
TROXPNE128F9337718,SOTIWWD12AB01843D2,ARUSOMY1187FB4D3B4,Anti-Flag,Captain Anarchy,A New Kind of Army,1999,152.86812,0.844039532227,0.524378987515,punk,punk rock; punk; political punk; political; rock,189,90,25.455844,0,64.0,90.87000000000026,0.11358750000000033,0.09885027086522812,0.505508010850752,The Ties That Bind
TRQPUTX128F4262438,SOCMBEE12A8C131A30,ARS1PIB1187FB58AA6,Billy Gilman,Oklahoma,One Voice,2000,244.00934,0.680665276616,0.382998716753,country,country; pop; hit; top 40; bbilly gilman,336,134,39.433488,0,157.0,290.1412500000001,0.36267656250000013,0.20684747935764417,0.4909844057858159,The Ties That Bind
TRKYKRF128F4281F31,SOBQGTB12A8C139B36,AR4GAFY1187B9B639D,B.B. King,Broken Heart,Definitive Greatest Hits,1987,165.72036,0.708735400038,0.542289933434,blues,blues; electric blues; men in blues,102,46,20.976177,0,192.0,38.847499999999954,0.04855937499999994,0.05106218275702885,0.7761890689952288,Sam's Town
TRAHBBS128F92CFBDC,SORFEJS12A8C140392,AR4RBOB1187B9AC209,Anastacia,I Can Feel You,I Can Feel You,0,210.20689,0.583808862216,0.323553746888,pop,pop; dance; anastacia; soul; rnb,327,73,70.441465,0,784.0,102.70750000000014,0.12838437500000016,0.04012480477623064,0.7492492949257192,Sam's Town
TRRFMYC128EF348C72,SOFPUCR12A6D4F7F34,AR4GAFY1187B9B639D,B.B. King,You Done Lost Your Good Thing Now,The Blues Anthology,1965,315.53261,0.708735400038,0.542289933434,blues,blues; over 5 minutes long; Ballad; blues rock; classic,268,67,52.019227,0,715.0,37.93750000000002,0.04742187500000003,0.020124356620942373,0.7446632741780888,Sam's Town
TRCRNBS128F9347F55,SOTOLCQ12AF729AC84,ARGN0KR1187B991A99,Camila,Va Para Ti,Todo Cambio,2007,179.06893,0.773552650161,0.582389821119,latin,latin; Castillano; camila - va para ti; rock; favorites,239,48,61.465437,0,90.0,-45.36000000000001,-0.05670000000000001,-0.020191218625635457,0.4953827632825572,Pink Ego Box
TROCIET128F427448C,SOAJBNV12A8C134C4D,ARWG0541187FB364EC,Las Ketchup,Krapuleo,Hijas Del Tomate,2002,209.57995,0.59322673485,0.36356385166,latin,spanish; latin alternative; Europop; latin pop; THE ROAD TO MYSORE,118,58,17.146428,0,0.0,-15.592500000000006,-0.019490625000000008,-0.02496071943555804,0.4826970316629283,Pink Ego Box
TRPPRHI128F4272254,SOAAFDZ12A8C13D9B1,ARXC7211187FB4488C,Willie Colon,Te Conozco,Salsa Legende - Best of Willie Colon,1994,294.00771,0.64128966654,0.407870761225,latin,salsa; coffee black; latin; world; male vocalist,58,35,13.038405,0,20.0,-9.45,-0.011812499999999998,-0.01982589563450818,0.4810970831269254,Pink Ego Box
TRLUGVB128F428E704,SOWLYQH12A58A7A5F8,ARJWOHS1187FB4361D,Tracey Ullman,Breakaway,You Broke My Heart In Seventeen Places,1983,296.88118,0.561726465212,0.390790186576,pop,80s; pop; rock; female vocalists; performed on top of the pops,298,73,90.338253,0,300.0,49.72374999999998,0.06215468749999998,0.015064116128349264,0.8295740460702011,Secrets
TRURSTR12903CD0F40,SOSOAZJ12AB01872A2,ARMIBXP1187FB5B95C,KeKe Wyatt,Never Do It Again,Who Knew?,0,266.70975,0.619327421921,0.385868513058,r&b/soul,soul,525,140,82.243541,0,580.0,229.7974999999999,0.2872468749999999,0.07749689664349757,0.8252466006073952,Secrets
TRUXCBN128F1455C24,SONOYTE12A6D4F8697,ARYML1P1187B9AF39B,Devo,(I Can't Get Me No) Satisfaction,Personal Effects,1977,158.64118,0.707839968442,0.532445870959,punk,80s; cover; punk; fun; Awesome,320,72,81.67619,0,325.0,75.14125000000001,0.09392656250000002,0.025207049039470887,0.7810634895791748,Secrets
TRISBQQ128F93217A2,SOSKAYL12AB01884DE,ARPXABO1187FB4D15F,2Pac,Strictly 4 My N.I.G.G.A.Z.,Strictly 4 My N.I.G.G.A.Z.,0,355.47383,0.873186809178,0.517255770086,hip hop,Hip-Hop; hardcore rap; west coast hip-hop; leapsandbounds tapecollection; kaudogg,921,288,104.316825,0,785.0,333.9875000000008,0.417484375000001,0.08954557503562413,0.7336399052166613,Come Back
TRHQAPS128F42A51F4,SOSWVVV12A8C13C21C,AR6J3X81187FB59A7B,Matisyahu,Fire and Heights,Live at Stubb's,2005,260.15302,0.83059250647,0.639798164281,reggae,reggae; jewish reggae; jazz; instrumental; jewish american,621,190,71.386273,0,587.0,420.01750000000015,0.5250218750000002,0.1645954773746067,0.6991361369559487,Come Back
TRQXNHC12903CD80BA,SOFKHCP12A8AE460AF,ARV4GYZ1187B9B8171,Violent Femmes,Add It Up,Permanent Record: The Very Best Of The Violent Femmes,1983,284.3424,0.699072894926,0.522720094203,rock,alternative; 80s; rock; punk; indie,479,145,60.74537,0,454.0,201.80749999999975,0.2522593749999997,0.0927098941327491,0.6832630901618408,Come Back
TRBIQEH128F424A749,SOFJPUG12A6D4FCE49,ARGNQJ51187B99D650,Jeff Healey,How Blue Can You Get,Mess Of Blues,2008,535.06567,0.676523150999,0.473983255237,blues,great; layback; Hammond; Mean Blues; RUSTICA,181,64,28.478062,0,204.0,257.4362499999998,0.32179531249999976,0.25075262961977285,0.8627612946604267,Time Is On My Side
TRKGIOL12903CE2A72,SOJJMLG12AB018A903,ARGNQJ51187B99D650,Jeff Healey,I Think I Love You Too Much,Songs From The Road,2009,336.61342,0.676523150999,0.473983255237,blues,blues rock,183,66,36.359318,0,338.0,54.78249999999985,0.0684781249999998,0.041515913707802936,0.7448595925437613,Time Is On My Side
TRBWQXE128F92E26F6,SOQCSDL12A8C142A45,AR76DOS1187FB5AE78,The Jeff Healey Band,I Think I Love You Too Much,LIVE AT MONTREUX,1990,343.27465,0.716854351769,0.414236247722,blues,blues; blues rock; guitar; rock; Mark Knopfler,213,70,43.737855,0,407.0,48.931250000000155,0.06116406250000019,0.03080689790641017,0.7444792199988869,Time Is On My Side
TRGKRAK128F148B3D8,SOBRZDT12A6D4F955F,ARQFLML1187FB42060,Was (Not Was),How The Heart Behaves,Hello Dad...I'm In Jail,1990,234.9971,0.677741359685,0.391773653354,r&b/soul,body parts; the word heart; the word how; the word behave; funk,318,129,33.91165,0,111.0,73.30000000000014,0.09162500000000018,0.06070860342723282,0.5572722542229881,Fight (1994 Digital Remaster)
TRTDVZO128F146EB73,SOBKJLC12A6D4F83C4,AR4EUFM1187B99592B,Chicago,Caroline (Album Version),Chicago XXX,2006,218.5922,0.772094679029,0.568863547436,pop,pop,251,149,26.038433,0,125.0,165.58499999999955,0.20698124999999945,0.1788519464220558,0.5233326934478592,Fight (1994 Digital Remaster)
TREEGKN128F1461867,SOMDSNN12A6D4F6422,ARC5E541187FB52F8F,DAN SEALS,Addicted,Certified Hits,1988,254.48444,0.584243108109,0.369997654071,country,country; dan seals; Anns; neglect; in relationship,464,155,59.497899,0,186.0,112.80749999999985,0.1410093749999998,0.05296975401192401,0.5221491480345769,Fight (1994 Digital Remaster)
TROCUWL128F42565C2,SOHALBD12A8C137659,ARS8WH31187B9B8B04,Edu Lobo,Frevo Diabo,Corrupião 2ª Edição,0,222.37995,0.344062158743,0.0,jazz,jazz; experimental,82,39,10.86278,0,0.0,-7.560000000000017,-0.009450000000000021,-0.019028510932158262,0.856620455153528,This Ain't A Love Song
TRWYOSY128F93388F3,SOORHRX12AB0186FE6,ARWVD9K1187B9A583A,Pato Fu,Ninguem,Ruido Rosa,0,280.68526,0.595707233901,0.416189134448,rock,pato fu; good listening; female vocalists; beautiful; slow,66,38,7.874008,0,30.0,-4.724999999999998,-0.0059062499999999974,-0.016383998630349835,0.8156794059712633,This Ain't A Love Song
TROCIYN128F92F9D12,SOXGTRX12AB017D56E,AR8BEFM1187B99C2D0,Toranja,Fogo E Noite,Esquissos,0,220.26404,0.491926592946,0.350247755598,rock,4jsindie; 4madisi; Musica Portuguesa; 4fb; q4jslfm,122,62,16.0,0,26.0,-13.702499999999976,-0.01712812499999997,-0.023481828282845275,0.7965117364430734,This Ain't A Love Song
TRONRAH128F93236A2,SODXXDQ12A8C13A670,ARZXNFV1187B9BA2CD,Buddy Guy,I Need You Tonight,Playlist: The Very Best Of Buddy Guy,1998,316.81261,0.66869553768,0.573024928953,blues,blues; singer-songwriter; Chicago Blues; guitar; Awesome Guitar Jams,135,60,23.473389,0,233.0,50.35875000000021,0.06294843750000026,0.05926594379134802,0.7658825940157861,Superman Tonight
TRZSQNU128F1461A9A,SOSKIZH12A6D4F7B05,ARTYQLR1187B98DA19,Eternal,Oh Baby I,Changing Faces - The Best Of Louise,0,273.21424,0.61510281663,0.379554849312,r&b/soul,rnb; soul; pop; love song; Mellow,444,95,79.636675,0,600.0,355.0825,0.44385312499999996,0.12326615063058245,0.7523423759422514,Superman Tonight
TRNODEK128E07861DD,SOJUCFF12A670203A2,ARNHMFD1187FB3B3F6,LL Cool J,Lollipop,10,2002,287.242,0.749217793049,0.544321914839,hip hop,all time faves; rap; Hip-Hop; rnb; groove,667,214,86.521674,0,887.0,283.1500000000001,0.3539375000000001,0.09107096576251328,0.7497942686549671,Superman Tonight
TRTCZAW128F1456003,SOEJTXX12A6D4F6FBB,AR93D4D1187FB3ACAD,J.J. Cale,Runaround,Shades,1981,161.12281,0.675771369617,0.435468898816,blues,blues; music; freakey stylish; touch of jazz,119,61,21.725561,0,249.0,77.9575000000003,0.09744687500000036,0.09906087251965726,0.7312355349589922,Bad Obsession
TRYNZAL128F1464B5A,SOPHSDC12B0B8081BB,ARBJ22B1187B9AD31C,Norah Jones,Humble Me,Feels Like Home,2004,276.40118,0.84051102527,0.644012990425,jazz,jazz; female vocalists; norah jones; singer-songwriter; Mellow,237,96,36.91883,0,409.0,107.93125000000019,0.13491406250000024,0.08092125081325766,0.7307132784180268,Bad Obsession
TRENJZP128F1469F82,SOAEHVN12A6D4F698C,ARQ2J9K1187B98E722,Keziah Jones,Functional,Liquid Sunshine,1999,184.47628,0.645749137693,0.458355574224,folk,guitar; acoustic; favorites; just love it; excellent,89,51,18.138357,0,219.0,21.391249999999946,0.02673906249999993,0.03249774169199472,0.7304268651601521,Bad Obsession
TRIHHXT128F1488F87,SOUMOFX12A6D4F93DC,AR5OH2Z1187B9A46A9,Iggy Pop,Innocent World,Naughty Little Doggie,1996,207.46404,0.789018488522,0.573554543514,punk,punk; Iggy Pop; living legend; singer-songwriter; punk rock,201,73,25.298221,0,56.0,142.76000000000013,0.17845000000000016,0.1559676475152062,0.48097246820530587,Anything That's Part Of You
TRXBJIE128F1469646,SOQKXWU12A6D4F722D,AR60ODO1187FB4D9AB,Joan Baez,Edge Of Glory,Play Me Backwards,1992,256.33914,0.732261286176,0.455289243597,folk,folk; singer-songwriter; female; Joan Baez; country,174,83,21.260292,0,150.0,70.28750000000022,0.08785937500000028,0.09207847042642868,0.46640030614203476,Anything That's Part Of You
TRRADNO128F9323757,SODRSEX12AB0182ECD,AR080801187B9A57B5,Malfunkshun,Winter Bites,Return To Olympus,1995,458.29179,0.506823776891,0.36128792154,rock,Grunge; alternative; rock; seattle; winter,178,69,27.239677,0,179.0,37.28749999999995,0.04660937499999994,0.037764951578823265,0.4653598078888131,Anything That's Part Of You
TRVQAYG128E0788B57,SODYNXX12A58A7B472,ARC70XM1187FB4D5B0,Free,Goin' Down Slow,Chronicles,0,500.61016,0.713686249595,0.468604580569,blues,blues; rock; blues rock; extreme wild sex; rythm blues,150,64,22.847319,0,154.0,65.34250000000004,0.08167812500000006,0.07949864738537886,0.8425563226950468,So I Thought
TRWUNDW128F147093F,SOFZLVC12A6D4F9068,ARNHMFD1187FB3B3F6,LL Cool J,I Can't Live Without My Radio,Radio,1985,331.88526,0.749217793049,0.544321914839,hip hop,Hip-Hop; rap; 80s; LL Cool J; hip hop,745,248,81.82909,0,487.0,195.20500000000024,0.2440062500000003,0.06659853527568231,0.719060803850647,So I Thought
TRDPGXU128F9339C2A,SOELYON12AB01876A3,ARLHO5Z1187FB4C861,Beastie Boys,B-Boy Bouillabaisse: A.W.O.L. (2009 Digital Remaster),Paul's Boutique (20th Anniversary Remastered Edition),0,105.56036,0.853124523276,0.591628024008,hip hop,hip hop; leapsandbounds CDCollection,1746,505,153.652205,0,1067.0,751.1762500000004,0.9389703125000005,0.1386179883576813,0.7088917186370954,So I Thought
TRRZSBO128F428BE44,SOGEKBX12A8C13ACE1,ARPDVPJ1187B9ADBE9,Usher,Nice & Slow,Live,1997,390.76526,0.856448923652,0.851233891127,r&b/soul,rnb; slow jams; 90s; hip hop; sexy,469,139,69.382995,0,791.0,284.30250000000046,0.3553781250000006,0.11409431314383146,0.6876064788793005,You're All I've Got Tonight
TRXZGWQ128E078E781,SOHUDYH12A6701F64B,AROISRS11F43A69F49,B.B. King,Buzz Me,Let The Good Times Roll:  The Music Of Louis Jordan,1990,172.56444,0.641126734432,0.467666633846,blues,blues,178,73,28.124722,0,344.0,44.90875000000013,0.05613593750000016,0.04429206166772106,0.6778587124077989,You're All I've Got Tonight
TRUICTA128F92F0AFB,SODRNQZ12A8C140D9C,AR25G5E1187B9911A8,Gene Vincent,Lotta Lovin',Be Bop A Lula,1982,131.86567,0.721727353795,0.452328206954,rock,rockabilly; 50s; Rock and Roll; oldies; rock n roll,227,47,52.440442,0,462.0,27.749999999999748,0.034687499999999684,0.01452234511883514,0.6754140952626001,You're All I've Got Tonight
TRYGKRK128F9353545,SODGJRD12A8151C98D,ARK7EJE1187B99B045,Junior Boys,Double Shadow,So This Is Goodbye,2006,262.00771,0.729560759569,0.486519292031,electronic,electronic; electronica; electro; electropop; indie electronic,85,43,24.269322,0,195.0,72.11625000000036,0.09014531250000045,0.08114615612816768,0.625383134339158,Signal Fire
TRSYOTR128E078E784,SOVNOVA12A6701F64E,AROISRS11F43A69F49,B.B. King,Jack_ You're Dead!,Let The Good Times Roll:  The Music Of Louis Jordan,0,129.48853,0.641126734432,0.467666633846,blues,blues,220,95,35.735137,0,288.0,147.71125000000006,0.1846390625000001,0.11420716955452782,0.5890967050579077,Signal Fire
TRGZOOM128F92EEFDE,SOXDFPC12A8C1411AE,AREH0IP119B8667CB3,Annotations of an Autopsy,Human Dust,Before The Throne Of Infection,2008,234.9971,0.720936882596,0.404361464464,metal,deathcore; Brutal Death Metal; grindcore; metalcore; death metal,106,48,16.552945,0,122.0,41.46249999999991,0.05182812499999989,0.06888823227028489,0.5879645281724128,Signal Fire
TRQYLYP12903CC26F6,SOFXBUV12AB0187A06,ARVT7941187B9AEB48,Barry White,Never Gonna Give You Up,A Portrait of Dionne & Barry (CD2),1995,290.01098,0.724093528768,0.541876865526,r&b/soul,soul; Disco; Love; sexy; smooth,442,97,70.270904,0,621.0,353.66499999999957,0.4420812499999995,0.13989723875473453,0.7431193241296802,The Lightning Strike
TRNHSZN128F930FF03,SOQOIDA12AF72A1430,ARMV0L61187B9B4964,Clawfinger,Revenge,A Whole Lot Of Nothing,2001,242.75546,0.661176989938,0.46190246429,metal,metal; rap; industrial; crossover; industrial metal,522,171,87.441409,0,799.0,300.7424999999995,0.3759281249999994,0.0951429419717602,0.7231410674892677,The Lightning Strike
TREBGAA128E078FC52,SOVYGAV12A58A7C3A9,AR24DZB1187FB3C869,Erykah Badu,I Want You,Worldwide Underground,2003,653.13914,0.855731901717,0.584841725537,r&b/soul,soul; Neo-Soul; female vocalists; rnb; Erykah Badu,617,98,153.163312,0,1246.0,889.1887500000007,1.1114859375000008,0.15911386708581834,0.7118811943460382,The Lightning Strike
TRECFYC128F93017EB,SOWMWFU12AB017C0CF,ARBZ6CQ1187FB3CBE6,The Small Faces,Tin Soldier,Ogdens Nut Gone Flake,1967,202.89261,0.70334828853,0.419198846449,rock,60s; classic rock; mod; rock; british,228,83,36.578682,0,390.0,31.112500000000043,0.038890625000000054,0.023529477800416657,0.7315763405328334,Dumb
TRISFKH128F9336E63,SODDPWA12A58A7D263,ARLHO5Z1187FB4C861,Beastie Boys,So What'Cha Want (Butt Naked Version) (Explicit) (2009 Digital Remaster),Check Your Head (Remastered Edition),0,206.47138,0.853124074136,0.586311859258,hip hop,hip hop,536,176,72.470684,0,553.0,264.35750000000013,0.33044687500000014,0.10140807837392897,0.7240171627443229,Dumb
TRIWDKR128F429D9EE,SORIQSX12A8AE48E21,AR54RGR1187FB51D10,Common,I Want You,Finding Forever,2007,270.47138,0.865128983978,0.53481975015,hip hop,Hip-Hop; rap; common; hip hop; Love,509,162,77.369245,0,617.0,386.30250000000024,0.48287812500000027,0.13837064777454516,0.7163838363114696,Dumb
TRNDHUJ128F92FCFEB,SOCSIYM12A58A78C96,AR4JPOE1187FB412B3,Etta Jones,On The Street Where You Live,Don't Go To Strangers,1960,222.71955,0.511457786787,0.414338520755,jazz,jazz; blues; beautiful,203,87,25.298221,0,176.0,109.83749999999988,0.13729687499999985,0.12154378656455048,0.5449282039397296,Something In The Way
TRNFHLX12903CC5B12,SOPZHUT12AB0184E13,AR8XRHT1187FB56693,Autograph,The City,Stone Land,0,265.63873,0.579741075895,0.514656068652,hip hop,autograph nuevo,307,160,30.199338,0,214.0,225.82750000000019,0.28228437500000025,0.21203353712741732,0.5440043609374288,Something In The Way
TRFBASZ128F42317D3,SOZLPUA12A6D4FDD70,ARDCX511187B9A9733,Dawn of Relic,The Awakening,Lovecraftian Dark,2000,316.81261,0.491242527675,0.325178293296,metal,black metal; Melodic Death Metal; finnish metal; Dark metal,286,127,33.763886,0,299.0,231.58499999999975,0.2894812499999997,0.1902376458551742,0.5436916485145954,Something In The Way
TRFXREK12903CE855F,SOEXYMX12A8C142B31,AR95CGQ1187B9AF17D,Raine Maida,Earthless,The Hunter's Lullaby,2007,180.45342,0.59605270121,0.407676475742,folk,Canadian; Raine Maida; aitchinternational; acoustic; aitch,228,98,32.969683,0,120.0,191.1287499999994,0.23891093749999925,0.16042501330345865,0.6954373744336728,Oh! Gravity.
TRMFKTA128F92FE268,SODQSYC12AB017D23C,ARXM0T41187B9AE5C5,The Bluetones,Carnt Be Trusted,Expecting To Fly,1996,208.37832,0.624284642173,0.456079756622,pop,britpop; indie; 1990s; 90s; indie rock,178,100,23.30236,0,157.0,115.2712499999997,0.14408906249999962,0.13799283408945134,0.6738423092694977,Oh! Gravity.
TRMUEBU128E079125C,SOPAOEI12A6701E04D,ARBM5JV1187B9ACD9B,Suzanne Vega,Neighborhood Girls,Suzanne Vega,1985,202.21342,0.755279125938,0.571190289589,folk,folk; rock; suzanne vega; Alternative Folk; female,292,121,38.052595,0,154.0,302.9924999999999,0.3787406249999999,0.2228162624338871,0.6582289699281426,Oh! Gravity.
TRAQYXB128F92EC315,SOKOORN12AB0183046,ARQCFI11187FB5AE43,George Jones,Who Shot Sam,The Best Of George Jones,0,144.48281,0.730265183221,0.472204525841,country,country; rockabilly; Honky Tonk; law; rock n roll - surf,194,87,20.712315,0,35.0,86.41375000000001,0.10801718750000001,0.11595161704985217,0.48924194357973777,Hotel Yorba
TRPCRIV12903CD6882,SOOLNTY12AB017EA09,AR3I6YW1187B990DAA,Thursday,Unintended Long Term Effects,Common Existence [Deluxe Edition],2009,138.47465,0.771685623,0.540151210513,punk,emo; screamo; post-hardcore; Alternate Rock; audioase,165,86,17.521415,0,77.0,103.55624999999992,0.1294453124999999,0.16375423195837557,0.4641938517020844,Hotel Yorba
TRGJECL128F146752C,SOWYIYP12A6D4F93A9,AR5LE4K1187FB4C3BE,John Hiatt,Trudy And Dave,Slow Turning,1988,267.25832,0.686221995069,0.486072379666,rock,rock; hopuke42; mg names and addresses; pivudo45,268,132,27.440845,0,130.0,136.09625000000003,0.17012031250000004,0.13993519657864745,0.4567400573695089,Hotel Yorba
TREHMYJ128F42BA1E6,SOBOEJV12A8C1424C0,ARAOQ5T1187FB435AB,Björk,Hunter,Hunter,1997,551.05261,0.853153520662,0.559129441527,electronic,electronic; alternative; experimental; female vocalists; bjork,107,50,23.259407,0,108.0,26.336250000000092,0.03292031250000012,0.031014517052821194,0.7478620173818923,Prickly Thorn_ But Sweetly Worn (Live)
TRZKMDX128F4277845,SOHAZHB12A8C13D09F,AR10B9G1187FB561CE,Lucky Dube,Slave,Best Of,1990,268.35546,0.663224673954,0.44697979301,reggae,reggae; slave; zimbabwe; african stuff; wonderful song,288,70,52.144031,0,189.0,50.18374999999981,0.06272968749999977,0.026361154575067994,0.7431234341591371,Prickly Thorn_ But Sweetly Worn (Live)
TRHSDRF128F9309C33,SOHXFKE12A58A7F761,ARDLRLV1187B99ABE4,Mc Chris,hoodie ninja,mc chris is dead,2008,179.51302,0.738366505452,0.542901788316,hip hop,nerdcore; Tag; Teenage angst; ninja; hip hop,481,160,76.065761,0,330.0,334.2025,0.417753125,0.12101346135151485,0.7343834461458388,Prickly Thorn_ But Sweetly Worn (Live)
TROYKQM128F428CCED,SOTGYAV12A8C139BF5,AR3MSAN1187B98F06B,OutKast,Mainstream,ATLiens,1996,320.23465,0.796420043773,0.574497025958,hip hop,outkast; hip hop; rap; southern hip-hop; 90s,863,310,83.114379,0,657.0,608.712499999999,0.7608906249999987,0.20777241877608912,0.6097343640520281,St. Andrew (This Battle Is In The Air)
TRZCJFR128F42A12E8,SOELUKE12AF729BF22,AR2SGQW1187B9B9E7C,KRS-One,The Truth,KRS-One,1995,227.16036,0.730246318613,0.52048957098,hip hop,hip hop; Hip-Hop; KRS-One-The Truth; Timeless HipHop; backup vox,548,199,58.215118,0,376.0,425.95624999999995,0.5324453124999999,0.20560630303551108,0.5940372323642429,St. Andrew (This Battle Is In The Air)
TRXQJUQ128E078E19F,SOTNJHU12A67020A20,ARPANXO1187B9B468A,Public Enemy,By The Time I Get To Arizona,Power To The People And The Beats - Public Enemy's Greatest Hits,1991,240.50893,0.73502984911,0.473501291523,hip hop,Hip-Hop; hip hop; rap; 90s; golden age,537,237,46.808119,0,247.0,495.46124999999955,0.6193265624999994,0.300407558887557,0.5924037187626203,St. Andrew (This Battle Is In The Air)
TRKIRIG128E0791EB7,SOZXGHG12A67021D1E,ART1WOW1187B98DA1E,Floetry,Getting Late,Floetic,2002,409.02485,0.690117614132,0.531635267753,r&b/soul,Neo-Soul; soul; rnb; floetry; Neo Soul,520,119,92.477024,0,825.0,354.7974999999997,0.44349687499999957,0.10596545410149719,0.6770895663159936,I Was Meant For the Stage
TRADWLM128F42678B1,SOLAPAF12A8C134290,ARXAXVV1187B9AE099,Ringo Starr,Where Did Our Love Go,Bad Boy,1978,197.58975,0.73241477092,0.454555159218,rock,british; The Beatles; beatles; classic rock; great cover,281,53,84.793868,0,707.0,57.102500000000155,0.0713781250000002,0.018422702276340183,0.6549535701737295,I Was Meant For the Stage
TRNZNSR128F429F04B,SOIFMOR12A8C13C0CD,AR20CFC1187B98A25D,Ray Charles,Don't You Know,The Best Of The Early Years,0,176.06485,0.759911216828,0.673207274956,r&b/soul,soul; blues; rnb; RCharles; classic RB,214,76,36.11094,0,370.0,115.74999999999987,0.14468749999999983,0.08888487775797196,0.6464082644947164,I Was Meant For the Stage
TRJXBDJ128F4292591,SOKEMWN12A8C1391E4,ARRB3GQ1187FB52D14,Angie Stone,Snowflakes,Mahogany Soul,2001,229.77261,0.726636383856,0.473502744277,r&b/soul,soul; female vocalists; Neo-Soul; rnb; RB,353,136,50.229473,0,456.0,141.41624999999982,0.17677031249999978,0.07836194277362483,0.7468851531855419,Alpha Beta Parking Lot
TRFRIIR128F4268777,SONMOIN12D021904DF,ARJGQDS1187B99DDEA,Billie Holiday,You're My Thrill,The Complete Original American Decca Recordings,1951,196.88444,0.795691914662,0.580435109953,jazz,jazz; female vocalists; oldies; Watchmen; 40s Jazz,110,45,21.260292,0,144.0,65.2099999999997,0.08151249999999961,0.08431436232713367,0.738753613119203,Alpha Beta Parking Lot
TRVVIWJ128F42697BA,SOGVLHO12A8AE48809,AR2XI6G1187B9AE7DA,Fat Joe,Preacher On A Sunday Morning,The Elephant In The Room,2008,208.66567,0.822908534132,0.572027853681,hip hop,fat joe; Hip-Hop; new york; gangsta; freeway - til the sun comes up,544,208,68.956508,0,688.0,154.39624999999998,0.1929953125,0.06255088958520676,0.7293311130045336,Alpha Beta Parking Lot
TRKBSYP128F42647E7,SOMKVEE12A8C133265,AR3R83L1187B9B01B0,Rosanne Cash,I Don't Know Why You Don't Want Me,The Very  Best Of Rosanne Cash,1985,200.28036,0.638384205204,0.513897736047,country,country; 80s; ChrisCountryPop; easy listening; chris-softcountry,359,91,78.396428,0,735.0,76.78499999999978,0.09598124999999973,0.026968153251973125,0.6798085459155652,An Ode To No One
TRNFUAB128E0792001,SOZDIOV12A6701D7E9,AR76ZQP1187FB56A79,The Temptations,Ain't Too Proud To Beg,Lost & Found:The Temptations: You've Got To Earn It (1962-1968),1966,150.54322,0.709227648439,0.633353702739,r&b/soul,soul; motown; oldies; 60s; rhythm and blues,345,85,62.585941,0,508.0,36.08625,0.0451078125,0.015877526464086886,0.6764863879419155,An Ode To No One
TRTXZGM128F428B62B,SOFGKDT12A8C1399DD,ARAEX7Y1187FB42D36,Toni Braxton,Love Affair,Toni Braxton,1993,268.45995,0.7379725284,0.555968803752,r&b/soul,rnb; female vocalists; Smooth Jazz; soul; Mellow,266,100,40.274061,0,319.0,231.19000000000023,0.2889875000000003,0.1594404826317246,0.6718583327067758,An Ode To No One
TRXZNNF12903CA6F9B,SOWEIIN12AB018066C,ARO4WQR1187B9B9825,Kenny Rogers,Endless love,Les plus grands succès de la chansons américaine,1999,225.802,0.649874264468,0.6779575534,country,Mellow; country; singer-songwriter; beautiful; love songs,174,75,30.757113,0,294.0,61.19999999999983,0.07649999999999979,0.05504704017007248,0.8005471699107188,Over My Head (Cable Car)
TRPJPVB128F930A092,SOJJTVX12AB018419D,ARQSLGK1187FB47CF3,KC And The Sunshine Band,All My Love,The TK Years,1974,266.23955,0.679828559573,0.472258000637,r&b/soul,funk; laidback; disco funk,412,87,83.09633,0,808.0,217.5712500000001,0.27196406250000016,0.07218450514294572,0.7958443985893945,Over My Head (Cable Car)
TRNZPAS128F148D3EB,SODLMGE12A6D4F8B22,ARK9IDJ1187FB4365F,Jesse Johnson,Love Struck,Ultimate Collection: Jesse Johnson,1988,321.2273,0.531554135646,0.352168588026,r&b/soul,soul; funk; pop; rock; Jesse Johnson  Love Struck,321,108,55.865911,0,642.0,125.33874999999973,0.15667343749999968,0.06185872180744481,0.7886094621163531,Over My Head (Cable Car)
TRTPMBB128F42934F8,SOKRKJD12A8C13C4AC,AR2N24K1187B999361,Sage Francis,Keep Moving,Human The Death Dance,2007,276.06159,0.724706201256,0.524949698458,hip hop,Hip-Hop; test; brilliant; I like; Great Lyricists,660,246,71.386273,0,546.0,287.51250000000033,0.3593906250000004,0.11319138138170197,0.7320518413479381,No I In Threesome
TRCHZXW128E079288A,SOMEJDK12D0219BB71,ARTH9041187FB43E1F,Eminem,8 Mile,8 Mile,2002,359.3922,0.886183647684,0.852677055416,hip hop,rap; Hip-Hop; Eminem; Soundtrack; hip hop,1141,328,132.992481,0,768.0,507.52375000000114,0.6344046875000015,0.10709045199029754,0.7305031946642642,No I In Threesome
TREBQOW128F92C4549,SOLIKYJ12A8C13F7DA,AR54RGR1187FB51D10,Common,Book Of Life,thisisme then: the best of common,1994,306.85995,0.865128983978,0.53481975015,hip hop,Hip-Hop; hip hop; hiphop; rap; Jazz Hop,569,226,78.663842,0,373.0,293.21500000000054,0.36651875000000067,0.10351864197737916,0.7262730392025629,No I In Threesome
TRLNCCP128F426504E,SOTDFPU12A8C131D17,ARPIRQD1187B9AE9CA,Michael Penn,Comfort,Resigned,1997,182.09914,0.586180551385,0.453792345409,rock,rock,258,84,45.628938,0,513.0,108.97000000000007,0.1362125000000001,0.06587060906888255,0.7396263576290866,Pace Is The Trick
TRUGLTC128F4227B93,SOUSFNM12A6D4FCDAD,AR4503S1187FB43199,Danity Kane,Hold Me Down (Album Version),Danity Kane,2006,237.60934,0.854297752323,0.531302988552,r&b/soul,dance; Hold Me Down; Danity Kane; rnb; party,766,149,159.499216,0,1912.0,367.87749999999977,0.4598468749999997,0.06344838689244828,0.7128451506719742,Pace Is The Trick
TRJKOIH12903CE7D34,SOKVBFV12A6D4FD87F,AR1STU51187FB50050,Thomas Dybdahl,U,Cecilia,2006,253.75302,0.618653051084,0.424486357571,pop,pop; singer-songwriter; acoustic; norwegian; kribling,91,42,19.026298,0,206.0,41.04500000000014,0.05130625000000017,0.0592565473667712,0.7077361064019645,Pace Is The Trick
TRBPVOG128F427FF29,SOQLHFS12B35058AB4,ARIO65L1187FB4D25F,The Allman Brothers Band,Stormy Monday,Live At The Atlanta International Pop Festival July 3 & 5_ 1970,1971,543.81669,0.773658523509,0.536731087429,blues,blues; blues rock; Southern Rock; classic rock; rock,157,57,24.839485,0,132.0,56.88625000000002,0.07110781250000002,0.06318896874739147,0.6434700723020346,Embryo
TRSEOHB128F14673A3,SOFQQFO12A6D4F873D,ARAYCK21187B98EBFD,John Lee Hooker,Down At The Landing,House Of The Blues,1959,176.03873,0.777911231473,0.471373274121,blues,blues; Detroit Blues; 60s; 50s; i feel good,168,59,26.758176,0,72.0,22.342499999999994,0.02792812499999999,0.02306996635413971,0.6284792501050726,Embryo
TRNNTYK128F421EE39,SOFULAU12A6D4FCE05,ARRU9GR1187FB43F56,Blind Willie McTell,Searching The Dessrt For The Blues,Blind Willie McTell -Statesboro Blues - The Early Years 1927-1935,0,187.68934,0.59142365907,0.385344913733,blues,blues; piedmont blues; Old Blues; slgdmblues; good ole homely country folk playing banjo yodeling,294,130,33.808283,0,216.0,37.64625000000004,0.047057812500000046,0.031343560880833725,0.6090872519073925,Embryo
TRZZGQY128F9303766,SOFTHYS12AB0186340,ARH6Y6L1187B9B3D05,Unbelievable Truth,There If You Want It,Solved,1998,239.35955,0.536145884805,0.35459396112,folk,acoustic,200,66,33.570821,0,235.0,279.90874999999954,0.3498859374999994,0.22989496116044386,0.5565985979527733,Borderline
TRTCRXD128F9359EB2,SOJWCSF12AB018AC93,ARJQZ1U1187FB5B3B0,Cobra Skulls,Timing,American Rubicon,2009,104.80281,0.58755300781,0.440827041753,punk,punk; punk rock,132,73,17.635192,0,121.0,159.19375000000014,0.19899218750000017,0.25109817691053554,0.5465430717298986,Borderline
TRMVVWQ128F422BB64,SOLMWNS12A81C209CB,AR9NG3Y1187B9895EE,McFly,The Way You Make Me Feel,All The Greatest Hits,2007,215.92771,0.881130656541,0.596200125876,reggae,my addiction; gawuss; europejska; geraldini; McFly Love B-side,327,111,41.036569,0,334.0,133.6624999999998,0.16707812499999974,0.09036343797628163,0.543234433113183,Borderline
TRFCNIJ128F423F32E,SOTBYQW12A6D4FE74B,ARBJ22B1187B9AD31C,Norah Jones,Don't Know Why (Live),Live In 2007,0,196.30975,0.84051102527,0.644012990425,jazz,Jazz Vocal Tag; Jazz-KH,165,66,33.763886,0,155.0,25.507500000000082,0.031884375000000104,0.020787712962242175,0.6793185998910751,March Of The Pigs
TRVVBPB128F4250C72,SOJCRPR12A8C135F02,AR940HF1187B99CB72,Classified,Freezin In The Cold,Hitch Hikin' Music,2006,272.06485,0.625813213015,0.461771925906,hip hop,Canadian; hiphop; rap; toronto; Hip-Hop,684,229,88.4138,0,492.0,386.40874999999943,0.4830109374999993,0.12190791513064848,0.6667078537910779,March Of The Pigs
TRGZDBB128F4270A4C,SOLWDNH12D021B2402,ARH861H1187B9B799E,Johnny Cash,I Don't Know Where I'm Bound,At San Quentin (The Complete 1969 Concert),2000,143.80363,0.842332789509,0.747251065679,country,country; singer-songwriter; male vocalists; cash; 60s,213,80,41.641326,0,221.0,55.947499999999934,0.06993437499999992,0.036959748080820365,0.6647700293478881,March Of The Pigs
TRDLQGL128F1458AA5,SOBMJJH12A6D4F64E4,ARYML1P1187B9AF39B,Devo,Whip It,Hot Potatoes: The Best Of Devo,1980,158.04036,0.707839968442,0.532445870959,pop,80s; new wave; pop; alternative; rock,208,62,36.027767,0,159.0,211.03499999999977,0.2637937499999997,0.16099125770903863,0.7446538247626132,Burn
TRBVPVV128F425F14F,SOOHYOB12CF5F87A28,ARF8HTQ1187B9AE693,Daft Punk,Touch It / Technologic,Alive 2007,2007,329.45587,0.844450642835,1.01049028868,electronic,electronic; dance; techno; House; Daft Punk,687,175,153.756301,0,495.0,1060.738750000001,1.325923437500001,0.18929618905858062,0.7372643527460826,Burn
TRLGMJP128F92E033F,SOXFFVS12A8C145964,AR6IHPG1187FB55C49,Swans,Time Is Money (Bastard),Redefining The Prologue,1986,375.84934,0.621786487332,0.46337678985,electronic,industrial; 80s; angry; Harsh; 1985,178,32,44.553339,0,279.0,146.32625000000053,0.18290781250000065,0.08995765036733995,0.7230840866317141,Burn
TRGLNKG128F9307689,SOFVLYU12AB017F502,ARTH9041187FB43E1F,Eminem,My Darling,Relapse [Deluxe],2009,320.49587,0.871010615313,0.879236744738,hip hop,rap; detroit; Hip-Hop; Horrorcore; MOONH8SUN,1055,293,140.089257,0,1342.0,526.13875,0.6576734375,0.10487690141652044,0.762569443222694,Something I Can Never Have
TROGUOT128F147F39A,SOPFDRI12A6D4F83F4,ARHTAPO1187FB5AADE,Iron Maiden,Phantom Of The Opera (Live) (1998 Digital Remaster),Live After Death,1985,441.12934,0.798760725027,0.583910002743,metal,metal; Majors beloved FM,199,95,30.298515,0,315.0,158.25499999999988,0.19781874999999985,0.14470836345633212,0.7519765908265119,Something I Can Never Have
TRGNWZK128F42960A4,SONGESQ12A8C13A1F1,ARP4QTX1187FB380D5,Syleena Johnson,All Of Me,Chapter 1: Love_ Pain & Forgiveness,2002,226.16771,0.596177786209,0.391806139045,r&b/soul,smooth; soul; rnb; female vocalists; Neo-Soul,366,69,76.400262,0,868.0,379.07624999999945,0.4738453124999993,0.13673932871022737,0.7469127858324941,Something I Can Never Have
TRDBLNP128F93427D7,SOKJNEM12A58A7967A,AREWAAS1187B98C490,Robert Johnson,32 20 Blues,Walking Blues,0,172.93016,0.693352616951,0.452024988052,blues,blues; guitar,293,85,43.046487,0,251.0,116.81124999999979,0.14601406249999974,0.07551933280585595,0.6855150363674519,It's Your World Now
TRBJSDA128F42413CC,SOEJRJB12A8C13177C,ARP2SG11187FB5A81B,Once Nothing,The Dust Of A Town,First Came The Law,2008,214.93506,0.652811338259,0.466069512599,metal,hardcore; metalcore; christian; Good Stuff; melodic metalcore,143,87,17.0,0,121.0,80.8312500000003,0.10103906250000037,0.1331608606000627,0.6679150172978023,It's Your World Now
TRQMION128E078F6F6,SOGCDMQ12A58A7AB2E,ARR3RE41187FB52D1D,Jodeci,My Phone,Forever My Lady,1991,350.9024,0.700414793385,0.535371189814,jazz,new jack swing; rnb; rhythum and blues tag; 90s; 90s Rnb,396,112,53.842363,0,529.0,266.76874999999944,0.3334609374999993,0.13877556365031013,0.6672072895572354,It's Your World Now
TRZCHKB128F92CB740,SOFCVMN12A8C141F62,AR4RBOB1187B9AC209,Anastacia,Club Megamix,Pieces Of A Dream,0,708.72771,0.583808862216,0.323553746888,rock,Slow Rock; pop; dance; party; female vocalist,749,201,98.020406,0,1056.0,332.2399999999991,0.4152999999999989,0.09500332699422537,0.8571963253815612,Something There Is About You
TRVZCMZ128F92F15D2,SOPULLR12AAF3B2654,ARQT9SA1187B9AD3C7,Steely Dan,I Can't Function,Stone Piano,1987,240.5873,0.659552079428,0.505062403561,rock,classic rock; Miscellaneous; mr dad; tantotempotaste,271,108,42.497059,0,384.0,82.66249999999994,0.10332812499999992,0.05388962479231113,0.8326713400123041,Something There Is About You
TRYDNTB128F9331278,SOCEMVQ12AB0181AD2,ARKVLYL1187B98DD50,Ginuwine,Only When ur Lonely,Ginuwine... The Bachelor,1996,349.75302,0.78626800889,0.496705942843,r&b/soul,rnb; soft lips; 90s; chillin; raga love songs,362,114,57.463032,0,694.0,136.20249999999996,0.17025312499999995,0.06593049483250452,0.8207180620203305,Something There Is About You
TRWHWLL128F4264927,SOWJYSB12A8C131F92,ARWXN7M1187B98C47D,Babyface,I Love You Babe,A Collection Of His Greatest Hits,1989,249.49506,0.668786232311,0.553991396655,r&b/soul,soul; rnb; babyface productions; modern rnb; love songs,340,68,62.361847,0,606.0,448.88875000000024,0.5611109375000003,0.1986519468748952,0.6888011507565659,From Underneath
TRAEPAC12903CE5DC8,SOELRRQ12AB0188C34,AR20CFC1187B98A25D,Ray Charles,Let's Go,Genius + Soul = Jazz,0,160.93995,0.759912526334,0.673207274956,jazz,ray charles; garden party; Songs to Read By; drjazzmrfunkmusic,155,60,32.802439,0,432.0,13.452499999999995,0.016815624999999994,0.011284950279216766,0.6723252299189463,From Underneath
TRCFPJF128F428A872,SOKCCML12D021B0FC6,AR66H0N1187B9AE91E,Etta James,I Just Want To Make Love To You,Live From San Francisco,1960,182.25587,0.774411519667,0.641347950577,blues,blues; soul; female vocalists; jazz; 50s,263,57,51.797683,0,559.0,59.73375000000017,0.07466718750000022,0.03170896238615531,0.6684519522363954,From Underneath
TRKIRIG128E0791EB7,SOZXGHG12A67021D1E,ART1WOW1187B98DA1E,Floetry,Getting Late,Floetic,2002,409.02485,0.690117614132,0.531635267753,r&b/soul,Neo-Soul; soul; rnb; floetry; Neo Soul,520,119,92.477024,0,825.0,354.7974999999997,0.44349687499999957,0.10596545410149719,0.6965289843863239,Turn It On
TRYYJHJ128F9340B19,SOKGVJH12A58A77920,ARS8GNX1187B9B5141,The Black Keys,Grown So Ugly,Rubber Factory,2004,147.93098,0.835271500301,0.7417239014,blues,blues; blues rock; rock; alternative; indie,109,65,15.588457,0,129.0,17.50124999999998,0.021876562499999978,0.03120141966836862,0.6433976891717632,Turn It On
TRYOUMI128E078F4DE,SOUCZAI12A6701DF5D,AR0MC4G1187B9AE836,K-Ci & JoJo,Baby Come Back,Love Always,1997,256.05179,0.645988951263,0.544614576924,blues,rhythm and blues,538,99,111.171039,0,846.0,53.0562499999998,0.06632031249999976,0.013141643683300914,0.6385329069955674,Turn It On
TRVEXTN128F145FEFD,SONBNVW12A6D4F6295,AR7SF1N1187B9A91D1,John Berry,Your Love Amazes Me,Greatest Hits,0,234.68363,0.566013953545,0.463771722463,country,country; lovesong; love songs; Favourite Songs; slow,171,71,28.460499,0,417.0,103.50749999999972,0.12938437499999966,0.10056530090428177,0.7457613868097619,Something On My Mind
TRKQESA128F4275C67,SOUNRLC12A8C138114,ARRY64L1187FB57E38,Steve Wariner,Love Me Like You Love Me,Burnin' The Roadhouse Down,1998,246.9873,0.542305957572,0.472602815329,country,country; damn; YEAH i do; the ones that hit my heart,224,104,38.781439,0,555.0,219.80500000000004,0.27475625000000004,0.15686024831069914,0.7284091836433744,Something On My Mind
TRJYWGA128F428B005,SOOQDTH12A8C1390CA,ARKTHKM1187B9B59A4,Phyllis Hyman,You Know How To Love Me,The Legacy Of Phyllis Hyman,1996,452.46649,0.578440148285,0.481931323563,r&b/soul,soul; Disco; female vocalists; Phyllis Hyman; You Know How To Love Me,554,119,113.960519,0,1581.0,202.7262499999997,0.25340781249999966,0.048898778052850075,0.706128592602767,Something On My Mind
